# Solid Utah Teapot (CC0)
# Deterministic AVBD Z-up meter normalization
# input-sha256 d1d1a31dd8e6dfade0caf94a25847c47c650f2cd249e9c86acdaaa3ecc4be00f
# source-up-axis z
# uniform-scale 0.075
# post-bake-translation -0.0468178988 -0.00703190267 -1.50000001e-09
# vertices 4719 triangles 9438
v -0.0103162974 -0.00474943127 0.641637623
v -0.0100084953 -1.30850822e-07 0.641637564
v -0.0444637239 -1.30850822e-07 0.642864585
v -0.0112147965 -0.0092819063 0.641637564
v 0.0121275261 -0.00787085574 0.638169408
v 0.012637604 -1.29919499e-07 0.638169408
v -0.0103162974 0.00474917144 0.641637564
v -0.0126666464 -0.0135601312 0.641637623
v 0.0106384046 -0.0153822554 0.638169408
v 0.0247006789 -0.00961932912 0.632780612
v 0.0253242254 -1.28988177e-07 0.632780552
v 0.0121275261 0.00787067041 0.638169408
v -0.0112147965 0.00928164646 0.641637564
v -0.014634423 -0.0175467543 0.641637564
v 0.00823225453 -0.0224724561 0.638169408
v 0.0228806585 -0.0187994801 0.632780552
v 0.0292363837 -0.0102497032 0.625791013
v 0.0299008042 -1.27125531e-07 0.625791013
v 0.0247006789 0.00961914659 0.632780552
v 0.0106384046 0.015382072 0.638169408
v -0.0126666464 0.0135598667 0.641637564
v -0.0170807708 -0.0212043561 0.641637564
v 0.00497110188 -0.0290792789 0.638169408
v 0.0199399069 -0.0274648331 0.632780552
v 0.0272969529 -0.020031577 0.625791013
v 0.0275677815 -0.0100169005 0.617521226
v 0.0282172039 -1.26194209e-07 0.617521226
v 0.0292363837 0.0102495253 0.625791013
v 0.0228806585 0.0187992938 0.632780552
v 0.00823225453 0.0224721972 0.638169408
v -0.014634423 0.0175464917 0.641637623
v -0.0199681986 -0.0244956557 0.641637564
v 0.000916901976 -0.0351409316 0.638169408
v 0.015954107 -0.03553956 0.632780552
v 0.0241631567 -0.0292650536 0.625791013
v 0.0256720036 -0.0195767749 0.617521226
v 0.0215278044 -0.00917569827 0.608290851
v 0.022122927 -1.22468919e-07 0.608290792
v 0.0275677815 0.0100166518 0.617521226
v 0.0272969529 0.0200314 0.625791013
v 0.0199399069 0.0274645686 0.632780552
v 0.00497110188 0.0290790983 0.638169408
v -0.0170807708 0.0212041661 0.641637564
v -0.0232594963 -0.0273830835 0.641637564
v -0.0038683936 -0.040595457 0.638169408
v 0.0109990761 -0.0429479852 0.632780552
v 0.0199158341 -0.0378692783 0.625791013
v 0.0226089284 -0.0286009256 0.617521226
v 0.0197907314 -0.0179332215 0.608290672
v 0.012949679 -0.00798109639 0.598420143
v 0.0134676285 -1.20606273e-07 0.598420143
v 0.0215278044 0.0091755297 0.608290792
v 0.0256720036 0.0195765998 0.617521226
v 0.0241631567 0.0292648003 0.625791013
v 0.015954107 0.0355392992 0.632780552
v 0.000916901976 0.0351407491 0.638169408
v -0.0199681986 0.024495393 0.641637564
v -0.0269170981 -0.0298294351 0.641637623
v -0.00932292268 -0.0453807563 0.638169408
v 0.00515050068 -0.049614355 0.632780552
v 0.0146356784 -0.0457635596 0.625791013
v 0.0184574574 -0.0370102227 0.617521226
v 0.0169840753 -0.0262001734 0.608290851
v 0.0114379041 -0.0155989965 0.598420143
v 0.00366647914 -0.00668786885 0.588229358
v 0.00410087779 -1.18277967e-07 0.588229358
v 0.012949679 0.00798085611 0.598420143
v 0.0197907314 0.0179329775 0.608290792
v 0.0226089284 0.0286006741 0.617521226
v 0.0199158341 0.0378690138 0.625791013
v 0.0109990761 0.0429477207 0.632780552
v -0.0038683936 0.0405951962 0.638169408
v -0.0232594237 0.0273828916 0.641637564
v -0.0309037231 -0.0317972116 0.641637564
v -0.0153845698 -0.0494349562 0.638169408
v -0.00151587278 -0.0554629304 0.632780552
v 0.00840340555 -0.0528672636 0.625791013
v 0.0132965557 -0.0447259247 0.617521226
v 0.0131801553 -0.033904247 0.608290672
v 0.00899545476 -0.0227906704 0.598420143
v 0.00239845365 -0.0130722439 0.588229358
v -0.00448879972 -0.00555094145 0.578038633
v -0.0041275993 -1.15949661e-07 0.578038573
v 0.00366647914 0.00668770634 0.588229358
v 0.0114379041 0.0155987553 0.598420143
v 0.0169840753 0.0262000039 0.608290792
v 0.0184574574 0.0370100513 0.617521226
v 0.0146356784 0.0457633696 0.625791013
v 0.00515050068 0.0496141724 0.632780552
v -0.00932292268 0.0453804992 0.638169408
v -0.0269170981 0.0298291668 0.641637564
v -0.0351819471 -0.0332490578 0.641637564
v -0.0219913982 -0.0526961051 0.638169408
v -0.00892429799 -0.0604179576 0.632780552
v 0.00129970536 -0.0590995364 0.625791013
v 0.00720505044 -0.051668901 0.617521226
v 0.00845155492 -0.0409730747 0.608290792
v 0.00568525493 -0.0294931214 0.598420143
v 0.000349901617 -0.0191001445 0.588229358
v -0.00554284826 -0.0108511159 0.578038514
v -0.00968284905 -0.00482523814 0.568168044
v -0.00936822221 -1.13155693e-07 0.568167984
v -0.00448879972 0.00555078406 0.578038573
v 0.00239845365 0.0130720083 0.588229358
v 0.00899545476 0.0227904301 0.598420143
v 0.0131801553 0.0339040719 0.608290851
v 0.0132965557 0.0447256751 0.617521226
v 0.00840340555 0.0528669953 0.625791013
v -0.00151587278 0.0554627478 0.632780552
v -0.0153845698 0.0494347736 0.638169408
v -0.0309037231 0.0317969471 0.641637623
v -0.0397144221 -0.0341475606 0.641637564
v -0.0290815234 -0.0551022589 0.638169408
v -0.016999023 -0.0644037575 0.632780552
v -0.00659457594 -0.0643796921 0.625791013
v 0.000262077898 -0.0577604026 0.617521226
v 0.00287042931 -0.0473342799 0.608290792
v 0.00157045573 -0.0356432721 0.598420143
v -0.00242614746 -0.024718618 0.588229358
v -0.00724557415 -0.0158563182 0.578038573
v -0.0106010735 -0.00943376403 0.568167984
v -0.0100827478 -0.00476553617 0.558937788
v -0.00977134705 -1.12690032e-07 0.558937669
v -0.00968284905 0.00482501183 0.568167984
v -0.00554284826 0.010850884 0.578038573
v 0.000349901617 0.0190999079 0.588229358
v 0.00568525493 0.0294929557 0.598420143
v 0.00845148042 0.0409728996 0.608290672
v 0.00720505044 0.0516687259 0.617521226
v 0.00129970536 0.0590992719 0.625791013
v -0.00892429799 0.0604177713 0.632780552
v -0.0219913982 0.0526959226 0.638169408
v -0.0351819471 0.0332487971 0.641637564
v -0.0444637239 -0.034455359 0.641637564
v -0.0365929976 -0.0565913804 0.638169408
v -0.0256643724 -0.0673445091 0.632780552
v -0.015198797 -0.0686270148 0.625791013
v -0.00745362416 -0.0629213005 0.617521226
v -0.0034907721 -0.052915331 0.608290672
v -0.00328579545 -0.0411780477 0.598420143
v -0.00587667152 -0.0298745707 0.588229358
v -0.00955272093 -0.0205224417 0.578038514
v -0.0120841227 -0.0137870638 0.568167984
v -0.0109914467 -0.00931833684 0.558937669
v -0.0100827478 0.00476531405 0.558937669
v -0.0106010735 0.00943361223 0.568167984
v -0.00724557415 0.015856158 0.578038573
v -0.00242607296 0.0247183852 0.588229358
v 0.00157045573 0.0356430337 0.598420143
v 0.00287042931 0.0473340228 0.608290792
v 0.000262077898 0.0577601567 0.617521226
v -0.00659457594 0.0643794909 0.625791013
v -0.016999023 0.0644035712 0.632780552
v -0.0290815234 0.0551019982 0.638169408
v -0.0397144221 0.0341473706 0.641637623
v -0.049213022 -0.0341475606 0.641637623
v -0.0444637239 -0.0571014546 0.638169348
v -0.0348445214 -0.0691645294 0.632780552
v -0.0244321972 -0.0717608109 0.625791013
v -0.0158629231 -0.0670727789 0.617521226
v -0.0105595216 -0.0576440096 0.608290851
v -0.00882057101 -0.0460342988 0.598420143
v -0.00994872302 -0.0345151201 0.588229358
v -0.0124200471 -0.0248051677 0.578038573
v -0.0140932985 -0.017846439 0.568167984
v -0.0124588981 -0.0136201885 0.558937669
v -0.00492912531 -0.0110029848 0.550667644
v -0.00385534763 -0.00562675949 0.550667703
v -0.00348731875 -1.09430403e-07 0.550667703
v -0.00955272093 0.0205222107 0.578038633
v -0.00587667152 0.0298744068 0.588229358
v -0.00328579545 0.0411778055 0.598420143
v -0.0034907721 0.0529151484 0.608290792
v -0.00745362416 0.0629210547 0.617521226
v -0.015198797 0.068626821 0.625791013
v -0.0256643724 0.0673443228 0.632780552
v -0.0365929976 0.0565911233 0.638169408
v -0.0444637239 0.0344551727 0.641637564
v -0.0537455007 -0.0332490578 0.641637564
v -0.0523345247 -0.0565913804 0.638169408
v -0.0444637239 -0.0697880089 0.632780552
v -0.0342140719 -0.0737002343 0.625791013
v -0.0248869974 -0.0701358542 0.617521226
v -0.0182636734 -0.0614479296 0.608290792
v -0.0149707235 -0.050149098 0.598420143
v -0.0145892724 -0.0385871716 0.588229358
v -0.015803447 -0.0286603924 0.578038633
v -0.0165898986 -0.0215731896 0.568167984
v -0.0144466236 -0.0176324621 0.558937669
v -0.00666304678 -0.0160833355 0.550667703
v 0.00765422732 -0.0145051088 0.543589294
v 0.00906977803 -0.00741768302 0.543589354
v 0.00955495238 -1.08033419e-07 0.543589294
v -0.00385534763 0.00562654063 0.550667703
v -0.0109914467 0.0093181897 0.558937669
v -0.0120841227 0.013786912 0.568167984
v -0.0124200471 0.0248050094 0.578038514
v -0.00994872302 0.0345148779 0.588229358
v -0.00882057101 0.0460341312 0.598420143
v -0.0105595961 0.0576438233 0.608290672
v -0.0158629231 0.0670725256 0.617521226
v -0.0244322736 0.0717605501 0.625791013
v -0.0348445214 0.0691643506 0.632780612
v -0.0444637239 0.057101272 0.638169348
v -0.049213022 0.0341472998 0.641637564
v -0.0580237247 -0.0317972116 0.641637623
v -0.0598459244 -0.0551022589 0.638169408
v -0.0540829971 -0.0691645294 0.632780612
v -0.0444637239 -0.0743646622 0.625791013
v -0.0344469473 -0.0720316321 0.617521226
v -0.0265306234 -0.0642545819 0.608290792
v -0.0216731708 -0.0534592979 0.598420143
v -0.0197452214 -0.0420376956 0.588229358
v -0.0196586717 -0.0320437923 0.578038514
v -0.019535223 -0.0249286145 0.568167984
v -0.0169162229 -0.021316763 0.558937669
v -0.00901159644 -0.0208222102 0.550667524
v 0.00536845252 -0.0212023854 0.543589294
v 0.0249049067 -0.0193061568 0.537577868
v 0.0267889053 -0.00987280719 0.537577987
v 0.0274346545 -1.05705112e-07 0.537577927
v 0.00906977803 0.00741746742 0.543589294
v -0.00492912531 0.0110028405 0.550667703
v -0.0140932985 0.0178462863 0.568167984
v -0.0165898986 0.0215730369 0.568167984
v -0.015803447 0.0286601596 0.578038633
v -0.0145892724 0.0385869257 0.588229358
v -0.0149707235 0.0501488559 0.598420143
v -0.0182636734 0.0614476725 0.608290851
v -0.0248870738 0.0701355934 0.617521226
v -0.0342141464 0.0737000555 0.625791013
v -0.0444637239 0.0697878301 0.632780552
v -0.0523345247 0.0565911233 0.638169408
v -0.0537455007 0.0332487971 0.641637564
v -0.0620103478 -0.0298294351 0.641637564
v -0.0669360459 -0.0526961051 0.638169408
v -0.0632630736 -0.0673445091 0.632780552
v -0.0547133759 -0.0737002343 0.625791013
v -0.0444637239 -0.0726810545 0.617521048
v -0.0352881476 -0.065991655 0.608290792
v -0.0288648475 -0.0559017472 0.598420143
v -0.0253636967 -0.0448137522 0.588229358
v -0.0239413977 -0.0349111184 0.578038633
v -0.0228906479 -0.0278739389 0.568167984
v -0.0198292229 -0.0246346127 0.558937788
v -0.0119292475 -0.0251740105 0.550667703
v 0.00227237865 -0.0274495818 0.543589294
v 0.0218625292 -0.0282202102 0.537577927
v 0.0457246006 -0.025100505 0.532420278
v 0.0481741056 -0.012835905 0.532420337
v 0.0490136519 -1.0477379e-07 0.532420337
v 0.0267889053 0.00987267122 0.537577927
v 0.00765422732 0.0145048928 0.543589294
v -0.00666304678 0.0160831157 0.550667703
v -0.0124588981 0.0136199631 0.558937669
v -0.019535223 0.0249283873 0.568167984
v -0.0196586717 0.0320435613 0.578038573
v -0.0197452214 0.042037528 0.588229358
v -0.0216731708 0.0534590557 0.598420143
v -0.0265306234 0.0642543212 0.608290672
v -0.0344469473 0.0720313638 0.617521226
v -0.0444637239 0.0743644014 0.625791013
v -0.0540829971 0.0691643506 0.632780552
v -0.0598459244 0.0551019982 0.638169408
v -0.0580237247 0.0317969471 0.641637564
v -0.0656680241 -0.0273830835 0.641637564
v -0.0735429525 -0.0494349562 0.638169408
v -0.0719284266 -0.0644037575 0.632780552
v -0.0644952506 -0.0717608109 0.625791013
v -0.0544805005 -0.0720316321 0.617521226
v -0.0444637239 -0.0665867776 0.608290792
v -0.0364827476 -0.0574135222 0.598420143
v -0.0313915983 -0.0468623005 0.588229358
v -0.0286074486 -0.0372182652 0.578038573
v -0.026617324 -0.0303705391 0.568167984
v -0.0231470726 -0.0275476128 0.558937669
v -0.0153704733 -0.0290933605 0.550667703
v -0.00157392025 -0.0331865549 0.543589294
v 0.0177416578 -0.0365351588 0.537577868
v 0.0417691842 -0.0366899557 0.532420337
v 0.0690152571 -0.0315825343 0.527902901
v 0.0720973089 -0.0161506794 0.527902901
v 0.0731536821 -1.03842467e-07 0.527902901
v 0.0481741056 0.0128357708 0.532420337
v 0.0249049067 0.0193059426 0.537577927
v 0.00536845252 0.0212022439 0.543589294
v -0.00901159644 0.0208219923 0.550667703
v -0.0144466236 0.0176322404 0.558937788
v -0.0169162229 0.0213165395 0.558937669
v -0.0198292229 0.0246344656 0.558937788
v -0.0228906479 0.0278737135 0.568167984
v -0.0239413977 0.0349109583 0.578038514
v -0.0253636967 0.0448135771 0.588229358
v -0.0288648475 0.0559015051 0.598420143
v -0.0352881476 0.0659913942 0.608290851
v -0.0444637239 0.0726807863 0.617521048
v -0.0547133759 0.0737000555 0.625791013
v -0.0632631481 0.0673443228 0.632780552
v -0.0669360459 0.0526959226 0.638169408
v -0.0620103478 0.0298291668 0.641637623
v -0.068959251 -0.0244956557 0.641637564
v -0.0796045959 -0.0453807563 0.638169408
v -0.0800031498 -0.0604179576 0.632780552
v -0.0737286508 -0.0686270148 0.625791013
v -0.0640404522 -0.0701358542 0.617521226
v -0.0536393747 -0.065991655 0.608290851
v -0.0444637239 -0.0579313971 0.598420143
v -0.0377759747 -0.048130326 0.588229358
v -0.0336127207 -0.0389209948 0.578038573
v -0.0306766983 -0.0323797166 0.568167984
v -0.0268313736 -0.030017212 0.558937788
v -0.0192898232 -0.0325345844 0.550667644
v -0.00611044839 -0.0383533835 0.543589294
v 0.0126222298 -0.0441709869 0.537577927
v 0.0364114791 -0.0475004613 0.532420278
v 0.0640383288 -0.0461649299 0.527902901
v 0.0936787128 -0.0384466797 0.523812473
v 0.0974305868 -0.0196608268 0.523812592
v 0.0987165272 -1.03842467e-07 0.523812473
v 0.0720973089 0.0161505416 0.527902901
v 0.0457246006 0.0251002982 0.532420337
v 0.0218625292 0.0282199904 0.537577927
v 0.00227237865 0.0274493694 0.543589294
v -0.0119292475 0.025173869 0.550667644
v -0.0153704733 0.0290931426 0.550667703
v -0.0231470726 0.0275473893 0.558937669
v -0.0266173966 0.0303703137 0.568167984
v -0.0286075231 0.0372181088 0.578038573
v -0.0313915983 0.0468620509 0.588229358
v -0.0364827476 0.05741328 0.598420143
v -0.0444637239 0.0665865242 0.608290792
v -0.0544805005 0.0720313638 0.617521226
v -0.0644952506 0.0717605501 0.625791013
v -0.0719284266 0.0644035712 0.632780552
v -0.0735429525 0.0494347736 0.638169408
v -0.0656680241 0.0273828916 0.641637564
v -0.0718467534 -0.0212043561 0.641637564
v -0.0850590467 -0.040595457 0.638169408
v -0.087411575 -0.0554629304 0.632780552
v -0.0823328793 -0.0643796921 0.625791013
v -0.073064521 -0.0670727789 0.617521226
v -0.0623968244 -0.0642545819 0.608290672
v -0.0524447002 -0.0574135222 0.598420143
v -0.0444637239 -0.0485647246 0.588229358
v -0.0389128998 -0.0399750434 0.578038573
v -0.0350300744 -0.0338627622 0.568167984
v -0.0308436472 -0.0320049375 0.558937669
v -0.0236416236 -0.0354522355 0.550667703
v -0.0112772733 -0.042889908 0.543589294
v 0.00658413023 -0.0510479584 0.537577927
v 0.0297556072 -0.0574281402 0.532420337
v 0.0572971106 -0.0597671568 0.527902901
v 0.0876200497 -0.0561983548 0.523812473
v 0.118616581 -0.0453871042 0.519935429
v 0.123045772 -0.0232100524 0.519935429
v 0.124563858 -1.01979822e-07 0.519935429
v 0.0974305868 0.0196606982 0.523812473
v 0.0690152571 0.0315824002 0.527902901
v 0.0417691842 0.0366898142 0.532420337
v 0.0177416578 0.0365349427 0.537577927
v -0.00157392025 0.0331863426 0.543589294
v -0.00611044839 0.0383531675 0.543589294
v -0.0192898232 0.0325343609 0.550667703
v -0.0268313736 0.0300169885 0.558937669
v -0.0336127207 0.0389208347 0.578038514
v -0.0377759747 0.0481300764 0.588229358
v -0.0444637239 0.0579312369 0.598420143
v -0.0536393747 0.0659913942 0.608290792
v -0.0640404522 0.0701355934 0.617521226
v -0.0737286508 0.068626821 0.625791013
v -0.0800031498 0.0604177713 0.632780552
v -0.0796045959 0.0453804992 0.638169408
v -0.068959251 0.024495393 0.641637564
v -0.0742930248 -0.0175467543 0.641637623
v -0.089844346 -0.0351409316 0.638169408
v -0.0940780267 -0.049614355 0.632780552
v -0.0902272314 -0.0590995364 0.625791013
v -0.0814739019 -0.0629213005 0.617521226
v -0.070663847 -0.0614479296 0.608290851
v -0.0600625984 -0.0559017472 0.598420143
v -0.0511514731 -0.048130326 0.588229358
v -0.0444637239 -0.0403362438 0.578038633
v -0.0396385975 -0.0347809903 0.568167984
v -0.0351454988 -0.033472389 0.558937669
v -0.0283804983 -0.0378007889 0.550667703
v -0.0170142483 -0.0467362106 0.543589294
v -0.00029284507 -0.0570860617 0.537577868
v 0.0219052061 -0.0663690418 0.532420337
v 0.0489223078 -0.0722585544 0.527902901
v 0.0794136971 -0.0727568567 0.523812473
v 0.111464292 -0.0663434565 0.519935429
v 0.142730892 -0.0520984009 0.516058266
v 0.147814974 -0.0266421251 0.516058326
v 0.149557605 -1.01048499e-07 0.516058266
v 0.123045772 0.0232099202 0.519935429
v 0.0936787128 0.0384464711 0.523812473
v 0.0640383288 0.0461647995 0.527902901
v 0.0364114791 0.0475002378 0.532420337
v 0.0126222298 0.0441708453 0.537577868
v 0.00658413023 0.0510477461 0.537577927
v -0.0112772733 0.0428896956 0.543589294
v -0.0236416236 0.0354520865 0.550667524
v -0.0306767728 0.0323794894 0.568167984
v -0.0389128998 0.0399748869 0.578038633
v -0.0444637239 0.048564475 0.588229358
v -0.0524447002 0.05741328 0.598420143
v -0.0623968244 0.0642543212 0.608290792
v -0.073064521 0.0670725256 0.617521226
v -0.0823328793 0.0643794909 0.625791013
v -0.087411575 0.0554627478 0.632780552
v -0.0850590467 0.0405951962 0.638169408
v -0.0718467534 0.0212041661 0.641637564
v -0.0762607977 -0.0135601312 0.641637564
v -0.0938986242 -0.0290792789 0.638169408
v -0.0999266058 -0.0429479852 0.632780552
v -0.0973308533 -0.0528672636 0.625791013
v -0.0891895294 -0.0577604026 0.617521226
v -0.0783679262 -0.0576440096 0.608290672
v -0.0672542751 -0.0534592979 0.598420143
v -0.0575358495 -0.0468623005 0.588229358
v -0.0500146225 -0.0399750434 0.578038633
v -0.0444637239 -0.0350956172 0.568168044
v -0.039698299 -0.0343810879 0.558937669
v -0.0334607735 -0.0395347103 0.550667703
v -0.023261372 -0.0498322845 0.543589294
v -0.00792867318 -0.062205486 0.537577927
v 0.0129643045 -0.0742194429 0.532420278
v 0.0390446559 -0.0835084766 0.527902901
v 0.0692187324 -0.0879631788 0.523812473
v 0.101776466 -0.0858911574 0.519935369
v 0.134520933 -0.0761534572 0.516058266
v 0.164923385 -0.0582748018 0.511967719
v 0.170610175 -0.0298006013 0.511967719
v 0.172559366 -1.01048499e-07 0.511967719
v 0.147814974 0.0266419239 0.516058266
v 0.118616581 0.0453869738 0.519935429
v 0.0876200497 0.0561981499 0.523812473
v 0.0572971106 0.0597670302 0.527902901
v 0.0297556072 0.0574279204 0.532420278
v 0.0219052061 0.0663688928 0.532420337
v -0.00029284507 0.0570859239 0.537577927
v -0.0170142483 0.046736069 0.543589294
v -0.0283804983 0.0378006361 0.550667703
v -0.0308436472 0.032004714 0.558937669
v -0.0350300744 0.0338625424 0.568167984
v -0.0444637239 0.0403360091 0.578038633
v -0.0511515476 0.0481300764 0.588229358
v -0.0600625984 0.0559015051 0.598420143
v -0.070663847 0.0614476725 0.608290792
v -0.0814739019 0.0629210547 0.617521226
v -0.0902272314 0.0590992719 0.625791013
v -0.0940780267 0.0496141724 0.632780552
v -0.089844346 0.0351407491 0.638169408
v -0.0742930248 0.0175464917 0.641637564
v -0.0777126476 -0.0092819063 0.641637564
v -0.0971597731 -0.0224724561 0.638169408
v -0.104881629 -0.03553956 0.632780552
v -0.10356313 -0.0457635596 0.625791013
v -0.0961325765 -0.051668901 0.617521226
v -0.0854367539 -0.052915331 0.608290792
v -0.0739568025 -0.050149098 0.598420143
v -0.0635637492 -0.0448137522 0.588229358
v -0.0553147234 -0.0389209948 0.578038514
v -0.0492888503 -0.0347809903 0.568168044
v -0.0444637239 -0.0346924886 0.558937788
v -0.0388370752 -0.0406084843 0.550667703
v -0.0299587231 -0.0521180592 0.543589294
v -0.0162436236 -0.0663263649 0.537577927
v 0.00303662568 -0.0808753148 0.532420337
v 0.0277947336 -0.093386136 0.527902842
v 0.0571942851 -0.101658106 0.523812413
v 0.0897410512 -0.103842556 0.519935369
v 0.123400599 -0.0985916555 0.516058207
v 0.155740082 -0.085181661 0.511967659
v 0.18409586 -0.0636107475 0.507450342
v 0.190303385 -0.0325292498 0.507450461
v 0.192431062 -9.87201929e-08 0.507450342
v 0.170610175 0.0298004001 0.511967719
v 0.142730892 0.0520982742 0.516058266
v 0.111464292 0.0663432479 0.519935429
v 0.0794136971 0.07275673 0.523812473
v 0.0489223078 0.0722584277 0.527902901
v 0.0390446559 0.0835082754 0.527902961
v 0.0129643045 0.0742192194 0.532420397
v -0.00792867318 0.0622053444 0.537577868
v -0.0232614484 0.0498321466 0.543589294
v -0.033460848 0.0395345613 0.550667644
v -0.0351454988 0.0334721655 0.558937669
v -0.0396385975 0.0347807631 0.568168044
v -0.0444637239 0.0350953862 0.568168044
v -0.0500146225 0.0399748869 0.578038573
v -0.0575358495 0.0468620509 0.588229358
v -0.0672542751 0.0534590557 0.598420143
v -0.0783679262 0.0576438233 0.608290851
v -0.0891895294 0.0577601567 0.617521226
v -0.0973308533 0.0528669953 0.625791013
v -0.0999266058 0.0429477207 0.632780552
v -0.0938986242 0.0290790983 0.638169408
v -0.0762607977 0.0135598667 0.641637623
v -0.0786111504 -0.00474943127 0.641637564
v -0.0995658487 -0.0153823309 0.638169408
v -0.108867422 -0.0274648331 0.632780552
v -0.108843349 -0.0378692783 0.625791013
v -0.102224007 -0.0447259247 0.617521226
v -0.0917978734 -0.0473342799 0.608290792
v -0.0801068693 -0.0460342988 0.598420143
v -0.0691822246 -0.0420376956 0.588229358
v -0.0603200011 -0.0372182652 0.578038573
v -0.0538974479 -0.0338627622 0.568167984
v -0.0492291488 -0.0343810879 0.558937788
v -0.0444637239 -0.0409765095 0.550667703
v -0.0370461494 -0.0535336062 0.543589294
v -0.0251576714 -0.069368735 0.537577927
v -0.00777386874 -0.0862330049 0.532420278
v 0.0153033286 -0.101760931 0.527902901
v 0.0434993505 -0.113682553 0.523812413
v 0.0755458847 -0.120009705 0.51993525
v 0.109585613 -0.119197451 0.516058207
v 0.143301412 -0.110279955 0.511967659
v 0.174071655 -0.0929812789 0.507450342
v 0.199150085 -0.0678004771 0.502292693
v 0.205766499 -0.0346718505 0.502292752
v 0.208034307 -9.7323209e-08 0.502292693
v 0.190303385 0.0325291269 0.507450342
v 0.164923385 0.0582746789 0.511967719
v 0.134520933 0.0761533231 0.516058266
v 0.101776466 0.0858909488 0.51993531
v 0.0692187324 0.0879629776 0.523812473
v 0.0571942851 0.101657897 0.523812473
v 0.0277947336 0.0933860019 0.527902961
v 0.00303662568 0.0808751732 0.532420278
v -0.0162436236 0.0663261488 0.537577927
v -0.0299587231 0.0521179214 0.543589294
v -0.0388370752 0.0406082608 0.550667703
v -0.039698299 0.0343808644 0.558937788
v -0.0635637492 0.0448135771 0.588229358
v -0.0739568025 0.0501488559 0.598420143
v -0.0854367539 0.0529151484 0.608290672
v -0.0961325765 0.0516687259 0.617521226
v -0.10356313 0.0457633696 0.625791013
v -0.104881629 0.0355392992 0.632780552
v -0.0971597731 0.0224721972 0.638169408
v -0.0777126476 0.00928164646 0.641637564
v -0.0789190233 -1.30850822e-07 0.641637564
v -0.101054974 -0.00787085574 0.638169408
v -0.111808173 -0.0187994801 0.632780552
v -0.113090679 -0.0292650536 0.625791013
v -0.107384905 -0.0370102227 0.617521226
v -0.097378999 -0.0409730747 0.608290672
v -0.0856416523 -0.0411780477 0.598420143
v -0.0743382499 -0.0385871716 0.588229358
v -0.0649860501 -0.0349111184 0.578038514
v -0.0582507476 -0.0323797166 0.568167984
v -0.0537820235 -0.033472389 0.558937669
v -0.0500903726 -0.0406084843 0.550667703
v -0.0444637239 -0.0540187098 0.543589354
v -0.0345910229 -0.0712527335 0.537577927
v -0.0193633232 -0.0901884288 0.532420278
v 0.00170110539 -0.108502157 0.527902901
v 0.0282930285 -0.123877533 0.523812413
v 0.0593787283 -0.134204879 0.51993525
v 0.0932914019 -0.13775523 0.516058147
v 0.127848566 -0.133328661 0.511967659
v 0.16049403 -0.120377734 0.507450342
v 0.18846567 -0.0991055444 0.502292633
v 0.208987981 -0.0705385059 0.496281356
v 0.215871572 -0.0360719487 0.496281415
v 0.218230993 -9.63918865e-08 0.496281356
v 0.205766499 0.0346716531 0.502292693
v 0.18409586 0.0636105537 0.507450342
v 0.155740082 0.0851815268 0.511967719
v 0.123400599 0.0985915288 0.516058207
v 0.0897410512 0.103842355 0.51993531
v 0.0755458847 0.120009497 0.51993531
v 0.0434993505 0.113682352 0.523812532
v 0.0153033286 0.101760723 0.527902961
v -0.00777386874 0.0862327963 0.532420397
v -0.0251576714 0.0693685263 0.537577927
v -0.0370461494 0.0535333939 0.543589354
v -0.0444637239 0.0409762897 0.550667703
v -0.0444637239 0.0346922651 0.558937788
v -0.0492888503 0.0347807631 0.568167984
v -0.0553147234 0.0389208347 0.578038573
v -0.0603200011 0.0372181088 0.578038573
v -0.0691822246 0.042037528 0.588229358
v -0.0801068693 0.0460341312 0.598420143
v -0.0917978734 0.0473340228 0.608290792
v -0.102224007 0.0447256751 0.617521226
v -0.108843349 0.0378690138 0.625791013
v -0.108867422 0.0274645686 0.632780552
v -0.0995658487 0.015382072 0.638169408
v -0.0786112249 0.00474917144 0.641637623
v -0.101565123 -1.29919499e-07 0.638169348
v -0.113628127 -0.00961932912 0.632780552
v -0.116224401 -0.0200316515 0.625791013
v -0.111536376 -0.0286009256 0.617521226
v -0.102107674 -0.033904247 0.608290851
v -0.0904979706 -0.0356432721 0.598420143
v -0.0789787248 -0.0345151201 0.588229358
v -0.0692688525 -0.0320437923 0.578038573
v -0.062310122 -0.0303705391 0.568167984
v -0.0580837987 -0.0320049375 0.558937669
v -0.0554666743 -0.0395347103 0.550667644
v -0.0518812984 -0.0535336062 0.543589354
v -0.0444637239 -0.0718984827 0.537577987
v -0.0316279233 -0.0926379338 0.532420278
v -0.0128812976 -0.113479085 0.527902901
v 0.0117345303 -0.132083893 0.523812413
v 0.0414273292 -0.146240279 0.51993525
v 0.0747336298 -0.154049441 0.516058147
v 0.109622657 -0.154086486 0.511967659
v 0.143626317 -0.145536855 0.507450402
v 0.173993811 -0.128306493 0.502292633
v 0.197872147 -0.103107773 0.496281326
v 0.218205422 -0.0363953225 0.491716743
v 0.21126011 -0.0711708292 0.491716743
v 0.215670139 -0.0490895063 0.491716743
v 0.219049186 -0.0234949794 0.491716743
v 0.220585972 -9.54605639e-08 0.491716743
v 0.215871632 0.036071822 0.496281356
v 0.199150085 0.0678003579 0.502292693
v 0.174071655 0.0929810777 0.507450402
v 0.143301412 0.110279821 0.511967719
v 0.109585613 0.119197249 0.516058207
v 0.0932914019 0.137755021 0.516058207
v 0.0593787283 0.134204671 0.519935429
v 0.0282930285 0.123877332 0.523812473
v 0.00170110539 0.108501948 0.527902961
v -0.0193633232 0.0901883021 0.532420278
v -0.0345910229 0.0712525994 0.537578046
v -0.0444637239 0.0540185682 0.543589354
v -0.0500903726 0.0406082608 0.550667703
v -0.0492291488 0.0343808644 0.558937669
v -0.0538974479 0.0338625424 0.568167984
v -0.0649860501 0.0349109583 0.578038633
v -0.0743382499 0.0385869257 0.588229358
v -0.0856416523 0.0411778055 0.598420143
v -0.097378999 0.0409728996 0.608290792
v -0.107384905 0.0370100513 0.617521226
v -0.113090679 0.0292648003 0.625791013
v -0.111808173 0.0187992193 0.632780552
v -0.101054974 0.00787067041 0.638169408
v -0.114251673 -1.28988177e-07 0.632780552
v -0.118163899 -0.0102497777 0.625791013
v -0.114599451 -0.0195768494 0.617521226
v -0.105911523 -0.0262001734 0.608290792
v -0.0946127027 -0.0294931214 0.598420143
v -0.0830507725 -0.0298745707 0.588229358
v -0.0731239989 -0.0286603924 0.578038633
v -0.0660368726 -0.0278739389 0.568167984
v -0.0620960742 -0.030017212 0.558937669
v -0.0605469495 -0.0378007889 0.550667703
v -0.0589687228 -0.0521180592 0.543589294
v -0.0543364249 -0.0712527335 0.537577987
v -0.0444637239 -0.0934774801 0.532420278
v -0.0283130724 -0.11656113 0.527902901
v -0.00601714849 -0.138142526 0.523812413
v 0.0218796283 -0.155928105 0.519935369
v 0.0541278273 -0.167864442 0.516058147
v 0.0888648331 -0.172312379 0.511967659
v 0.123731583 -0.168195337 0.507450342
v 0.156015024 -0.155122742 0.502292752
v 0.182815835 -0.133487865 0.496281326
v 0.200044602 -0.104032092 0.491716713
v 0.207768291 -0.0814017355 0.491716743
v 0.218205452 0.0363951996 0.491716743
v 0.219953448 0.00967048481 0.491716743
v 0.208987981 0.0705383122 0.496281385
v 0.18846567 0.0991054401 0.502292752
v 0.16049403 0.120377526 0.507450402
v 0.127848566 0.133328453 0.511967719
v 0.109622657 0.154086366 0.511967719
v 0.0747336298 0.154049218 0.516058266
v 0.0414273292 0.14624007 0.519935429
v 0.0117345303 0.132083684 0.523812473
v -0.0128812976 0.113478951 0.527902961
v -0.0316279233 0.0926377252 0.532420397
v -0.0444637239 0.0718982816 0.537578046
v -0.0518812984 0.0535333939 0.543589294
v -0.0554666743 0.0395345613 0.550667703
v -0.0537820235 0.0334721655 0.558937669
v -0.0582507476 0.0323794894 0.568167984
v -0.0692688525 0.0320435613 0.578038514
v -0.0789787248 0.0345148779 0.588229358
v -0.0904979706 0.0356430337 0.598420143
v -0.102107674 0.0339040719 0.608290672
v -0.111536376 0.0286006741 0.617521226
v -0.116224401 0.0200314 0.625791013
v -0.113628201 0.00961914659 0.632780612
v -0.118828252 -1.27125531e-07 0.625791013
v -0.116495229 -0.0100169005 0.617521226
v -0.108718172 -0.0179332215 0.608290792
v -0.0979229063 -0.0227906704 0.598420143
v -0.0865013748 -0.024718618 0.588229358
v -0.076507397 -0.0248051677 0.578038514
v -0.0693922266 -0.0249286145 0.568167984
v -0.0657803714 -0.0275476128 0.558937669
v -0.0652858242 -0.0354522355 0.550667524
v -0.0656660795 -0.0498322845 0.543589294
v -0.0637697726 -0.069368735 0.537577868
v -0.0572995991 -0.0926379338 0.532420278
v -0.0444637239 -0.11761751 0.527902901
v -0.0248029232 -0.1418944 0.523812413
v 0.000923354179 -0.163080409 0.519935369
v 0.031689629 -0.178984746 0.516058207
v 0.0658162087 -0.187765226 0.511967659
v 0.101073027 -0.188090131 0.507450342
v 0.134809911 -0.179273739 0.502292633
v 0.164110988 -0.161387131 0.496281385
v 0.18485333 -0.134684578 0.491716653
v 0.21126011 0.0711706951 0.491716743
v 0.197872147 0.103107661 0.496281385
v 0.173993811 0.128306314 0.502292752
v 0.143626317 0.145536661 0.507450402
v 0.123731583 0.168195203 0.507450402
v 0.0888648331 0.172312185 0.511967719
v 0.0541278273 0.167864218 0.516058266
v 0.0218796283 0.155927911 0.519935429
v -0.00601714849 0.138142332 0.523812473
v -0.0283131488 0.116560921 0.527902961
v -0.0444637239 0.0934772789 0.532420397
v -0.0543364994 0.0712525249 0.537577987
v -0.0589687228 0.0521179214 0.543589294
v -0.0605469495 0.0378006361 0.550667703
v -0.0580837987 0.032004714 0.558937669
v -0.062310122 0.0303703137 0.568167984
v -0.0660368726 0.0278737135 0.568167984
v -0.0731239989 0.0286601596 0.578038633
v -0.0830507725 0.0298744068 0.588229358
v -0.0946127027 0.0294929557 0.598420143
v -0.105911523 0.0262000039 0.608290851
v -0.114599451 0.0195765998 0.617521226
v -0.118163899 0.0102495253 0.625791013
v -0.117144652 -1.26194209e-07 0.617521048
v -0.110455252 -0.00917569827 0.608290792
v -0.100365356 -0.0155989965 0.598420143
v -0.0892774239 -0.0191001445 0.588229358
v -0.0793747976 -0.0205224417 0.578038633
v -0.0723375529 -0.0215731896 0.568167984
v -0.0690983012 -0.0246346127 0.558937788
v -0.0696377009 -0.0325345844 0.550667703
v -0.0719131976 -0.0467362106 0.543589294
v -0.0726838261 -0.0663263649 0.537577927
v -0.0695641264 -0.0901884288 0.532420218
v -0.0606143735 -0.11656113 0.527902901
v -0.0444637239 -0.143180355 0.523812532
v -0.0212536994 -0.167509601 0.519935369
v 0.00763457641 -0.187194705 0.516058207
v 0.0407178253 -0.20020391 0.511967659
v 0.0759138986 -0.204957858 0.507450342
v 0.110658929 -0.200478867 0.502292633
v 0.142049521 -0.186513335 0.496281326
v 0.165980816 -0.162833899 0.491716653
v 0.200044617 0.104031987 0.491716743
v 0.182815835 0.133487761 0.496281385
v 0.156015024 0.155122548 0.502292752
v 0.134809911 0.179273531 0.502292752
v 0.101073027 0.188089922 0.507450461
v 0.0658161268 0.187765107 0.511967719
v 0.031689629 0.178984627 0.516058266
v 0.000923279673 0.163080275 0.519935429
v -0.0248029977 0.141894206 0.523812652
v -0.0444637239 0.117617302 0.527902961
v -0.0572995991 0.0926377252 0.532420397
v -0.0637697726 0.0693685263 0.537577987
v -0.0656660795 0.0498321466 0.543589294
v -0.0652858242 0.0354520865 0.550667703
v -0.0620960742 0.0300169885 0.558937788
v -0.0693922266 0.0249283873 0.568167984
v -0.076507397 0.0248050094 0.578038573
v -0.0865013748 0.0247183852 0.588229358
v -0.0979229063 0.0227904301 0.598420143
v -0.108718172 0.0179329775 0.608290672
v -0.116495229 0.0100166518 0.617521226
v -0.111050375 -1.22468919e-07 0.608290792
v -0.101877123 -0.00798109639 0.598420143
v -0.0913259014 -0.0130722439 0.588229358
v -0.0816819519 -0.0158563182 0.578038573
v -0.0748341531 -0.0178465135 0.568167984
v -0.0720112249 -0.021316763 0.558937669
v -0.0735569745 -0.0290933605 0.550667703
v -0.0776501745 -0.042889908 0.543589294
v -0.0809987783 -0.062205486 0.537577868
v -0.0811536461 -0.0862330049 0.532420278
v -0.0760462284 -0.113479085 0.527902901
v -0.0641245246 -0.1418944 0.523812532
v -0.0444637239 -0.169027671 0.519935369
v -0.0178216975 -0.192278817 0.516058207
v 0.0138109811 -0.209387213 0.511967659
v 0.0485174507 -0.218535483 0.507450342
v 0.0838426799 -0.218457639 0.502292633
v 0.116923317 -0.208574817 0.496281326
v 0.143721595 -0.188185409 0.491716653
v 0.18485336 0.134684443 0.491716743
v 0.164110988 0.161386922 0.496281385
v 0.142049521 0.186513126 0.496281385
v 0.110658929 0.200478658 0.502292812
v 0.0759138986 0.204957724 0.507450402
v 0.0407178253 0.200203717 0.511967719
v 0.00763457641 0.187194586 0.516058266
v -0.0212537721 0.167509407 0.519935429
v -0.0444637984 0.143180162 0.523812652
v -0.0606143735 0.116560921 0.527902961
v -0.0695641264 0.0901883021 0.532420397
v -0.0726838261 0.0663261488 0.537577927
v -0.0719131976 0.046736069 0.543589294
v -0.0696376264 0.0325343609 0.550667644
v -0.0657803714 0.0275473893 0.558937669
v -0.0690983012 0.0246344656 0.558937788
v -0.0723375529 0.0215730369 0.568167984
v -0.0793747976 0.0205222107 0.578038514
v -0.0892774239 0.0190999079 0.588229358
v -0.100365356 0.0155987553 0.598420143
v -0.110455252 0.0091755297 0.608290851
v -0.102395073 -1.20606273e-07 0.598420143
v -0.0925939232 -0.00668786885 0.588229358
v -0.0833846778 -0.0108511159 0.578038573
v -0.0768433213 -0.0137871392 0.568167984
v -0.0744808242 -0.0176324621 0.558937788
v -0.076998204 -0.0251740105 0.550667644
v -0.0828170031 -0.0383533835 0.543589294
v -0.0886346698 -0.0570860617 0.537577927
v -0.0919640735 -0.0808753148 0.532420278
v -0.0906285495 -0.108502157 0.527902901
v -0.0829102993 -0.138142526 0.523812413
v -0.0676737502 -0.167509601 0.519935369
v -0.0444637239 -0.194021434 0.516058266
v -0.0146632232 -0.215074018 0.511967659
v 0.0191469342 -0.228559613 0.507450342
v 0.0546417311 -0.232929483 0.502292633
v 0.089024052 -0.227279663 0.496281326
v 0.118370086 -0.210444659 0.491716653
v 0.165980816 0.162833706 0.491716743
v 0.143721566 0.1881852 0.491716743
v 0.151194945 0.179673657 0.491716743
v 0.116923317 0.208574593 0.496281475
v 0.0838426799 0.218457431 0.502292752
v 0.0485174507 0.218535364 0.507450461
v 0.0138109811 0.209387004 0.511967719
v -0.0178216975 0.192278609 0.516058385
v -0.0444637984 0.169027552 0.519935429
v -0.0641245246 0.141894206 0.523812473
v -0.0760462284 0.113478951 0.527902961
v -0.0811536461 0.0862327963 0.532420397
v -0.0809987783 0.0622053444 0.537577927
v -0.0776501745 0.0428896956 0.543589294
v -0.0735569745 0.0290931426 0.550667703
v -0.0720112249 0.0213165395 0.558937669
v -0.0748341531 0.0178462863 0.568167984
v -0.0816819519 0.015856158 0.578038573
v -0.0913259014 0.0130720083 0.588229358
v -0.101877123 0.00798085611 0.598420143
v -0.0930283219 -1.18277967e-07 0.588229358
v -0.0844387263 -0.00555094145 0.578038573
v -0.0783263743 -0.00943376403 0.568167984
v -0.0764685497 -0.0136201885 0.558937669
v -0.0799159259 -0.0208222102 0.550667703
v -0.0873535275 -0.0331865549 0.543589294
v -0.095511578 -0.0510479584 0.537577927
v -0.101891756 -0.0742194429 0.532420337
v -0.104230776 -0.101760931 0.527902901
v -0.100661978 -0.132083893 0.523812413
v -0.0898507982 -0.163080409 0.519935369
v -0.0711057484 -0.192278817 0.516058266
v -0.0444637239 -0.217023253 0.511967719
v -0.0119345747 -0.234767213 0.507450283
v 0.0233367309 -0.243613899 0.502292633
v 0.058643952 -0.24233599 0.496281296
v 0.0902207643 -0.229317173 0.491716713
v 0.10003151 -0.222739637 0.491716653
v 0.118370086 0.210444421 0.491716772
v 0.089024052 0.227279454 0.496281415
v 0.0546417311 0.232929364 0.502292752
v 0.0191469342 0.228559494 0.507450461
v -0.0146632232 0.215073809 0.511967719
v -0.0444637984 0.19402124 0.516058385
v -0.0676737502 0.167509407 0.519935429
v -0.0829102993 0.138142332 0.523812473
v -0.090628624 0.108501948 0.527902961
v -0.0919640735 0.0808751732 0.532420397
v -0.0886346698 0.0570859239 0.537577868
v -0.0828170031 0.0383531675 0.543589294
v -0.076998204 0.025173869 0.550667703
v -0.0744808242 0.0176322404 0.558937669
v -0.0833846778 0.010850884 0.578038514
v -0.0925939232 0.00668763183 0.588229358
v -0.0847998485 -1.15949661e-07 0.578038633
v -0.0792445987 -0.00482523814 0.568167984
v -0.0779360011 -0.00931833684 0.558937669
v -0.0822644755 -0.0160833355 0.550667703
v -0.0911998972 -0.0274495818 0.543589294
v -0.101549752 -0.0441709869 0.537577868
v -0.110832728 -0.0663690418 0.532420337
v -0.116722248 -0.093386136 0.527902901
v -0.117220476 -0.123877533 0.523812413
v -0.110807076 -0.155928105 0.519935369
v -0.0965620279 -0.187194705 0.516058207
v -0.0742642283 -0.215074018 0.511967659
v -0.0444637239 -0.236894876 0.507450342
v -0.00979197398 -0.250230342 0.502292633
v 0.0260746777 -0.253451824 0.496281296
v 0.059568271 -0.244508415 0.491716653
v 0.0902207643 0.229316965 0.491716772
v 0.058643952 0.242335781 0.496281415
v 0.0233366564 0.243613794 0.502292752
v -0.0119345747 0.23476702 0.507450521
v -0.0444637984 0.21702306 0.511967838
v -0.0711057484 0.192278609 0.516058266
v -0.0898507982 0.163080275 0.519935429
v -0.100661978 0.132083684 0.523812473
v -0.104230851 0.101760723 0.527902961
v -0.101891756 0.0742192194 0.532420278
v -0.095511578 0.0510477461 0.537577927
v -0.0873535275 0.0331863426 0.543589294
v -0.0799159259 0.0208219923 0.550667524
v -0.0768433213 0.013786912 0.568167984
v -0.0844387263 0.00555078406 0.578038633
v -0.0795592219 -1.13155693e-07 0.568168044
v -0.0788446963 -0.00476553617 0.558937669
v -0.083998397 -0.0110030603 0.550667703
v -0.0942959785 -0.0212024599 0.543589294
v -0.106669173 -0.0365351588 0.537577927
v -0.118683055 -0.0574281402 0.532420278
v -0.127972096 -0.0835084766 0.527902901
v -0.132426798 -0.113682553 0.523812473
v -0.130354777 -0.146240279 0.519935369
v -0.120617077 -0.178984746 0.516058207
v -0.102738425 -0.209387213 0.511967659
v -0.0769928768 -0.234767213 0.507450342
v -0.0444636494 -0.25249812 0.502292693
v -0.00839179754 -0.260335445 0.496281296
v 0.0267070606 -0.255723953 0.491716653
v 0.0595682785 0.244508311 0.491716772
v 0.0260746777 0.253451586 0.496281415
v -0.00979197398 0.250230134 0.502292812
v -0.0444637984 0.236894682 0.507450521
v -0.0742642283 0.215073809 0.511967719
v -0.0965621024 0.187194586 0.516058266
v -0.110807076 0.155927911 0.519935429
v -0.117220551 0.123877332 0.523812473
v -0.116722248 0.0933860019 0.527902901
v -0.110832728 0.0663688928 0.532420337
v -0.101549752 0.0441708453 0.537577927
v -0.0911998972 0.0274493694 0.543589294
v -0.0822644755 0.0160831157 0.550667703
v -0.0764685497 0.0136199631 0.558937669
v -0.0783263743 0.00943361223 0.568167984
v -0.0792445987 0.00482501183 0.568168044
v -0.0791561007 -1.12690032e-07 0.558937788
v -0.0850721002 -0.00562675949 0.550667703
v -0.0965817571 -0.0145051088 0.543589294
v -0.110789977 -0.0282202102 0.537577927
v -0.125339001 -0.0475004613 0.532420337
v -0.137849748 -0.0722585544 0.527902842
v -0.14612174 -0.101658106 0.523812413
v -0.148306176 -0.134204879 0.519935369
v -0.143055275 -0.167864442 0.516058207
v -0.129645273 -0.20020391 0.511967659
v -0.108074374 -0.228559613 0.507450342
v -0.0791354775 -0.250230342 0.502292693
v -0.0444636494 -0.262694836 0.496281415
v -0.00806842744 -0.262669206 0.491716653
v 0.0267070085 0.255723715 0.491716772
v -0.00839187205 0.260335207 0.496281505
v -0.0444637984 0.252497971 0.502292812
v -0.0769929513 0.23476702 0.507450461
v -0.1027385 0.209387004 0.511967719
v -0.120617151 0.178984627 0.516058266
v -0.130354777 0.14624007 0.51993531
v -0.132426798 0.113682352 0.523812473
v -0.127972096 0.0835082754 0.527902961
v -0.118683055 0.0574279204 0.532420337
v -0.106669173 0.0365349427 0.537577868
v -0.0942959785 0.0212022439 0.543589294
v -0.083998397 0.0110028405 0.550667644
v -0.0779360011 0.0093181897 0.558937669
v -0.0788446963 0.00476531405 0.558937788
v -0.0854401216 -1.09430403e-07 0.550667703
v -0.0979972258 -0.00741768302 0.543589294
v -0.113832355 -0.0193061568 0.537577927
v -0.130696625 -0.0366899557 0.532420337
v -0.146224558 -0.0597671568 0.527902901
v -0.158146173 -0.0879631788 0.523812413
v -0.164473325 -0.120009705 0.51993525
v -0.163661078 -0.154049441 0.516058207
v -0.154743657 -0.187765226 0.511967659
v -0.137444898 -0.218535483 0.507450342
v -0.112264104 -0.243613899 0.502292633
v -0.0805356503 -0.260335386 0.496281356
v -0.0444636494 -0.265049815 0.491716653
v -0.00806849822 0.262669027 0.491716772
v -0.0444637984 0.262694597 0.496281564
v -0.0791354775 0.250230134 0.502292752
v -0.108074374 0.228559494 0.507450461
v -0.129645348 0.200203717 0.511967719
v -0.143055275 0.167864218 0.516058207
v -0.148306176 0.134204671 0.51993531
v -0.14612174 0.101657897 0.523812473
v -0.137849748 0.0722584277 0.527902961
v -0.125339001 0.0475002378 0.532420278
v -0.110789977 0.0282199904 0.537577927
v -0.0965817571 0.0145048928 0.543589294
v -0.0850721002 0.00562654063 0.550667703
v -0.0984824002 -1.08033419e-07 0.543589354
v -0.115716353 -0.00987280719 0.537577927
v -0.134652138 -0.025100505 0.532420337
v -0.152965784 -0.0461649299 0.527902901
v -0.16834116 -0.0727568567 0.523812473
v -0.178668499 -0.103842556 0.51993525
v -0.18221885 -0.13775523 0.516058147
v -0.177792281 -0.172312379 0.511967659
v -0.164841354 -0.204957858 0.507450342
v -0.143569171 -0.232929483 0.502292633
v -0.115002126 -0.253451824 0.496281296
v -0.0808590278 -0.262669265 0.491716653
v -0.0444637984 0.265049636 0.491716802
v -0.0805356503 0.260335267 0.496281415
v -0.112264179 0.243613794 0.502292752
v -0.137444973 0.218535364 0.507450461
v -0.154743657 0.187765107 0.511967719
v -0.163661078 0.154049218 0.516058207
v -0.164473325 0.120009497 0.51993531
v -0.158146173 0.0879629776 0.523812532
v -0.146224558 0.0597669482 0.527902901
v -0.130696625 0.0366898142 0.532420337
v -0.113832355 0.0193059426 0.537577868
v -0.0979972258 0.00741746742 0.543589354
v -0.116362102 -1.05705112e-07 0.537577987
v -0.137101546 -0.012835905 0.532420337
v -0.157942772 -0.0315825343 0.527902901
v -0.176547498 -0.0561983548 0.523812473
v -0.190703914 -0.0858911574 0.51993525
v -0.198513061 -0.119197451 0.516058147
v -0.19855018 -0.154086486 0.511967659
v -0.190000474 -0.188090131 0.507450402
v -0.172770128 -0.218457639 0.502292633
v -0.1475714 -0.24233599 0.496281296
v -0.115634508 -0.255723953 0.491716653
v -0.0808590204 0.262669086 0.491716802
v -0.115002126 0.253451586 0.496281415
v -0.143569261 0.232929364 0.502292752
v -0.164841354 0.204957724 0.507450402
v -0.177792281 0.17231226 0.511967719
v -0.18221885 0.137755021 0.516058207
v -0.178668499 0.103842355 0.519935429
v -0.16834116 0.0727566481 0.523812473
v -0.152965784 0.046164725 0.527902901
v -0.134652138 0.0251002982 0.532420278
v -0.115716353 0.00987259485 0.537577987
v -0.137941092 -1.0477379e-07 0.532420337
v -0.161024749 -0.0161507539 0.527902901
v -0.182606161 -0.0384466797 0.523812473
v -0.20039174 -0.0663434565 0.519935429
v -0.212328047 -0.0985916555 0.516058147
v -0.216776073 -0.133328661 0.511967659
v -0.212659031 -0.168195337 0.507450342
v -0.199586377 -0.200478867 0.502292752
v -0.177951574 -0.227279663 0.496281326
v -0.148495734 -0.244508445 0.491716623
v -0.115634508 0.255723715 0.491716802
v -0.1475714 0.242335781 0.496281415
v -0.172770128 0.218457431 0.502292752
v -0.190000474 0.188089922 0.507450402
v -0.19855018 0.154086366 0.511967719
v -0.198513061 0.119197249 0.516058266
v -0.190703914 0.0858909488 0.519935429
v -0.176547498 0.0561981499 0.523812473
v -0.157942772 0.0315824002 0.527902901
v -0.137101546 0.0128357708 0.532420337
v -0.162081122 -1.03842467e-07 0.527902901
v -0.186358035 -0.0196609013 0.523812473
v -0.207544118 -0.0453871787 0.519935429
v -0.223448381 -0.0761534572 0.516058266
v -0.232228935 -0.110279955 0.511967659
v -0.232553765 -0.145536855 0.507450342
v -0.223737359 -0.179273739 0.502292633
v -0.205850765 -0.208574817 0.496281385
v -0.179148242 -0.229317173 0.491716623
v -0.148495764 0.244508281 0.491716802
v -0.136262104 0.248683587 0.491716802
v -0.177951574 0.227279454 0.496281415
v -0.199586377 0.200478658 0.502292752
v -0.212659031 0.168195203 0.507450402
v -0.216776013 0.133328453 0.511967719
v -0.212328047 0.0985914543 0.516058266
v -0.20039174 0.0663432479 0.519935429
v -0.182606161 0.0384464711 0.523812473
v -0.161024749 0.0161505416 0.527902901
v -0.187643975 -1.03842467e-07 0.523812592
v -0.21197322 -0.0232101269 0.519935429
v -0.231658399 -0.0520984009 0.516058266
v -0.24466753 -0.085181661 0.511967659
v -0.249421552 -0.120377734 0.507450342
v -0.244942471 -0.155122742 0.502292633
v -0.230977029 -0.186513335 0.496281326
v -0.207297549 -0.210444659 0.491716623
v -0.199131101 -0.215919808 0.491716623
v -0.179148197 0.229316875 0.491716981
v -0.160853088 0.238384008 0.491716802
v -0.205850765 0.208574682 0.496281385
v -0.223737359 0.179273531 0.502292752
v -0.232553765 0.145536661 0.507450461
v -0.232228935 0.110279821 0.511967719
v -0.223448381 0.076153256 0.516058266
v -0.207544118 0.0453869738 0.519935429
v -0.186358035 0.0196606982 0.523812592
v -0.21349138 -1.01979822e-07 0.519935429
v -0.236742422 -0.0266421251 0.516058266
v -0.253850818 -0.0582748018 0.511967719
v -0.262999177 -0.0929812789 0.507450342
v -0.262921274 -0.128306493 0.502292633
v -0.253038526 -0.161387131 0.496281326
v -0.232649073 -0.188185409 0.491716623
v -0.223897278 -0.195869684 0.491716623
v -0.207297489 0.210444406 0.491716921
v -0.230977029 0.186513126 0.496281385
v -0.244942471 0.155122548 0.502292812
v -0.249421552 0.120377526 0.507450402
v -0.24466753 0.0851814523 0.511967719
v -0.231658399 0.052098196 0.516058266
v -0.21197322 0.0232099202 0.519935429
v -0.238485053 -1.01048499e-07 0.516058326
v -0.259537637 -0.0298006013 0.511967719
v -0.273023307 -0.0636107475 0.507450342
v -0.277393162 -0.0991055444 0.502292633
v -0.271743298 -0.133487865 0.496281326
v -0.254908293 -0.162833914 0.491716653
v -0.251351207 -0.166885167 0.491716653
v -0.232649013 0.188185185 0.491716802
v -0.253038436 0.161386922 0.496281475
v -0.262921274 0.128306314 0.502292752
v -0.262999177 0.0929810777 0.507450402
v -0.253850818 0.0582746044 0.511967719
v -0.236742422 0.0266419239 0.516058326
v -0.261486888 -1.01048499e-07 0.511967778
v -0.279230833 -0.0325292498 0.507450342
v -0.288077533 -0.0678005517 0.502292693
v -0.28679961 -0.103107773 0.496281326
v -0.273780823 -0.134684592 0.491716653
v -0.254908264 0.162833706 0.491716743
v -0.271743298 0.133487761 0.496281385
v -0.277393162 0.0991053581 0.502292752
v -0.273023307 0.0636105537 0.507450342
v -0.259537637 0.0298004001 0.511967719
v -0.28135851 -9.87201929e-08 0.507450461
v -0.294693947 -0.0346718505 0.502292693
v -0.297915429 -0.0705385059 0.496281356
v -0.28897208 -0.104032092 0.491716713
v -0.273780823 0.134684443 0.491716653
v -0.28679961 0.103107587 0.496281385
v -0.288077533 0.0678003579 0.502292693
v -0.279230833 0.0325290561 0.507450461
v -0.296961814 -1.72294676e-07 0.502292752
v -0.30479908 -0.0360720232 0.496281356
v -0.300187588 -0.0711708888 0.491716713
v -0.288972139 0.104031928 0.491716623
v -0.297915429 0.0705383122 0.496281385
v -0.294693947 0.0346716531 0.502292752
v -0.30715844 -1.71829015e-07 0.496281505
v -0.3071329 -0.0363953933 0.491716713
v -0.300187647 0.07117071 0.491716564
v -0.30479908 0.036071822 0.496281415
v -0.309513599 -1.6996637e-07 0.491716534
v -0.308576733 -0.0143215097 0.491716713
v -0.307133049 0.0363952182 0.491716534
v -0.386303663 -0.0473652035 0.411284477
v -0.374855936 -0.0457790382 0.436499208
v -0.37688151 -0.0448179841 0.432214946
v -0.387757242 -1.51339918e-07 0.414874107
v -0.389401704 -1.50408596e-07 0.411284596
v -0.386420131 -0.0140856765 0.415781707
v -0.379601449 -0.0409764834 0.426826298
v -0.384517372 -0.0256103277 0.418289691
v -0.382195592 -0.0345738791 0.422077894
v -0.406395137 -0.0256103277 0.418272108
v -0.406719655 -0.0140856765 0.415765882
v -0.438902974 -0.0140856765 0.415575415
v -0.438766718 -7.63684511e-08 0.414672613
v -0.406836867 -7.63684511e-08 0.414859354
v -0.405905068 -0.0345738791 0.422058076
v -0.439279556 -0.0256103277 0.418071479
v -0.468352288 -0.0140856765 0.415058553
v -0.46799317 -7.63684511e-08 0.414165705
v -0.438902915 0.0140855964 0.415575415
v -0.406719506 0.0140855964 0.415765792
v -0.405290663 -0.0409764834 0.426803797
v -0.439848572 -0.0345738791 0.421842068
v -0.386420161 0.0140855964 0.415781677
v -0.406395137 0.025610175 0.418272018
v -0.384517401 0.025610175 0.418289632
v -0.468352199 0.0140855964 0.415058553
v -0.439279646 0.025610175 0.418071389
v -0.401110113 -1.43889338e-07 0.384722769
v -0.39790687 -0.0489729717 0.38472271
v -0.404593557 -0.0448179841 0.432189554
v -0.440561771 -0.0409764834 0.426568657
v -0.469344795 -0.0256103277 0.417527109
v -0.405905068 0.0345737971 0.422058076
v -0.382195592 0.0345737971 0.422077894
v -0.494997591 -0.0140856765 0.414052039
v -0.494445205 -7.59027898e-08 0.413178623
v -0.494997591 0.0140855983 0.414052039
v -0.469344914 0.025610175 0.41752705
v -0.39790687 0.0489727594 0.384722769
v -0.386303663 0.0473650508 0.411284596
v -0.41210714 -1.37835741e-07 0.358374476
v -0.408805192 -0.0504830144 0.358374476
v -0.388561428 -0.0957662165 0.38472268
v -0.377265066 -0.092622377 0.411284536
v -0.374127477 -0.046098534 0.43792367
v -0.403854966 -0.046098534 0.437895238
v -0.441371262 -0.0448179841 0.431932509
v -0.470844299 -0.0345738791 0.421256095
v -0.439848572 0.0345737971 0.421842068
v -0.405290663 0.0409763232 0.426803887
v -0.379601449 0.0409763232 0.426826388
v -0.49652499 0.025610175 0.416466832
v -0.470844299 0.0345737971 0.421256095
v -0.388561428 0.0957660899 0.384722739
v -0.377265066 0.0926221535 0.411284506
v -0.408805192 0.0504828133 0.358374476
v -0.422214806 -1.32247806e-07 0.332292974
v -0.41882211 -0.0518709607 0.332292914
v -0.399171531 -0.09871912 0.358374417
v -0.373469979 -0.139983758 0.38472268
v -0.362669021 -0.135388285 0.411284536
v -0.374092638 -0.0460800268 0.438006312
v -0.36545375 -0.0893351436 0.438006282
v -0.442228764 -0.046098534 0.437615037
v -0.472723961 -0.0409764834 0.425930351
v -0.49652487 -0.0256103277 0.416466832
v -0.440561831 0.0409763232 0.426568657
v -0.404593557 0.0448178947 0.432189554
v -0.37688154 0.0448178947 0.432214946
v -0.518769622 -0.0140856765 0.412392765
v -0.518051744 -7.59027898e-08 0.411551327
v -0.518769622 0.0140855983 0.412392706
v -0.520754158 0.025610175 0.414718956
v -0.498832047 0.0345737971 0.420114696
v -0.373469979 0.139983684 0.384722739
v -0.362669021 0.135388121 0.411284626
v -0.399171531 0.0987189859 0.358374506
v -0.374855965 0.0457788818 0.436499178
v -0.374092638 0.0460798666 0.438006312
v -0.36545375 0.0893349722 0.438006371
v -0.374127477 0.0460983738 0.43792367
v -0.41882211 0.051870767 0.332292974
v -0.43125546 -1.24797225e-07 0.306531549
v -0.427781552 -0.0531123504 0.306531549
v -0.408923537 -0.101433292 0.332292885
v -0.383614779 -0.144300148 0.358374417
v -0.353028864 -0.181229249 0.38472268
v -0.342898935 -0.175279677 0.411284536
v -0.351375818 -0.130583346 0.438006282
v -0.443086267 -0.0448179878 0.443297654
v -0.403116375 -0.0448179878 0.443600953
v -0.477116853 -0.046098534 0.43685475
v -0.474857092 -0.0448179841 0.431235045
v -0.498832047 -0.0345738791 0.420114696
v -0.472723961 0.0409763232 0.42593047
v -0.441371262 0.0448178947 0.431932509
v -0.403854966 0.0460983738 0.437895238
v -0.523752153 0.0345738009 0.418233156
v -0.501724362 0.0409763232 0.424687356
v -0.353028804 0.181229115 0.38472268
v -0.342898935 0.175279498 0.411284506
v -0.383614779 0.144300014 0.358374506
v -0.351375818 0.130583167 0.438006371
v -0.408923537 0.101433091 0.332292944
v -0.427781612 0.053112179 0.306531549
v -0.439051181 -1.1920929e-07 0.281143665
v -0.435507298 -0.0541828237 0.281143576
v -0.41764617 -0.103860877 0.306531519
v -0.39293918 -0.148267418 0.332292885
v -0.362543315 -0.186817363 0.358374417
v -0.327634335 -0.219106421 0.38472268
v -0.318338096 -0.211913407 0.411284536
v -0.332307428 -0.169058934 0.438006282
v -0.339754552 -0.125638753 0.464834809
v -0.353299499 -0.0859524906 0.464834809
v -0.371586621 -0.0448179878 0.443632245
v -0.373019516 -0.0455245897 0.440482259
v -0.402419239 -0.0409764871 0.44898653
v -0.443895757 -0.0409764871 0.448661417
v -0.479376584 -0.0448179878 0.442474604
v -0.501724184 -0.0409764834 0.424687356
v -0.520754099 -0.0256103277 0.414719015
v -0.474857092 0.0448178947 0.431235045
v -0.442228764 0.0460983738 0.437615037
v -0.539598227 -0.0140856756 0.409917414
v -0.538741469 -7.49714673e-08 0.409123749
v -0.539598107 0.0140855983 0.409917295
v -0.541966498 0.025610175 0.412111521
v -0.545544207 0.0345738009 0.415426195
v -0.527510285 0.0409763232 0.422638237
v -0.327634335 0.219106287 0.384722769
v -0.318338096 0.211913258 0.411284506
v -0.362543315 0.186817214 0.358374506
v -0.332307369 0.16905877 0.438006371
v -0.39293918 0.148267314 0.332292944
v -0.353299499 0.0859523192 0.464834899
v -0.339754552 0.125638574 0.464834899
v -0.41764611 0.103860706 0.306531519
v -0.435507298 0.0541826598 0.281143665
v -0.445424169 -1.13155693e-07 0.256182462
v -0.441822976 -0.0550579168 0.256182432
v -0.425167561 -0.105954126 0.281143576
v -0.401279151 -0.151815876 0.306531519
v -0.371288389 -0.191953555 0.332292885
v -0.33636567 -0.225862503 0.358374417
v -0.297682703 -0.253218979 0.38472262
v -0.289369702 -0.244906068 0.411284506
v -0.308618158 -0.204392493 0.438006282
v -0.321408123 -0.16265747 0.464834809
v -0.361687183 -0.043954365 0.464834839
v -0.327969134 -0.120624401 0.491716713
v -0.340973467 -0.0825219974 0.491716713
v -0.369307816 -0.0409764871 0.449020445
v -0.50848341 -0.046098534 0.435374111
v -0.505006313 -0.0448179841 0.429876626
v -0.523752153 -0.0345738791 0.418233156
v -0.505006313 0.0448178239 0.429876626
v -0.477116853 0.0460983738 0.43685475
v -0.443086267 0.044817891 0.443297654
v -0.403116375 0.044817891 0.443600863
v -0.55002898 0.0409763232 0.419581234
v -0.531774998 0.0448178947 0.427637249
v -0.297682703 0.25321883 0.384722769
v -0.289369702 0.244905904 0.411284655
v -0.336365759 0.225862369 0.358374536
v -0.308618218 0.204392314 0.438006371
v -0.3712883 0.19195354 0.332292944
v -0.321408123 0.16265738 0.464834899
v -0.401279151 0.151815712 0.306531578
v -0.361687243 0.0439541899 0.464834839
v -0.373019487 0.0455244109 0.440482408
v -0.340973467 0.0825218111 0.491716713
v -0.327969134 0.120624214 0.491716772
v -0.425167561 0.105954029 0.281143606
v -0.37158668 0.044817891 0.443632156
v -0.441822976 0.0550577603 0.256182551
v -0.450196415 -1.08033419e-07 0.231701627
v -0.446552306 -0.0557131842 0.231701538
v -0.431316286 -0.107665397 0.256182432
v -0.40847069 -0.154875651 0.281143546
v -0.379110217 -0.196547613 0.306531519
v -0.344391137 -0.232072175 0.332292855
v -0.305490583 -0.261026859 0.358374387
v -0.26357007 -0.2831707 0.38472262
v -0.256377041 -0.273874462 0.411284417
v -0.280677974 -0.23621425 0.438006252
v -0.298615932 -0.196653157 0.464834809
v -0.310355008 -0.156165704 0.491716713
v -0.349026442 -0.042200122 0.491716653
v -0.324891657 -0.119314373 0.497879177
v -0.337754011 -0.0816258267 0.497879207
v -0.367497146 -0.0345738903 0.453768373
v -0.401804924 -0.0345738903 0.453732401
v -0.444609016 -0.0345738903 0.453388065
v -0.481509715 -0.0409764871 0.447779119
v -0.511960506 -0.0448179878 0.440871596
v -0.527510047 -0.0409764796 0.422638148
v -0.541966438 -0.0256103259 0.41211161
v -0.50848341 0.0460983738 0.435374111
v -0.479376584 0.044817891 0.442474514
v -0.443895757 0.0409763195 0.448661417
v -0.40241918 0.0409763195 0.448986471
v -0.557413638 -0.0140856747 0.40646264
v -0.556443334 -7.40401447e-08 0.405735701
v -0.557413578 0.0140855983 0.40646258
v -0.560096085 0.025610175 0.408472508
v -0.564148366 0.0345738009 0.411508828
v -0.569227874 0.0409763269 0.415314823
v -0.555118442 0.0448178947 0.424296409
v -0.26357007 0.283170521 0.384722769
v -0.256377041 0.273874283 0.411284655
v -0.305490583 0.26102674 0.358374536
v -0.280677974 0.236214161 0.438006401
v -0.344391137 0.232072085 0.332292974
v -0.298615932 0.196653008 0.464834899
v -0.379110217 0.196547508 0.306531519
v -0.310354948 0.156165496 0.491716713
v -0.40847069 0.154875562 0.281143606
v -0.349026501 0.0421999358 0.491716743
v -0.337753266 0.0816256329 0.497879237
v -0.324890167 0.119314179 0.497879237
v -0.431316286 0.107665241 0.256182492
v -0.446552306 0.0557131246 0.231701657
v -0.453190178 -1.01979822e-07 0.20775421
v -0.449519247 -0.0561242551 0.207754269
v -0.435920626 -0.108946837 0.231701612
v -0.414349705 -0.157377034 0.256182432
v -0.385854959 -0.200508967 0.281143516
v -0.351569235 -0.237626299 0.306531489
v -0.312667042 -0.268203378 0.332292855
v -0.270326078 -0.291902125 0.358374387
v -0.225692898 -0.308565199 0.384722561
v -0.219743297 -0.298435211 0.411284417
v -0.248856217 -0.264154613 0.438006252
v -0.271733612 -0.227269977 0.464834809
v -0.288472474 -0.188804522 0.491716713
v -0.307469696 -0.154469654 0.497879177
v -0.364562154 -1.62981451e-07 0.464834958
v -0.351786643 -1.69500709e-07 0.491716743
v -0.34571901 -0.0417417958 0.497879207
v -0.321659178 -0.117934525 0.502921164
v -0.334367454 -0.0806818008 0.502921224
v -0.366304994 -0.025610337 0.45755586
v -0.401314795 -0.025610337 0.457518399
v -0.53629303 -0.046098534 0.432933241
v -0.531774998 -0.0448179841 0.427637249
v -0.545544207 -0.0345738791 0.415426195
v -0.53629303 0.0460983738 0.432933241
v -0.511960506 0.044817891 0.440871596
v -0.481509656 0.0409763195 0.447779119
v -0.574992239 0.0448178947 0.419633955
v -0.560510159 0.0460983738 0.429291755
v -0.225692898 0.30856508 0.384722769
v -0.219743297 0.298435152 0.411284655
v -0.270326138 0.291901886 0.358374536
v -0.248856217 0.264154434 0.438006401
v -0.312667042 0.268203259 0.332292974
v -0.271733612 0.227269799 0.464834929
v -0.351569235 0.23762621 0.306531608
v -0.288472474 0.188804299 0.491716713
v -0.385854959 0.200508863 0.281143636
v -0.307467282 0.154469445 0.497879237
v -0.414349705 0.1573769 0.256182492
v -0.345718861 0.0417416021 0.497879207
v -0.334361523 0.0806816071 0.502921283
v -0.321647167 0.117934339 0.502921283
v -0.435920537 0.108946696 0.231701598
v -0.449519306 0.0561242029 0.207754299
v -0.438809097 -0.109750688 0.207754195
v -0.418752134 -0.159250095 0.231701598
v -0.391368717 -0.203747287 0.256182402
v -0.35775882 -0.242415652 0.281143516
v -0.319085896 -0.274622202 0.306531489
v -0.276535869 -0.299927473 0.332292855
v -0.231280997 -0.31807965 0.358374387
v -0.184447408 -0.329006374 0.38472262
v -0.179851934 -0.318205416 0.411284506
v -0.213522583 -0.287843704 0.438006252
v -0.241116807 -0.254152298 0.46483478
v -0.262663007 -0.218199417 0.491716713
v -0.28582567 -0.186754003 0.497879177
v -0.3044447 -0.152683303 0.502921164
v -0.365881741 -0.0140857622 0.460062593
v -0.366377652 -1.61584467e-07 0.460968584
v -0.348449081 -1.71829015e-07 0.497879267
v -0.342236549 -0.0412590988 0.502921224
v -0.400990337 -0.0140857622 0.460024565
v -0.445178032 -0.025610337 0.457158685
v -0.483389318 -0.0345738903 0.452453494
v -0.515242457 -0.0409764871 0.446060777
v -0.5408113 -0.0448179878 0.438229114
v -0.550028861 -0.0409764796 0.419581145
v -0.560096025 -0.0256103259 0.408472598
v -0.5408113 0.044817891 0.438229114
v -0.515242457 0.0409763195 0.446060777
v -0.369307876 0.0409763195 0.449020356
v -0.444609016 0.0345737934 0.453388065
v -0.401804924 0.0345737934 0.453732401
v -0.483389318 0.0345737934 0.452453494
v -0.572146356 -0.0140856747 0.401865453
v -0.571086287 -7.21774995e-08 0.401227146
v -0.572146356 0.014085602 0.401865453
v -0.575077116 0.0256101787 0.403630048
v -0.57950443 0.0345738009 0.406295866
v -0.585054219 0.0409763269 0.409637481
v -0.591352284 0.0448178984 0.413429558
v -0.581099212 0.0460983738 0.424209744
v -0.184447482 0.329006135 0.384722769
v -0.179851934 0.318205178 0.411284655
v -0.231281072 0.318079531 0.358374536
v -0.213522583 0.287843645 0.438006401
v -0.276535869 0.299927354 0.332292974
v -0.241116807 0.254152119 0.464834929
v -0.319085896 0.274622142 0.306531608
v -0.262663007 0.218199208 0.491716802
v -0.357758939 0.242415562 0.281143636
v -0.285822451 0.186753884 0.497879237
v -0.391368717 0.203747228 0.256182522
v -0.304425746 0.152683094 0.502921283
v -0.418752134 0.159250095 0.231701672
v -0.342234969 0.0412589051 0.502921224
v -0.330935389 0.0797281265 0.506842852
v -0.318371326 0.116540529 0.506842852
v -0.438809097 0.109750621 0.207754239
v -0.450547427 -0.0562667474 0.184393793
v -0.439810038 -0.110029303 0.184393719
v -0.421513855 -0.160425186 0.207754239
v -0.39549765 -0.206172347 0.231701583
v -0.362818867 -0.246330783 0.256182402
v -0.324620843 -0.280157149 0.281143516
v -0.282089978 -0.307105482 0.306531489
v -0.236417308 -0.326824665 0.332292855
v -0.188763797 -0.339151144 0.358374387
v -0.140229881 -0.344097733 0.38472262
v -0.137085944 -0.332801342 0.411284417
v -0.17504698 -0.306912184 0.438006252
v -0.207121179 -0.276944399 0.46483478
v -0.233268216 -0.244008869 0.491716594
v -0.260297298 -0.2158297 0.497879177
v -0.283057183 -0.184594303 0.502921164
v -0.344933599 -1.72294676e-07 0.502921224
v -0.330955416 -0.0797283277 0.506842852
v -0.338721216 -0.0407714508 0.506842852
v -0.30141747 -0.150878802 0.506842792
v -0.318411827 -0.116540737 0.506842792
v -0.445554674 -0.0140857622 0.459654748
v -0.560510159 -0.046098534 0.429291755
v -0.555118442 -0.0448179841 0.424296409
v -0.564148366 -0.0345738754 0.411508828
v -0.565901995 0.0448178947 0.434287071
v -0.545076013 0.0409763195 0.443228126
v -0.518134713 0.0345737152 0.450633556
v -0.367497176 0.0345737934 0.453768373
v -0.598024428 0.0460983776 0.417447001
v -0.587205946 0.0448178947 0.428785414
v -0.140229955 0.344097614 0.384722769
v -0.137086034 0.332801163 0.411284655
v -0.188763797 0.339151025 0.358374536
v -0.17504698 0.306912005 0.438006401
v -0.236417308 0.326824605 0.332292974
v -0.207121179 0.276944339 0.464834929
v -0.282089978 0.307105482 0.306531608
v -0.233268216 0.244008645 0.491716802
v -0.324620843 0.28015703 0.281143665
v -0.260293335 0.215829507 0.497879237
v -0.362818867 0.246330723 0.256182522
v -0.283031225 0.18459411 0.502921283
v -0.39549765 0.206172273 0.231701612
v -0.301353425 0.150878593 0.506842792
v -0.421513855 0.160425112 0.207754239
v -0.338715822 0.0407712571 0.506842852
v -0.327612191 0.0788032264 0.509643853
v -0.315193921 0.115188651 0.509643853
v -0.439809948 0.110029183 0.184393778
v -0.450547427 0.0562666357 0.184393823
v -0.448549837 -0.0559899919 0.162296027
v -0.437865347 -0.109488018 0.162296027
v -0.422471017 -0.160832345 0.184393778
v -0.398087829 -0.207693636 0.20775415
v -0.366607934 -0.249262691 0.231701508
v -0.32914567 -0.284681976 0.256182402
v -0.286879331 -0.313295186 0.281143516
v -0.241011292 -0.334646523 0.306531399
v -0.192731082 -0.348475397 0.332292855
v -0.143182784 -0.354707778 0.358374387
v -0.0934365466 -0.353443205 0.38472271
v -0.0918288529 -0.341840029 0.411284506
v -0.133798778 -0.320990145 0.438006252
v -0.170102388 -0.295290947 0.46483478
v -0.200629324 -0.265891314 0.491716594
v -0.231222212 -0.241358817 0.497879118
v -0.257829368 -0.213333711 0.502921164
v -0.280299306 -0.182412699 0.506842792
v -0.341382504 -1.72760338e-07 0.506842852
v -0.44569093 -8.7544322e-08 0.46055761
v -0.400873035 -8.7544322e-08 0.460931122
v -0.485881478 -0.0140857622 0.458650976
v -0.484888881 -0.025610337 0.45618251
v -0.518134654 -0.0345738828 0.450633556
v -0.545076013 -0.0409764871 0.443228185
v -0.565901995 -0.0448179841 0.434287071
v -0.569227815 -0.0409764796 0.415314764
v -0.575077057 -0.025610324 0.403630048
v -0.570991337 0.0409763195 0.439002246
v -0.548834026 0.0345737934 0.447633237
v -0.401314795 0.0256101638 0.457518399
v -0.366305023 0.0256101638 0.45755586
v -0.445178032 0.0256101638 0.457158685
v -0.484888881 0.0256101638 0.45618251
v -0.52044189 0.0256101638 0.454281479
v -0.583726585 -0.0140856728 0.395962596
v -0.582599103 -7.17118382e-08 0.395438194
v -0.583726585 0.014085602 0.395962507
v -0.586843729 0.0256101787 0.39741233
v -0.591552675 0.0345738046 0.399602354
v -0.597455382 0.0409763269 0.402347654
v -0.604153872 0.0448178984 0.40546307
v -0.61125052 0.0460983776 0.408763528
v -0.604696631 0.0448178947 0.421464473
v -0.0934366286 0.353443027 0.384722769
v -0.0918288529 0.34183991 0.411284536
v -0.143182844 0.354707718 0.358374536
v -0.133798853 0.320989966 0.438006401
v -0.192731082 0.348475397 0.332292974
v -0.170102388 0.295290768 0.464834929
v -0.241011292 0.334646463 0.306531608
v -0.200629324 0.265891194 0.491716802
v -0.286879331 0.313295126 0.281143665
v -0.231217697 0.241358608 0.497879267
v -0.32914567 0.284681916 0.256182522
v -0.25779736 0.213333502 0.502921283
v -0.366607994 0.249262616 0.231701612
v -0.280211747 0.182412505 0.506842852
v -0.398087829 0.207693577 0.207754269
v -0.298373401 0.149128407 0.509643853
v -0.422471017 0.160832316 0.184393778
v -0.400990337 0.0140855871 0.460024565
v -0.365881771 0.0140855871 0.460062593
v -0.335302413 0.0402983017 0.509643853
v -0.32452926 0.0779452324 0.511324644
v -0.312246203 0.11393442 0.511324644
v -0.437865347 0.109487988 0.162296072
v -0.448549956 0.0559898838 0.162296057
v -0.443027318 -0.0552247651 0.142065749
v -0.432488859 -0.107991695 0.142065734
v -0.42061159 -0.160041243 0.162295997
v -0.398985445 -0.208220795 0.184393689
v -0.368984967 -0.251101911 0.20775415
v -0.332533926 -0.288070261 0.231701568
v -0.290794492 -0.318355203 0.256182402
v -0.244972631 -0.341391325 0.281143516
v -0.196279481 -0.356815398 0.306531489
v -0.145896882 -0.364459872 0.332292855
v -0.0949466005 -0.364341438 0.358374387
v -0.0444636494 -0.356646359 0.38472271
v -0.0444636494 -0.344938099 0.411284506
v -0.0901478752 -0.32970804 0.438006252
v -0.130416125 -0.308835804 0.46483478
v -0.165088028 -0.283505499 0.491716653
v -0.198938087 -0.263003647 0.497879118
v -0.229094237 -0.238567621 0.502921164
v -0.255384147 -0.210812435 0.506842792
v -0.335315377 -0.0402985029 0.509643853
v -0.337938219 -1.74157321e-07 0.509643972
v -0.327659607 -0.0788034275 0.509643853
v -0.315289944 -0.115188859 0.509643793
v -0.298525184 -0.149128616 0.509643793
v -0.27768451 -0.180296659 0.509643793
v -0.445554674 0.0140855871 0.459654748
v -0.486240506 -8.70786607e-08 0.459543854
v -0.581099212 -0.046098534 0.424209744
v -0.574992239 -0.0448179841 0.419633955
v -0.57950443 -0.0345738754 0.406295866
v -0.592970371 0.0409763232 0.433104545
v -0.575476229 0.0345737934 0.443157226
v -0.55183208 0.0256101675 0.451147348
v -0.618347049 0.0448178984 0.412064046
v -0.610994637 0.0409763232 0.425256521
v -0.0444637984 0.35664624 0.384722859
v -0.0444637984 0.344937921 0.411284655
v -0.0949466825 0.364341319 0.358374536
v -0.0901478752 0.329707801 0.438006401
v -0.145896941 0.364459872 0.332292974
v -0.130416125 0.308835566 0.464834929
v -0.196279556 0.356815279 0.306531608
v -0.165088028 0.283505321 0.491716802
v -0.244972631 0.341391146 0.281143665
v -0.198933274 0.263003469 0.497879267
v -0.290794551 0.318355083 0.256182522
v -0.229057938 0.238567397 0.502921283
v -0.332533926 0.288070202 0.231701702
v -0.255276084 0.210812226 0.506842852
v -0.368984967 0.251101851 0.207754329
v -0.277476966 0.180296466 0.509643853
v -0.398985445 0.208220765 0.184393793
v -0.295608878 0.147504643 0.511324525
v -0.42061159 0.160041228 0.162296072
v -0.332135767 0.0398595557 0.511324584
v -0.321823865 0.0771922246 0.511884809
v -0.309659392 0.11283388 0.511884809
v -0.432488769 0.107991666 0.142065778
v -0.443027407 0.0552246645 0.142065778
v -0.452709943 -0.0256102718 0.179840773
v -0.45382461 -0.0140856216 0.183184445
v -0.478409708 -0.0140856253 0.195717826
v -0.477968097 -0.0256102737 0.192655504
v -0.451096028 -0.0345506817 0.174836025
v -0.45119527 -0.0336750448 0.175296366
v -0.447503954 -0.0459555052 0.156116351
v -0.44927609 -0.0448871404 0.162296027
v -0.443924934 -0.0415010899 0.142065749
v -0.44532752 -0.044817917 0.147945046
v -0.443933398 -0.0415207408 0.142101154
v -0.447262734 -0.046098467 0.15527457
v -0.445572853 -0.044977732 0.148873672
v -0.434684753 -0.0540687852 0.123649493
v -0.424366862 -0.105731264 0.123649471
v -0.415470809 -0.157854021 0.142065719
v -0.397241533 -0.207196608 0.162295982
v -0.369808704 -0.251739264 0.184393764
v -0.334659576 -0.290195823 0.20775421
v -0.293726385 -0.32214433 0.231701493
v -0.248210981 -0.346905053 0.256182373
v -0.19933933 -0.364006996 0.281143486
v -0.148324475 -0.373182476 0.306531399
v -0.0963345468 -0.374358416 0.332292914
v -0.0444636494 -0.367643476 0.358374387
v 0.00450917706 -0.353443205 0.38472262
v 0.00290140137 -0.341840029 0.411284417
v -0.0444636494 -0.33269614 0.438006252
v -0.0884179994 -0.317223608 0.46483478
v -0.126985624 -0.296509862 0.491716594
v -0.163782507 -0.280426562 0.497879118
v -0.197184891 -0.259962142 0.502921164
v -0.226998866 -0.235748127 0.506842732
v -0.253086746 -0.208366901 0.509643793
v -0.485881478 0.0140855871 0.458650976
v -0.522521615 -8.61473382e-08 0.457569599
v -0.521969199 -0.0140856868 0.456696242
v -0.52044189 -0.0256103352 0.454281479
v -0.548834085 -0.0345738828 0.447633237
v -0.570991337 -0.0409764834 0.439002305
v -0.587205946 -0.0448179841 0.428785414
v -0.585054159 -0.0409764759 0.409637421
v -0.586843729 -0.0256103221 0.39741233
v -0.598049998 0.0345737971 0.436910659
v -0.579053938 0.0256101675 0.446471959
v -0.521969199 0.0140855871 0.456696242
v -0.553816676 0.0140855871 0.453473657
v -0.592084348 -0.0140856709 0.388590783
v -0.590910554 -7.03148544e-08 0.388208658
v -0.592084348 0.0140856039 0.388590783
v -0.595329881 0.0256101787 0.389647216
v -0.60023272 0.0345738046 0.391243219
v -0.606378615 0.0409763344 0.39324376
v -0.613352954 0.0448179059 0.395514011
v -0.620741785 0.0460983813 0.397919208
v -0.628130376 0.0448179059 0.400324374
v -0.625045598 0.0409763269 0.415179402
v 0.00450910628 0.353443027 0.384722859
v 0.00290140137 0.341839969 0.411284655
v -0.0444637984 0.367643356 0.358374536
v -0.0444637984 0.332695961 0.438006401
v -0.0963346213 0.374358356 0.332293034
v -0.0884180814 0.317223489 0.464834929
v -0.148324549 0.373182416 0.306531668
v -0.126985699 0.296509683 0.491716802
v -0.19933933 0.364006937 0.281143665
v -0.163778007 0.280426323 0.497879267
v -0.248211056 0.346904993 0.256182551
v -0.197146922 0.259961903 0.502921283
v -0.293726385 0.322144151 0.231701627
v -0.226876333 0.235747933 0.506842911
v -0.334659576 0.290195823 0.207754359
v -0.252830625 0.208366781 0.509643853
v -0.369808704 0.251739204 0.184393868
v -0.274939924 0.178333402 0.511324644
v -0.397241533 0.207196563 0.162296087
v -0.29318279 0.146079808 0.511884809
v -0.415470809 0.157853916 0.142065793
v -0.334742844 -1.74157321e-07 0.511324644
v -0.32935679 0.0394745059 0.511884749
v -0.319633245 0.0765826255 0.511324644
v -0.307564855 0.111942649 0.511324644
v -0.424366802 0.105731174 0.12364953
v -0.434684753 0.0540687665 0.123649515
v -0.449185163 0.0449398421 0.161978289
v -0.449276239 0.0448859148 0.162296057
v -0.443924427 0.0415097177 0.142065778
v -0.445131332 0.0443629362 0.147124693
v -0.447262824 0.0460984409 0.155274644
v -0.44532755 0.0448179618 0.147945106
v -0.447057962 0.0459650941 0.154499382
v -0.451093376 0.0345738605 0.174823701
v -0.452710032 0.0256102309 0.179840773
v -0.451195449 0.0336735919 0.175297201
v -0.47730121 0.034573853 0.188029602
v -0.477968186 0.0256102271 0.192655504
v -0.478569269 -2.46800482e-08 0.196825445
v -0.500420928 -2.7474016e-08 0.210857704
v -0.500487328 -0.0140856281 0.209832385
v -0.47730127 -0.0345738232 0.188029513
v -0.451093376 -0.0345738232 0.174823612
v -0.450193137 -0.0406883173 0.16933915
v -0.450150281 -0.04097642 0.169075578
v -0.476465166 -0.0409764238 0.1822308
v -0.443478018 -0.0409764126 0.141012937
v -0.441207677 -0.0353408605 0.13523978
v -0.440892935 -0.034573812 0.13444145
v -0.439354122 -0.0266173761 0.129936591
v -0.439155132 -0.0256102569 0.129357159
v -0.438557625 -0.015464128 0.12659812
v -0.438473463 -0.014085683 0.126216799
v -0.438975662 -0.00200021314 0.125586107
v -0.439057469 -8.24220479e-08 0.125478923
v -0.438221246 -8.19563866e-08 0.1236495
v -0.424227148 -0.0526197776 0.106993869
v -0.414185703 -0.102897756 0.106993847
v -0.407705009 -0.154549882 0.123649463
v -0.392420143 -0.204364821 0.142065704
v -0.368208349 -0.250500977 0.162295982
v -0.335396141 -0.290932357 0.184393734
v -0.295565605 -0.324521303 0.20775421
v -0.250636041 -0.351033866 0.231701478
v -0.201840729 -0.369885981 0.256182373
v -0.150417805 -0.380703926 0.281143486
v -0.0975759476 -0.383317947 0.306531429
v -0.0444636494 -0.377751172 0.332292914
v 0.00601923093 -0.364341438 0.358374387
v 0.0513025075 -0.344097733 0.38472262
v 0.0481585786 -0.332801342 0.411284506
v 0.00122042745 -0.32970798 0.438006252
v -0.0444636494 -0.320098519 0.464834899
v -0.0866637528 -0.304562867 0.491716653
v -0.126093119 -0.293289661 0.497879118
v -0.162434161 -0.277183533 0.502921164
v -0.195470527 -0.25688982 0.506842673
v -0.225050837 -0.233013332 0.509643793
v -0.332161188 -0.0398597531 0.511324584
v -0.324621975 -0.0779454261 0.511324584
v -0.312433779 -0.113934629 0.511324525
v -0.295905292 -0.147504866 0.511324525
v -0.275345147 -0.178333595 0.511324525
v -0.251062036 -0.206098244 0.511324525
v -0.598024428 -0.0460985303 0.417447001
v -0.591352284 -0.0448179804 0.413429558
v -0.591552675 -0.0345738754 0.399602354
v -0.616544485 0.0345737971 0.428598166
v -0.60210222 0.0256101675 0.439946771
v -0.581422329 0.0140855908 0.448666126
v -0.635104835 0.0409763269 0.402594626
v -0.630948365 0.0345738009 0.417924762
v 0.051302433 0.344097614 0.384722769
v 0.0481585115 0.332801163 0.411284536
v 0.0060191527 0.364341319 0.358374536
v 0.00122035667 0.329707921 0.438006401
v -0.0444637984 0.377751112 0.332293093
v -0.0444637984 0.320098341 0.464835018
v -0.0975760221 0.383317769 0.306531668
v -0.0866637528 0.304562628 0.491716743
v -0.150417805 0.380703866 0.281143665
v -0.126089454 0.293289423 0.497879267
v -0.201840729 0.369885862 0.256182551
v -0.16239816 0.277183354 0.502921283
v -0.250636101 0.351033866 0.231701717
v -0.195342436 0.256889701 0.506842911
v -0.295565605 0.324521244 0.207754284
v -0.224760279 0.233013138 0.509643912
v -0.335396141 0.290932417 0.184393883
v -0.250561863 0.20609802 0.511324644
v -0.368208349 0.250500977 0.162296087
v -0.272713542 0.176610723 0.511884809
v -0.392420143 0.204364806 0.142065808
v -0.2912184 0.144926086 0.511324644
v -0.407705009 0.154549792 0.123649538
v -0.331938744 -1.74157321e-07 0.511884749
v -0.327106655 0.0391627289 0.511324584
v -0.318094641 0.0761543736 0.509643853
v -0.306093663 0.111316703 0.509643853
v -0.414185703 0.102897681 0.106993906
v -0.424227148 0.0526197702 0.106993891
v -0.45382455 0.0140856523 0.183184355
v -0.478409618 0.0140856504 0.195717767
v -0.500670314 -0.0256102774 0.206997678
v -0.500947237 -0.0345738269 0.202715561
v -0.449394912 -0.0444492176 0.163284883
v -0.475516498 -0.0448179245 0.175650135
v -0.474511355 -0.0460984707 0.168678582
v -0.42766881 -7.7765435e-08 0.106993876
v -0.412359506 -0.050975401 0.0920456946
v -0.402631938 -0.0996822119 0.0920456797
v -0.397970468 -0.150408015 0.106993839
v -0.385136902 -0.20008719 0.123649381
v -0.363783807 -0.24707748 0.142065704
v -0.333965093 -0.289501309 0.162295967
v -0.296202958 -0.32534498 0.184393734
v -0.252157331 -0.353624165 0.20775412
v -0.203713849 -0.37428844 0.231701538
v -0.152128994 -0.386852503 0.256182373
v -0.0986464322 -0.391043603 0.281143576
v -0.0444636494 -0.386791825 0.306531429
v 0.00740717724 -0.374358416 0.332292855
v 0.0542553291 -0.354707778 0.358374387
v 0.0955199599 -0.329006374 0.38472262
v 0.0909244865 -0.318205416 0.411284506
v 0.0448713303 -0.320990145 0.438006252
v -0.000509448349 -0.317223549 0.46483478
v -0.0444636494 -0.307323039 0.491716653
v -0.086207673 -0.301255167 0.497879118
v -0.125175059 -0.289897859 0.502921164
v -0.161125928 -0.273907661 0.506842732
v -0.193895757 -0.253909767 0.509643793
v -0.223364606 -0.23047632 0.511324525
v -0.554534495 -8.61473382e-08 0.454315096
v -0.553816676 -0.0140856858 0.453473657
v -0.55183208 -0.0256103352 0.451147348
v -0.575476229 -0.0345738828 0.443157226
v -0.592970371 -0.0409764834 0.433104604
v -0.604696631 -0.0448179841 0.421464473
v -0.597455263 -0.0409764759 0.402347654
v -0.595329881 -0.0256103221 0.389647275
v -0.620971799 0.0256101713 0.431263894
v -0.604784846 0.0140855927 0.441956729
v -0.582278907 -8.47503543e-08 0.449459791
v -0.597150326 -0.0140856691 0.379586875
v -0.59594959 -6.79865479e-08 0.379378468
v -0.597150326 0.0140856057 0.379586875
v -0.600470006 0.0256101824 0.380162954
v -0.605484843 0.0345738083 0.381033301
v -0.611771107 0.0409763344 0.382124186
v -0.618904889 0.0448179059 0.383362293
v -0.626462519 0.0460983813 0.384673893
v -0.63402009 0.0448179059 0.385985494
v -0.641153872 0.0409763344 0.387223512
v -0.64125061 0.0345738009 0.404595166
v 0.0955199599 0.329006135 0.384722769
v 0.0909243971 0.318205178 0.411284655
v 0.0542553291 0.354707718 0.358374536
v 0.0448713303 0.320989966 0.438006401
v 0.00740710273 0.374358416 0.332293093
v -0.000509448349 0.317223489 0.464834929
v -0.0444637984 0.386791706 0.306531668
v -0.0444637984 0.30732286 0.491716802
v -0.0986465067 0.391043544 0.281143665
v -0.0862054974 0.301254988 0.497879267
v -0.152129084 0.386852503 0.256182551
v -0.125145495 0.28989774 0.502921283
v -0.203713849 0.37428838 0.231701717
v -0.161004424 0.273907483 0.506842911
v -0.252157331 0.353624105 0.207754299
v -0.193592221 0.253909647 0.509643912
v -0.296203017 0.32534498 0.184393883
v -0.22279723 0.230476111 0.511324644
v -0.333965093 0.289501369 0.162296116
v -0.248570994 0.20410715 0.511884809
v -0.363783807 0.247077361 0.142065823
v -0.270910859 0.175215796 0.511324644
v -0.385136902 0.200087175 0.123649552
v -0.289838612 0.144115627 0.509643793
v -0.397970468 0.150408015 0.106993914
v -0.329400748 -0.0394747034 0.511884749
v -0.329668254 -1.74157321e-07 0.511324584
v -0.325526237 0.0389437266 0.509643853
v -0.317345381 0.0759458765 0.506842792
v -0.305377334 0.111011907 0.506842852
v -0.402631849 0.0996821225 0.0920457244
v -0.412359595 0.050975401 0.0920457169
v -0.473506272 0.044817958 0.161707073
v -0.474511415 0.0460984372 0.168678626
v -0.450150311 0.0409763865 0.169075593
v -0.476465166 0.0409763828 0.18223083
v -0.451090962 0.0345901176 0.17480883
v -0.450112224 0.0411491469 0.168781921
v -0.475516498 0.0448179543 0.175650164
v -0.4493137 0.044817958 0.16265817
v -0.500487208 0.0140856467 0.209832385
v -0.519854009 -3.16649675e-08 0.22617045
v -0.520128071 -0.0140856309 0.2252139
v -0.520885468 -0.0256102812 0.222569034
v -0.501293898 -0.0409764275 0.197347745
v -0.449313641 -0.0448179208 0.162658095
v -0.473506272 -0.0448179208 0.161707044
v -0.501687586 -0.0448179245 0.19125621
v -0.50210458 -0.0460984744 0.18480283
v -0.4156937 -7.40401447e-08 0.092045702
v -0.399786949 -0.0492333733 0.0787514895
v -0.390391707 -0.0962755457 0.0787514821
v -0.386923403 -0.145707756 0.0920456648
v -0.376007169 -0.194724977 0.106993832
v -0.357099891 -0.241905689 0.123649448
v -0.330008447 -0.285544753 0.142065689
v -0.294964731 -0.323744655 0.162295967
v -0.252684534 -0.354521632 0.184393644
v -0.20488888 -0.377050161 0.20775412
v -0.153410465 -0.391456902 0.231701478
v -0.0995215252 -0.397359252 0.256182432
v -0.0444636494 -0.394587517 0.281143576
v 0.00864857808 -0.383317888 0.306531429
v 0.0569695011 -0.364459872 0.332292855
v 0.0998363495 -0.339151144 0.358374387
v 0.13676545 -0.308565199 0.38472262
v 0.130815849 -0.298435271 0.411284506
v 0.0861194581 -0.306912184 0.438006252
v 0.0414886773 -0.308835804 0.46483478
v -0.002263695 -0.304562807 0.491716594
v -0.0444636494 -0.303985417 0.497879207
v -0.0857406557 -0.297771275 0.502921164
v -0.124291927 -0.286471784 0.506842732
v -0.159940541 -0.270730257 0.509643793
v -0.192561358 -0.251145244 0.511324465
v -0.321983904 -0.0771925002 0.511884749
v -0.309983522 -0.112834081 0.511884749
v -0.293695033 -0.146080017 0.511884749
v -0.273413837 -0.176610932 0.511884749
v -0.24943535 -0.204107359 0.511884749
v -0.222054958 -0.228249937 0.511884749
v -0.61125046 -0.0460985303 0.408763528
v -0.604153872 -0.0448179804 0.40546307
v -0.60023272 -0.0345738716 0.391243219
v -0.63565731 0.025610175 0.420114785
v -0.623902619 0.0140855946 0.433028579
v -0.605754972 -8.28877091e-08 0.442683786
v -0.647440135 0.0345738046 0.388314456
v -0.64615351 0.025610175 0.40619117
v 0.13676545 0.308565021 0.38472271
v 0.130815849 0.298435152 0.411284536
v 0.0998362899 0.339151025 0.358374536
v 0.0861194581 0.306912005 0.438006401
v 0.056969434 0.364459872 0.332292974
v 0.0414886028 0.308835566 0.464834929
v 0.00864850357 0.383317888 0.306531668
v -0.00226377323 0.304562688 0.491716802
v -0.0444637984 0.394587457 0.281143755
v -0.0444637984 0.303985178 0.497879356
v -0.0995215997 0.397359192 0.256182551
v -0.0857227296 0.297771096 0.502921283
v -0.153410524 0.391456842 0.231701717
v -0.124191955 0.286471546 0.506842911
v -0.20488888 0.377050221 0.207754374
v -0.159652472 0.270730019 0.509643912
v -0.252684593 0.354521632 0.184393823
v -0.191968486 0.251145065 0.511324644
v -0.294964731 0.323744655 0.162296116
v -0.221074551 0.228249729 0.511884868
v -0.330008447 0.285544693 0.142065823
v -0.246958926 0.202495098 0.511324644
v -0.35709995 0.241905674 0.12364956
v -0.269644558 0.174236074 0.509643853
v -0.37600708 0.194724992 0.106993921
v -0.289166749 0.143721059 0.506842792
v -0.386923403 0.145707831 0.0920457393
v -0.327176541 -0.0391629264 0.511324584
v -0.328073531 -1.74157321e-07 0.509643912
v -0.324756652 0.038837079 0.506842852
v -0.317522615 0.0759951547 0.502921164
v -0.30554682 0.111084059 0.502921164
v -0.390391707 0.0962755531 0.0787515268
v -0.399786949 0.0492333844 0.0787515193
v -0.440697759 0.0335866734 0.133873224
v -0.471054584 0.0256102383 0.144701719
v -0.47172156 0.0345738642 0.149327725
v -0.440892965 0.0345738679 0.13444148
v -0.443148285 0.0401734672 0.140176624
v -0.472557515 0.0409763902 0.155126423
v -0.502521574 0.0448179543 0.17834951
v -0.50210458 0.0460984297 0.18480286
v -0.500670314 0.0256102234 0.206997678
v -0.500947237 0.0345738493 0.202715576
v -0.522029877 -0.0345738307 0.218573704
v -0.523464203 -0.0409764312 0.213565424
v -0.502521574 -0.0448179245 0.178349376
v -0.472557515 -0.0409764163 0.155126408
v -0.47172156 -0.0345738158 0.14932771
v -0.471054584 -0.0256102625 0.144701704
v -0.40300715 -7.1246177e-08 0.0787515044
v -0.387214333 -0.0474913456 0.0670579448
v -0.378151536 -0.0928689763 0.0670579299
v -0.375220031 -0.14072828 0.0787514672
v -0.365646452 -0.188639849 0.0920456573
v -0.348721504 -0.235422835 0.106993824
v -0.324031562 -0.279567838 0.123649441
v -0.2915411 -0.319320142 0.142065689
v -0.251660287 -0.352777839 0.162295952
v -0.205296069 -0.378007233 0.184393644
v -0.154214382 -0.394345284 0.20775412
v -0.100176878 -0.402088642 0.231701538
v -0.0444636494 -0.400960505 0.256182373
v 0.00971905515 -0.391043544 0.281143486
v 0.0593971089 -0.373182535 0.306531489
v 0.103803635 -0.348475397 0.332292855
v 0.14235355 -0.31807965 0.358374387
v 0.174642637 -0.2831707 0.38472262
v 0.167449608 -0.273874462 0.411284506
v 0.124595135 -0.287843823 0.438006252
v 0.081174925 -0.295290947 0.46483478
v 0.0380581766 -0.296509862 0.491716653
v -0.00272202492 -0.301255167 0.497879118
v -0.0444636494 -0.300469995 0.502921164
v -0.0852956027 -0.294252098 0.506842732
v -0.123504199 -0.283148587 0.509643793
v -0.158960983 -0.267782569 0.511324525
v -0.191568047 -0.248719171 0.511884689
v -0.581422269 -0.0140857603 0.448666126
v -0.579053938 -0.0256103352 0.446471959
v -0.598050058 -0.0345738828 0.436910659
v -0.610994697 -0.0409764834 0.425256521
v -0.618347049 -0.0448179804 0.412064105
v -0.606378436 -0.0409764722 0.3932437
v -0.600470006 -0.0256103184 0.380162954
v -0.638774574 0.0140855964 0.421564519
v -0.624962628 -8.05594027e-08 0.433666825
v -0.604784727 -0.0140857585 0.441956729
v -0.598854423 -0.0140856653 0.368787557
v -0.597645044 -6.51925802e-08 0.368787557
v -0.598854423 0.0140856076 0.368787557
v -0.602197945 0.0256101862 0.368787557
v -0.607248902 0.0345738083 0.368787557
v -0.613580287 0.0409763381 0.368787467
v -0.620765388 0.0448179096 0.368787557
v -0.628377378 0.046098385 0.368787557
v -0.635989249 0.0448179096 0.368787557
v -0.643174291 0.0409763381 0.368787557
v -0.649505794 0.0345738083 0.368787557
v -0.652454972 0.0256101787 0.389184833
v 0.174642563 0.283170521 0.384722769
v 0.167449608 0.273874283 0.411284536
v 0.14235355 0.318079531 0.358374536
v 0.124595135 0.287843525 0.438006401
v 0.10380356 0.348475397 0.332292974
v 0.081174925 0.295290768 0.464834929
v 0.0593970269 0.373182356 0.306531578
v 0.0380581766 0.296509683 0.491716743
v 0.00971898064 0.391043544 0.281143755
v -0.00272202492 0.301255047 0.497879267
v -0.0444637984 0.400960386 0.256182551
v -0.0444637984 0.300469816 0.502921283
v -0.100176878 0.402088523 0.231701657
v -0.0852351487 0.294251919 0.506842911
v -0.154214457 0.394345343 0.207754299
v -0.123267129 0.283148408 0.509643912
v -0.205296129 0.378007174 0.184393898
v -0.15839833 0.26778239 0.511324644
v -0.251660287 0.352777779 0.162296131
v -0.190543622 0.248719022 0.511884868
v -0.291541159 0.319320083 0.142065838
v -0.219679624 0.226447031 0.511324644
v -0.324031562 0.279567838 0.123649575
v -0.245826662 0.201362833 0.509643853
v -0.348721504 0.235422835 0.106993929
v -0.269027978 0.173758999 0.506842792
v -0.365646452 0.188639864 0.0920457467
v -0.289325774 0.14381443 0.502921164
v -0.375220031 0.140728354 0.0787515342
v -0.31988734 -0.0765828267 0.511324584
v -0.325630575 -0.0389439277 0.509643853
v -0.327296913 -1.72760338e-07 0.506842852
v -0.324938744 0.0388623551 0.502921164
v -0.318763852 0.0763406083 0.497879237
v -0.306733578 0.111588955 0.497879237
v -0.378151536 0.0928689912 0.0670579746
v -0.387214422 0.0474912785 0.0670579672
v -0.439155132 0.025610242 0.129357159
v -0.503538847 0.0256102346 0.162607968
v -0.503262162 0.0345738605 0.166890085
v -0.443478078 0.040976394 0.141013011
v -0.502915144 0.0409763865 0.17225793
v -0.501687586 0.0448179543 0.19125624
v -0.501293898 0.0409763791 0.19734776
v -0.520128012 0.014085643 0.225213841
v -0.536939323 -3.49245965e-08 0.242443666
v -0.537402153 -0.0140856355 0.241547868
v -0.538681746 -0.0256102849 0.239071131
v -0.540614843 -0.0345738344 0.235329673
v -0.525092125 -0.044817932 0.207881913
v -0.502915263 -0.04097642 0.1722579
v -0.526816726 -0.0460984781 0.201860771
v -0.528541267 -0.044817932 0.195839629
v -0.470613122 -0.0140856868 0.141639382
v -0.503262162 -0.0345738158 0.16689007
v -0.503538847 -0.0256102663 0.162607968
v -0.390320688 -6.79865479e-08 0.0670579523
v -0.37534672 -0.0458469689 0.0569116436
v -0.366597801 -0.0896534175 0.0569116361
v -0.363516748 -0.135748878 0.0670579225
v -0.354670197 -0.18219316 0.0787514597
v -0.339213431 -0.228065848 0.0920456499
v -0.316539437 -0.272075653 0.106993817
v -0.286369413 -0.312636137 0.123649426
v -0.24882853 -0.347956479 0.142065674
v -0.204504952 -0.376147926 0.162295952
v -0.15449293 -0.395346284 0.184393644
v -0.100587949 -0.405055583 0.207754195
v -0.0444636494 -0.405732751 0.231701538
v 0.0105941519 -0.397359252 0.256182373
v 0.0614903569 -0.380703926 0.281143486
v 0.107352108 -0.356815398 0.306531489
v 0.147489861 -0.326824725 0.332292855
v 0.18139863 -0.291902006 0.358374387
v 0.208755195 -0.253218979 0.38472262
v 0.200442269 -0.244906068 0.411284506
v 0.159928679 -0.264154494 0.438006252
v 0.118193731 -0.276944518 0.46483478
v 0.0761605874 -0.283505499 0.491716653
v 0.0371620059 -0.293289661 0.497879118
v -0.00320472196 -0.297771275 0.502921164
v -0.0444636494 -0.296918869 0.506842732
v -0.0849055946 -0.290838718 0.509643793
v -0.122872181 -0.280065656 0.511324525
v -0.158270091 -0.265195787 0.511884689
v -0.3080796 -0.111942858 0.511324525
v -0.292031765 -0.144926205 0.511324525
v -0.272022814 -0.175216019 0.511324525
v -0.248331428 -0.202495232 0.511324525
v -0.221236482 -0.226447165 0.511324525
v -0.191016585 -0.246754751 0.511324525
v -0.620741725 -0.0460985228 0.397919208
v -0.613352954 -0.0448179767 0.395514011
v -0.605484843 -0.0345738679 0.381033242
v -0.649399161 0.0140855983 0.407247603
v -0.639901936 -7.7765435e-08 0.422088832
v -0.623902559 -0.0140857566 0.433028579
v -0.654556692 0.0256101862 0.368787557
v -0.655774832 0.0140856039 0.389761001
v 0.208755195 0.25321883 0.384722769
v 0.200442269 0.244905904 0.411284655
v 0.18139863 0.291901946 0.358374536
v 0.159928679 0.264154434 0.438006401
v 0.147489786 0.326824605 0.332292974
v 0.118193656 0.276944339 0.464834929
v 0.107352033 0.356815279 0.306531608
v 0.0761605054 0.283505321 0.491716802
v 0.061490275 0.380703807 0.281143665
v 0.0371619239 0.293289423 0.497879267
v 0.0105940774 0.397359192 0.256182611
v -0.00320480019 0.297771156 0.502921283
v -0.0444637984 0.405732632 0.231701747
v -0.0444637984 0.29691869 0.506842911
v -0.100588024 0.405055523 0.207754374
v -0.0847622007 0.29083842 0.509643912
v -0.154493004 0.395346344 0.184393823
v -0.122409053 0.280065417 0.511324644
v -0.204505026 0.376147866 0.162296131
v -0.157297701 0.265195549 0.511884868
v -0.24882853 0.347956479 0.142065838
v -0.189389899 0.246754572 0.511324644
v -0.286369413 0.312636137 0.123649582
v -0.218699902 0.22518073 0.509643912
v -0.316539437 0.272075653 0.106993936
v -0.245275244 0.200811431 0.506842852
v -0.33921352 0.228065878 0.0920457542
v -0.26917392 0.173871875 0.502921164
v -0.354670197 0.18219316 0.0787515491
v -0.290438771 0.144468114 0.497879237
v -0.363516748 0.135748819 0.0670579895
v -0.318474054 -0.0761545748 0.509643853
v -0.324905157 -0.0388372764 0.506842732
v -0.327480674 -1.72294676e-07 0.502921224
v -0.326213688 0.0390389785 0.497879207
v -0.321206152 0.0770203322 0.491716713
v -0.309068769 0.112582564 0.491716772
v -0.366597742 0.0896534324 0.0569116771
v -0.37534672 0.045846913 0.0569116659
v -0.438473433 0.0140856653 0.126216769
v -0.470613211 0.0140856635 0.141639456
v -0.439079076 0.0243644416 0.129012495
v -0.43854332 0.0123785771 0.126125336
v -0.470453471 -1.07102096e-08 0.140531778
v -0.528541267 0.0448179506 0.195839658
v -0.526816785 0.046098426 0.2018608
v -0.525092125 0.0448179506 0.207881957
v -0.520885468 0.0256102197 0.222569034
v -0.522029877 0.0345738456 0.218573719
v -0.543037951 -0.0409764349 0.230639711
v -0.545787752 -0.0448179357 0.225317463
v -0.530169249 -0.0409764275 0.190156132
v -0.503721952 -0.0140856896 0.15977326
v -0.378345519 -6.56582415e-08 0.0569116548
v -0.364889085 -0.0443979651 0.0482592694
v -0.356416702 -0.086819917 0.0482592583
v -0.352469623 -0.13104862 0.0569116212
v -0.343693942 -0.175746515 0.0670579076
v -0.329140574 -0.220271856 0.0787514448
v -0.308037072 -0.263573349 0.092045635
v -0.279886544 -0.304257751 0.106993802
v -0.244550914 -0.340673089 0.123649418
v -0.202317744 -0.371007085 0.142065659
v -0.153951734 -0.393401682 0.162295952
v -0.100730374 -0.406083703 0.184393719
v -0.0444636494 -0.408726454 0.20775412
v 0.0112494305 -0.402088642 0.231701478
v 0.0632016361 -0.386852622 0.256182373
v 0.110411882 -0.364006996 0.281143486
v 0.152083844 -0.334646523 0.306531489
v 0.187608406 -0.299927473 0.332292855
v 0.216563046 -0.261026859 0.358374387
v 0.238706887 -0.219106346 0.38472268
v 0.229410648 -0.211913407 0.411284447
v 0.191750512 -0.23621425 0.438006252
v 0.152189359 -0.254152298 0.46483478
v 0.111701876 -0.265891314 0.491716653
v 0.0748505592 -0.280426562 0.497879118
v 0.0362180546 -0.289897859 0.502921164
v -0.00369236991 -0.294252098 0.506842732
v -0.0444636494 -0.293474555 0.509643912
v -0.0846035779 -0.287672162 0.511324525
v -0.122456372 -0.27736026 0.511884689
v -0.15795058 -0.26310122 0.511324525
v -0.60210222 -0.0256103333 0.439946771
v -0.616544485 -0.0345738828 0.428598166
v -0.625045598 -0.0409764796 0.415179461
v -0.628130376 -0.0448179767 0.400324374
v -0.611771047 -0.0409764722 0.382124186
v -0.602197945 -0.0256103165 0.368787557
v -0.650572956 -7.49714673e-08 0.407629728
v -0.638774455 -0.0140857529 0.421564519
v -0.620971799 -0.0256103314 0.431263894
v -0.597976446 -0.0140856635 0.35615027
v -0.596779585 -6.23986125e-08 0.356355906
v -0.597976446 0.0140856132 0.35615021
v -0.601285577 0.0256101899 0.355581611
v -0.60628432 0.0345738158 0.354722619
v -0.612550318 0.0409763418 0.353645861
v -0.619661212 0.0448179133 0.352423966
v -0.627194762 0.0460983925 0.351129383
v -0.634728014 0.0448179133 0.3498348
v -0.641838968 0.0409763418 0.348612905
v -0.648105025 0.0345738158 0.347536117
v -0.653103828 0.0256101899 0.346677184
v -0.657900393 0.0140856076 0.368787557
v 0.238706887 0.219106287 0.384722769
v 0.229410648 0.211913258 0.411284626
v 0.216563046 0.26102674 0.358374536
v 0.191750512 0.236214161 0.438006401
v 0.187608346 0.299927413 0.332292974
v 0.152189359 0.254152119 0.464834929
v 0.152083755 0.334646463 0.306531549
v 0.111701876 0.265891075 0.491716743
v 0.110411882 0.364006937 0.281143665
v 0.0748504773 0.280426323 0.497879267
v 0.0632015541 0.386852443 0.256182551
v 0.0362179726 0.28989774 0.502921283
v 0.0112493522 0.402088523 0.231701717
v -0.00369236991 0.294251978 0.506842911
v -0.0444637984 0.408726454 0.207754314
v -0.0444637984 0.293474376 0.509644032
v -0.100730449 0.406083643 0.184393913
v -0.0843233764 0.287671864 0.511324644
v -0.153951794 0.393401742 0.162296131
v -0.121656127 0.277360022 0.511884868
v -0.202317744 0.371007085 0.142065838
v -0.156406552 0.263101041 0.511324644
v -0.244550914 0.340673149 0.123649508
v -0.188579455 0.245374873 0.509643912
v -0.279886544 0.304257751 0.106993951
v -0.218222827 0.224564224 0.506842911
v -0.308037072 0.263573349 0.0920457616
v -0.245405763 0.20094192 0.502921164
v -0.329140574 0.220271856 0.0787515566
v -0.270195365 0.174662232 0.497879237
v -0.343693942 0.175746545 0.067057997
v -0.292628884 0.145754457 0.491716713
v -0.352469623 0.13104856 0.0569116846
v -0.306862056 -0.111316912 0.509643793
v -0.317885518 -0.0759460777 0.506842852
v -0.325142533 -0.0388625488 0.502921164
v -0.328767121 -1.71829015e-07 0.497879267
v -0.328722268 0.0393866077 0.491716743
v -0.356416702 0.0868199468 0.0482592992
v -0.364889175 0.0443979092 0.0482592918
v -0.523464322 0.0409763716 0.213565454
v -0.548701048 -0.0460984856 0.219678968
v -0.531603694 -0.0345738232 0.185147852
v -0.503788352 -1.53668225e-08 0.158748016
v -0.367793083 -6.33299351e-08 0.0482592769
v -0.356546521 -0.0432419889 0.0410475656
v -0.348294735 -0.0845594853 0.0410475582
v -0.342735052 -0.126906738 0.0482592508
v -0.333333224 -0.169661388 0.0569116138
v -0.319067687 -0.212477863 0.0670579001
v -0.299029559 -0.254565835 0.0787514374
v -0.272529602 -0.294749677 0.0920456275
v -0.239188716 -0.331543386 0.106993794
v -0.199013591 -0.363241315 0.123649418
v -0.152455389 -0.388025045 0.142065659
v -0.10045363 -0.404086173 0.162295952
v -0.0444636494 -0.409763932 0.184393644
v 0.0116605051 -0.405055523 0.207754195
v 0.0644830763 -0.391456962 0.231701538
v 0.112913281 -0.369885981 0.256182373
v 0.156045184 -0.341391325 0.281143516
v 0.193162531 -0.307105482 0.306531489
v 0.223739594 -0.268203378 0.332292855
v 0.247438312 -0.225862414 0.358374417
v 0.264101356 -0.181229249 0.38472259
v 0.253971398 -0.175279677 0.411284447
v 0.21969071 -0.204392493 0.438006282
v 0.182806164 -0.227269977 0.464834809
v 0.144340679 -0.244008869 0.491716653
v 0.110005826 -0.263003647 0.497879118
v 0.0734707043 -0.277183533 0.502921164
v 0.0352645069 -0.286471784 0.506842732
v -0.00416532159 -0.290838659 0.509643793
v -0.0444636494 -0.29027915 0.511324584
v -0.0844225287 -0.284893155 0.511884689
v -0.122317329 -0.275169551 0.511324525
v -0.656975389 -7.03148544e-08 0.389969349
v -0.649398923 -0.0140857492 0.407247603
v -0.63565731 -0.0256103277 0.420114785
v -0.656413078 0.0140856151 0.346108496
v 0.264101416 0.181229115 0.384722739
v 0.253971517 0.175279498 0.411284626
v 0.247438222 0.225862369 0.358374536
v 0.21969071 0.204392388 0.438006371
v 0.223739594 0.268203259 0.332292974
v 0.182806164 0.227269799 0.464834929
v 0.193162531 0.307105482 0.306531608
v 0.144340679 0.244008645 0.491716743
v 0.156045109 0.341391146 0.281143665
v 0.110005826 0.263003469 0.497879267
v 0.112913221 0.369885862 0.256182551
v 0.0734707043 0.277183354 0.502921283
v 0.0644830093 0.391456842 0.231701657
v 0.0352644324 0.286471546 0.506842911
v 0.0116605051 0.405055583 0.207754374
v -0.00416532159 0.290838599 0.509643912
v -0.0444637984 0.409763932 0.184393853
v -0.0444637984 0.290279031 0.511324704
v -0.100453705 0.404086232 0.162296131
v -0.0839383304 0.284892976 0.511884868
v -0.152455389 0.388025105 0.142065853
v -0.121046454 0.275169432 0.511324644
v -0.199013591 0.363241255 0.12364959
v -0.155780613 0.26162982 0.509643912
v -0.239188716 0.331543446 0.106993958
v -0.188184872 0.24470295 0.506842911
v -0.272529662 0.294749796 0.0920457691
v -0.218335718 0.224710107 0.502921224
v -0.299029559 0.254565835 0.078751564
v -0.24631919 0.201855361 0.497879237
v -0.319067687 0.212477788 0.0670580044
v -0.272205204 0.176217362 0.491716713
v -0.333333224 0.169661418 0.0569116957
v -0.342735052 0.126906767 0.0482593067
v -0.291052759 -0.144115835 0.509643793
v -0.306471199 -0.111012109 0.506842792
v -0.31826368 -0.0759954229 0.502921164
v -0.326484889 -0.0390391722 0.497879207
v -0.33129853 -1.69500709e-07 0.491716743
v -0.348294735 0.0845595151 0.0410475992
v -0.356546521 0.0432420187 0.041047588
v -0.503722072 0.0140856598 0.159773335
v -0.532747924 0.0256102309 0.181152448
v -0.531603575 0.034573853 0.185147867
v -0.530169129 0.0409763828 0.190156072
v -0.551614285 0.0448179431 0.214040577
v -0.548701108 0.0460984223 0.219679013
v -0.545787752 0.0448179431 0.225317493
v -0.543038011 0.0409763716 0.2306398
v -0.538681746 0.025610216 0.239071131
v -0.537402034 0.0140856393 0.241547793
v -0.540614843 0.0345738418 0.235329702
v -0.560076952 -0.0409764387 0.248326659
v -0.563832462 -0.0448179394 0.243353173
v -0.551748216 -3.95812094e-08 0.259357154
v -0.552380264 -0.0140856393 0.258520067
v -0.554127753 -0.0256102886 0.256205559
v -0.556767821 -0.0345738381 0.252709299
v -0.567810833 -0.0460984893 0.238084108
v -0.551614225 -0.0448179357 0.214040533
v -0.554364145 -0.0409764312 0.20871827
v -0.556787252 -0.0345738269 0.204028279
v -0.533505559 -0.0140856951 0.178507656
v -0.533779621 -2.04890966e-08 0.177551031
v -0.532747924 -0.0256102718 0.181152448
v -0.35937494 -6.23986125e-08 0.0410475768
v -0.351023972 -0.0424767621 0.0352229886
v -0.342918217 -0.0830631629 0.0352229811
v -0.334969342 -0.123602614 0.0410475507
v -0.324203461 -0.16429919 0.0482592396
v -0.309559643 -0.205120876 0.0569116063
v -0.290022135 -0.245558396 0.0670578927
v -0.264735579 -0.28467685 0.0787514374
v -0.233103573 -0.321182668 0.0920456275
v -0.194871724 -0.353506744 0.106993794
v -0.150194913 -0.379903078 0.123649411
v -0.0996884033 -0.398563564 0.142065659
v -0.0444636494 -0.407748342 0.162295952
v 0.0118030012 -0.406083703 0.184393719
v 0.0652869269 -0.394345343 0.20775412
v 0.114786327 -0.37428844 0.231701538
v 0.159283534 -0.346905053 0.256182373
v 0.197951883 -0.313295186 0.281143516
v 0.230158448 -0.274622202 0.306531489
v 0.25546366 -0.232072115 0.332292855
v 0.273615777 -0.186817363 0.358374417
v 0.284542531 -0.139983758 0.38472268
v 0.273741573 -0.13538821 0.411284536
v 0.243379921 -0.169058934 0.438006282
v 0.209688485 -0.196653157 0.464834809
v 0.173735574 -0.218199417 0.491716713
v 0.14229019 -0.241358817 0.497879118
v 0.108219475 -0.259962142 0.502921164
v 0.0720769018 -0.273907661 0.506842732
v 0.0343396068 -0.283148587 0.509643793
v -0.00460407138 -0.287671983 0.511324525
v -0.0444636494 -0.287475109 0.511884689
v -0.0843954533 -0.28264302 0.511324525
v -0.122515246 -0.273630917 0.509643793
v -0.158085495 -0.261630058 0.509643793
v -0.271304548 -0.174236283 0.509643793
v -0.247875437 -0.201362967 0.509643793
v -0.221023783 -0.225180939 0.509643793
v -0.191007733 -0.245374992 0.509643674
v -0.630948365 -0.0345738791 0.417924762
v -0.635104835 -0.0409764759 0.402594686
v -0.63402009 -0.0448179767 0.385985494
v -0.62646246 -0.0460985228 0.384673893
v -0.618904889 -0.0448179767 0.383362293
v -0.613580227 -0.0409764685 0.368787557
v -0.607248902 -0.0345738679 0.368787557
v -0.659109652 -6.51925802e-08 0.368787557
v -0.655774772 -0.0140857454 0.389761001
v -0.64615351 -0.025610324 0.40619117
v -0.601285577 -0.0256103128 0.355581611
v -0.595295429 -0.0140856598 0.341950595
v -0.594135463 -5.91389835e-08 0.342323631
v -0.595295429 0.0140856151 0.341950595
v -0.598502159 0.0256101899 0.340919256
v -0.603346646 0.0345738195 0.33936128
v -0.609419107 0.0409763455 0.337408364
v -0.616310239 0.044817917 0.335192084
v -0.623611033 0.0460983962 0.332844228
v -0.630911648 0.044817917 0.330496371
v -0.637802839 0.0409763455 0.328280121
v -0.643875301 0.0345738195 0.326327175
v -0.648719728 0.0256101973 0.324769199
v -0.651926637 0.0140856188 0.323737949
v -0.65760994 -6.00703061e-08 0.34590286
v 0.284542531 0.139983684 0.384722739
v 0.273741573 0.135388121 0.411284626
v 0.273615867 0.186817288 0.358374506
v 0.24337998 0.169058844 0.438006371
v 0.25546366 0.232072085 0.332292974
v 0.209688485 0.196653008 0.464834899
v 0.230158448 0.274622142 0.306531608
v 0.173735574 0.218199208 0.491716802
v 0.197951809 0.313295126 0.281143665
v 0.14229019 0.241358608 0.497879267
v 0.159283534 0.346904993 0.256182551
v 0.1082194 0.259961903 0.502921283
v 0.114786327 0.37428838 0.231701717
v 0.0720769018 0.273907483 0.506842911
v 0.0652869269 0.394345343 0.207754299
v 0.0343396068 0.283148408 0.509643912
v 0.0118029304 0.406083643 0.184393913
v -0.00460414588 0.287671924 0.511324644
v -0.0444637984 0.407748401 0.162296146
v -0.0444637984 0.28747493 0.511884868
v -0.0996884704 0.398563504 0.142065853
v -0.0836265534 0.282642782 0.511324644
v -0.150194973 0.379903138 0.12364959
v -0.120618202 0.273630798 0.509643912
v -0.194871798 0.353506684 0.106993966
v -0.155475736 0.260913491 0.506842911
v -0.233103573 0.321182668 0.092045784
v -0.188278258 0.244862005 0.502921224
v -0.264735579 0.284676909 0.0787515715
v -0.219126046 0.225731522 0.497879267
v -0.290022135 0.245558426 0.0670580119
v -0.248116404 0.203652591 0.491716772
v -0.309559643 0.205120891 0.0569117032
v -0.324203461 0.164299205 0.0482593179
v -0.157046378 0.264604926 0.491716802
v -0.334969342 0.123602644 0.0410476066
v -0.290895522 -0.143721253 0.506842792
v -0.307047427 -0.111084245 0.502921104
v -0.31975019 -0.0763408765 0.497879207
v -0.329074413 -0.0393867977 0.491716653
v -0.31166181 -0.112582751 0.491716713
v -0.342918217 0.0830631852 0.0352230221
v -0.351023972 0.0424767919 0.0352230109
v -0.533505559 0.0140856542 0.178507745
v -0.558720291 0.0256102234 0.20028691
v -0.556787252 0.0345738493 0.204028293
v -0.554364085 0.0409763791 0.208718196
v -0.552380264 0.0140856355 0.258519977
v -0.564351678 -4.33064997e-08 0.276590705
v -0.565132856 -0.0140856439 0.275815964
v -0.567292094 -0.0256102942 0.273673981
v -0.570554197 -0.0345738456 0.270438164
v -0.574643195 -0.0409764424 0.266382009
v -0.579283655 -0.0448179431 0.261779189
v -0.571789443 -0.0448179394 0.232815146
v -0.558720291 -0.0256102756 0.20028691
v -0.575544775 -0.0409764349 0.227841616
v -0.578853965 -0.0345738307 0.22345899
v -0.559999883 -0.0140856998 0.197810188
v -0.560462773 -2.46800482e-08 0.19691439
v -0.353802264 -6.05359674e-08 0.0352229998
v -0.349026442 -0.042200014 0.030732289
v -0.340973467 -0.0825218931 0.0307322815
v -0.32982859 -0.121415392 0.0352229699
v -0.316920191 -0.160021499 0.0410475396
v -0.301181227 -0.198637962 0.0482592322
v -0.281519771 -0.237056032 0.0569115989
v -0.256941497 -0.274603963 0.0670578852
v -0.226656958 -0.310206413 0.0787514299
v -0.190171555 -0.342459738 0.0920456201
v -0.147361398 -0.369721889 0.106993787
v -0.0985324979 -0.390221059 0.123649411
v -0.0444636494 -0.402175665 0.142065659
v 0.0115262531 -0.404086173 0.162295952
v 0.0655655563 -0.395346344 0.184393644
v 0.115961432 -0.377050161 0.207754195
v 0.161708593 -0.351033866 0.231701538
v 0.201867029 -0.318355203 0.256182402
v 0.235693395 -0.280157149 0.281143516
v 0.262641788 -0.237626299 0.306531489
v 0.282360852 -0.191953555 0.332292885
v 0.294687331 -0.144300073 0.358374417
v 0.29963398 -0.0957662165 0.38472268
v 0.288337529 -0.0926223025 0.411284447
v 0.26244837 -0.130583256 0.438006282
v 0.232480615 -0.16265747 0.464834809
v 0.199544951 -0.188804522 0.491716623
v 0.171365887 -0.2158297 0.497879177
v 0.14013049 -0.238567621 0.502921164
v 0.106414974 -0.25688982 0.506842732
v 0.0707250312 -0.270730257 0.509643793
v 0.0334816054 -0.280065656 0.511324525
v -0.00498912111 -0.284893155 0.511884689
v -0.0444636494 -0.285204649 0.511324525
v -0.0845552757 -0.281062603 0.509643793
v -0.271391451 -0.173759207 0.506842792
v -0.248192385 -0.200811639 0.506842792
v -0.2215316 -0.224564359 0.506842732
v -0.19164224 -0.244703129 0.506842673
v -0.158757582 -0.26091361 0.506842732
v -0.123110756 -0.272881687 0.506842673
v -0.628377318 -0.0460985191 0.368787557
v -0.620765388 -0.0448179692 0.368787557
v -0.60628432 -0.0345738605 0.354722619
v -0.657900333 -0.0140857399 0.368787557
v -0.652454972 -0.0256103221 0.389184833
v -0.64125067 -0.0345738754 0.404595166
v -0.598502159 -0.0256103091 0.340919256
v -0.590740919 -0.0140856551 0.326502979
v -0.589641869 -5.54136932e-08 0.3270109
v -0.590740919 0.0140856188 0.326502979
v -0.593779802 0.0256101973 0.325098902
v -0.610654891 0.0448179208 0.317302048
v -0.617573082 0.0460983999 0.314105719
v -0.624491155 0.0448179208 0.310909212
v -0.631021261 0.0409763493 0.307892114
v -0.653086424 -5.44823706e-08 0.323364913
v -0.656413019 -0.0140857361 0.346108496
v 0.29963398 0.0957661569 0.384722739
v 0.288337529 0.092622228 0.411284626
v 0.294687331 0.144300014 0.358374506
v 0.26244837 0.130583167 0.438006371
v 0.282360941 0.19195354 0.332292944
v 0.232480675 0.16265738 0.464834899
v 0.262641788 0.237626284 0.306531608
v 0.199544951 0.188804299 0.491716772
v 0.235693395 0.28015703 0.281143665
v 0.171365887 0.215829507 0.497879237
v 0.201867029 0.318355083 0.256182522
v 0.14013049 0.238567397 0.502921283
v 0.161708593 0.351033866 0.231701657
v 0.106414974 0.256889582 0.506842852
v 0.115961432 0.377050221 0.207754299
v 0.0707249567 0.270730138 0.509643912
v 0.0655654818 0.395346344 0.184393823
v 0.0334816054 0.280065417 0.511324644
v 0.0115261786 0.404086232 0.162296131
v -0.00498912111 0.284892976 0.511884868
v -0.0444637984 0.402175665 0.142065853
v -0.0444637984 0.285204411 0.511324644
v -0.0985325724 0.390221059 0.123649597
v -0.0834076256 0.281062424 0.509643912
v -0.147361487 0.369721949 0.106993966
v -0.120409705 0.272881508 0.506842911
v -0.190171555 0.342459679 0.092045784
v -0.155547887 0.261083007 0.502921224
v -0.226656958 0.310206473 0.0787515715
v -0.188931957 0.245974943 0.497879267
v -0.256941587 0.274603963 0.0670580193
v -0.220681176 0.227741376 0.491716802
v -0.281519771 0.237056047 0.0569117106
v -0.301181227 0.198637962 0.0482593253
v -0.316920131 0.160021514 0.0410476178
v -0.19021827 0.248165086 0.491716802
v -0.228524387 -0.227741599 0.491716623
v -0.32982859 0.121415421 0.0352230296
v -0.291697085 -0.143814623 0.502921104
v -0.30873087 -0.111589223 0.497879177
v -0.322486639 -0.0770205185 0.491716743
v -0.340973467 0.0825219154 0.0307323206
v -0.349026501 0.0422000401 0.0307323094
v -0.571789443 0.0448179394 0.232815176
v -0.567810893 0.0460984185 0.238084152
v -0.563832462 0.0448179394 0.243353203
v -0.560077012 0.0409763679 0.248326749
v -0.556767821 0.0345738381 0.252709299
v -0.554127812 0.0256102122 0.256205559
v -0.584199667 -0.046098493 0.256902754
v -0.589115679 -0.0448179431 0.252026409
v -0.581493974 -0.0256102793 0.219962716
v -0.559999883 0.0140856504 0.197810188
v -0.351786643 -5.91389835e-08 0.0307323001
v -0.348559409 -0.0421352871 0.0268996414
v -0.340518802 -0.0823953599 0.0268996321
v -0.327969134 -0.120624289 0.0307322722
v -0.31209892 -0.157189801 0.0352229625
v -0.294497371 -0.193466246 0.0410475321
v -0.274027646 -0.229563832 0.0482592247
v -0.249584615 -0.26509589 0.0569115914
v -0.220210254 -0.299230218 0.0670578778
v -0.185192004 -0.330756366 0.0787514225
v -0.144145846 -0.358168185 0.0920456201
v -0.0970834941 -0.379763424 0.106993787
v -0.0444636494 -0.393757522 0.123649411
v 0.0107610263 -0.398563504 0.142065659
v 0.0650242865 -0.393401682 0.162295952
v 0.116368622 -0.378007233 0.184393719
v 0.163229883 -0.353624165 0.20775412
v 0.204798937 -0.32214427 0.231701493
v 0.240218222 -0.284681976 0.256182402
v 0.268831491 -0.242415577 0.281143516
v 0.290182769 -0.196547538 0.306531429
v 0.304011732 -0.148267329 0.332292885
v 0.310244083 -0.09871912 0.358374417
v 0.308979422 -0.048972901 0.384722769
v 0.297376215 -0.0473651253 0.411284596
v 0.276526302 -0.0893351436 0.438006282
v 0.250827104 -0.125638753 0.464834809
v 0.2214275 -0.156165704 0.491716623
v 0.196894988 -0.186754003 0.497879177
v 0.168869898 -0.213333711 0.502921164
v 0.137948886 -0.235748127 0.506842732
v 0.104664773 -0.253909767 0.509643793
v 0.0694708079 -0.267782569 0.511324525
v 0.0327286795 -0.27736026 0.511884689
v -0.00530089438 -0.28264302 0.511324525
v -0.0444636494 -0.283609927 0.509643853
v -0.0849350765 -0.280293047 0.506842732
v -0.641153872 -0.0409764722 0.387223512
v -0.635989249 -0.0448179692 0.368787557
v -0.612550259 -0.0409764647 0.353645861
v -0.654556692 -0.0256103165 0.368787557
v -0.647440135 -0.0345738716 0.388314545
v -0.598370314 0.0345738232 0.32297799
v -0.604124725 0.0409763493 0.320319235
v -0.636775672 0.0345738269 0.305233359
v -0.641366184 0.0256102011 0.303112388
v -0.644405186 0.0140856262 0.30170837
v -0.645504236 -4.93600965e-08 0.301200449
v -0.651926637 -0.0140857305 0.323737949
v -0.653103828 -0.025610311 0.346677184
v 0.308979422 0.0489728302 0.38472271
v 0.297376215 0.0473651253 0.411284477
v 0.310244083 0.0987190679 0.358374506
v 0.276526302 0.0893350467 0.438006371
v 0.304011732 0.148267314 0.332292944
v 0.250827104 0.125638649 0.464834899
v 0.290182769 0.196547508 0.306531578
v 0.2214275 0.156165496 0.491716772
v 0.268831372 0.242415562 0.281143636
v 0.196894988 0.186753884 0.497879237
v 0.240218222 0.284681916 0.256182522
v 0.168869898 0.213333502 0.502921283
v 0.204798937 0.32214427 0.231701627
v 0.137948886 0.235747933 0.506842911
v 0.163229883 0.353624105 0.207754299
v 0.104664713 0.253909588 0.509643912
v 0.116368622 0.378007174 0.184393823
v 0.0694708079 0.26778239 0.511324644
v 0.0650242865 0.393401742 0.162296131
v 0.0327285975 0.277360022 0.511884868
v 0.0107609555 0.398563564 0.142065853
v -0.00530089438 0.282642782 0.511324644
v -0.0444637984 0.393757582 0.123649597
v -0.0444637984 0.283609688 0.509643972
v -0.0970834941 0.379763305 0.106993966
v -0.0833009779 0.280292749 0.506842852
v -0.144145936 0.358168185 0.0920457914
v -0.12045905 0.273058832 0.502921224
v -0.185192078 0.330756307 0.0787515789
v -0.156052858 0.262269735 0.497879267
v -0.220210254 0.299230337 0.0670580193
v -0.249584615 0.26509589 0.0569117218
v -0.274027646 0.229563922 0.0482593365
v -0.294497371 0.193466276 0.0410476252
v -0.312098831 0.157189816 0.035223037
v 0.131753728 0.227741376 0.491716743
v -0.00507709756 0.284258485 0.491716802
v -0.296726525 -0.14575465 0.491716713
v -0.277807474 -0.176217556 0.491716713
v -0.327969134 0.120624319 0.0307323299
v -0.272415936 -0.173872083 0.502921104
v -0.293594956 -0.144468322 0.497879177
v -0.340518802 0.0823953897 0.026899673
v -0.348559499 0.0421353169 0.0268996619
v -0.581493974 0.0256102197 0.219962716
v -0.578853905 0.0345738456 0.223459005
v -0.575544655 0.0409763716 0.227841631
v -0.565132797 0.01408563 0.275815904
v -0.574821115 -4.703179e-08 0.293824196
v -0.575730145 -0.0140856477 0.293121308
v -0.578243196 -0.0256102979 0.291177899
v -0.582039773 -0.0345738456 0.288242191
v -0.586798608 -0.0409764498 0.284562081
v -0.592199266 -0.0448179469 0.280385852
v -0.597920537 -0.0460984968 0.275961518
v -0.59375608 -0.0409764387 0.24742344
v -0.583241582 -0.0140857045 0.217648283
v -0.597845197 -0.0345738381 0.243367359
v -0.601107121 -0.0256102849 0.240131631
v -0.583873689 -2.93366611e-08 0.216811135
v -0.583241582 0.0140856467 0.217648357
v -0.351315439 -5.91389835e-08 0.0268996526
v -0.346558869 -0.0418580845 0.0231203139
v -0.338571131 -0.0818533301 0.0231203046
v -0.327534378 -0.120439261 0.0268996228
v -0.310355008 -0.156165585 0.0307322629
v -0.290072829 -0.190042734 0.035222955
v -0.26805073 -0.223586917 0.0410475209
v -0.243101746 -0.256717503 0.0482592173
v -0.214125052 -0.2888695 0.0569115877
v -0.180212528 -0.319052994 0.0670578778
v -0.140739277 -0.345928013 0.0787514225
v -0.0954391211 -0.367895901 0.0920456126
v -0.0444636494 -0.383205116 0.106993787
v 0.00960505381 -0.390221059 0.123649411
v 0.0635279492 -0.388025105 0.142065659
v 0.115577504 -0.376147926 0.162295952
v 0.163757071 -0.354521632 0.184393644
v 0.206638157 -0.324521303 0.207754135
v 0.243606478 -0.288070261 0.231701568
v 0.273891419 -0.246330783 0.256182402
v 0.296927512 -0.200508967 0.281143516
v 0.312351644 -0.151815802 0.306531519
v 0.319996089 -0.10143321 0.332292885
v 0.319877684 -0.0504829399 0.358374476
v 0.312182665 -6.89178705e-08 0.38472271
v 0.300474256 -7.59027898e-08 0.411284596
v 0.285244226 -0.0456841588 0.438006312
v 0.264371961 -0.0859524086 0.464834809
v 0.239041686 -0.120624326 0.491716713
v 0.218539834 -0.154469654 0.497879177
v 0.194103792 -0.184594303 0.502921164
v 0.166348621 -0.210812435 0.506842792
v 0.135832831 -0.233013332 0.509643793
v 0.103041038 -0.251145244 0.511324525
v 0.0683702528 -0.265195787 0.511884689
v 0.0321190059 -0.275169551 0.511324525
v -0.00551989675 -0.281062603 0.509643793
v -0.0444636494 -0.282833278 0.506842732
v -0.249407306 -0.200942144 0.502921104
v -0.222874552 -0.224710301 0.502921104
v -0.19302088 -0.244862139 0.502921104
v -0.160049677 -0.261083186 0.502921104
v -0.124164201 -0.273059011 0.502921104
v -0.0855677724 -0.28047514 0.502921104
v -0.627194703 -0.0460985154 0.351129383
v -0.619661212 -0.0448179655 0.352423966
v -0.603346646 -0.0345738605 0.33936128
v -0.649505794 -0.0345738679 0.368787557
v -0.593779802 -0.0256103054 0.325098991
v -0.584242761 -0.0140856523 0.310121715
v -0.583227336 -5.16884029e-08 0.31073761
v -0.584242761 0.0140856244 0.310121715
v -0.587049484 0.0256102011 0.308418989
v -0.591289878 0.0345738269 0.30584681
v -0.602637053 0.0448178537 0.298963308
v -0.609027386 0.0460984036 0.29508695
v -0.6154176 0.0448179282 0.291210473
v -0.621449471 0.0409763604 0.287551373
v -0.626764715 0.0345737562 0.28432706
v -0.644405007 -0.0140857249 0.30170837
v -0.648719728 -0.0256103054 0.324769199
v -0.648105085 -0.0345738605 0.347536117
v 0.319877684 0.0504828915 0.358374476
v 0.285244167 0.0456840694 0.438006312
v 0.319996089 0.101433173 0.332292944
v 0.264371961 0.0859523192 0.464834899
v 0.312351644 0.151815787 0.306531578
v 0.239041686 0.120624214 0.491716772
v 0.296927512 0.200508863 0.281143636
v 0.218539834 0.154469445 0.497879237
v 0.273891419 0.246330813 0.256182522
v 0.194103792 0.18459411 0.502921283
v 0.243606478 0.288070202 0.231701702
v 0.166348621 0.210812226 0.506842852
v 0.206638157 0.324521244 0.207754359
v 0.135832831 0.233013138 0.509643912
v 0.163757071 0.354521632 0.184393823
v 0.103041038 0.251145065 0.511324584
v 0.115577504 0.376147866 0.162296131
v 0.0683701783 0.265195549 0.511884868
v 0.0635278821 0.388025045 0.142065853
v 0.032118924 0.275169432 0.511324644
v 0.00960497558 0.390221059 0.123649597
v -0.00551989675 0.281062424 0.509643912
v -0.0444637984 0.383205116 0.106993966
v -0.0444637984 0.282833099 0.506842911
v -0.0954392031 0.367895782 0.0920457914
v -0.0833261758 0.280474961 0.502921224
v -0.140739352 0.345927954 0.0787515789
v -0.120804504 0.274300039 0.497879267
v -0.180212602 0.319052994 0.0670580268
v -0.214125127 0.2888695 0.0569117256
v -0.243101746 0.256717503 0.0482593402
v -0.26805073 0.223587006 0.041047629
v -0.290072829 0.190042734 0.0352230482
v -0.310354948 0.15616563 0.0307323374
v 0.220141321 0.112582564 0.491716772
v 0.239794821 -0.0393867232 0.491716743
v 0.101290822 0.248165086 0.491716743
v 0.0681189299 0.264604926 0.491716802
v -0.0444637984 0.286834717 0.491716802
v -0.0838504285 0.284258485 0.491716743
v -0.121484227 0.276742339 0.491716802
v -0.274510503 -0.174662426 0.497879177
v -0.255031168 -0.203652784 0.491716713
v -0.327534378 0.120439291 0.0268996805
v -0.338571131 0.0818533674 0.0231203437
v -0.346558928 0.041858118 0.0231203344
v -0.589115798 0.0448179357 0.252026439
v -0.584199667 0.0460984148 0.256902784
v -0.579283655 0.0448179357 0.261779219
v -0.574643314 0.0409763642 0.266382098
v -0.570554197 0.0345738307 0.270438254
v -0.567292094 0.0256102085 0.273673892
v -0.603642225 -0.0448179469 0.271537185
v -0.609042823 -0.0409764424 0.267360896
v -0.603266537 -0.01408571 0.237989619
v -0.349296808 -5.77419996e-08 0.0231203251
v -0.34212622 -0.0412439108 0.0194477886
v -0.334255725 -0.0806522816 0.0194477793
v -0.325672179 -0.119646966 0.0231202971
v -0.309947222 -0.155926108 0.0268996134
v -0.288472474 -0.188804388 0.0307322554
v -0.264094114 -0.219630376 0.0352229476
v -0.237929985 -0.250033647 0.0410475172
v -0.208762929 -0.279739678 0.0482592098
v -0.175512284 -0.308005869 0.056911584
v -0.137332708 -0.333687842 0.0670578778
v -0.0936970264 -0.355323255 0.0787514225
v -0.0444636494 -0.371230006 0.0920456126
v 0.00815605 -0.379763365 0.106993787
v 0.0612675324 -0.379903138 0.123649411
v 0.113390297 -0.371007085 0.142065659
v 0.162732854 -0.352777839 0.162295952
v 0.207275599 -0.32534498 0.184393734
v 0.245732069 -0.290195823 0.20775421
v 0.277680546 -0.249262691 0.231701508
v 0.302441269 -0.203747287 0.256182402
v 0.319543242 -0.154875651 0.281143546
v 0.328718662 -0.103860803 0.306531429
v 0.329894662 -0.0518708825 0.332292974
v 0.323179603 -6.28642738e-08 0.358374476
v 0.288232327 -8.19563866e-08 0.438006312
v 0.272759795 -0.043954365 0.464834839
v 0.252046019 -0.0825219974 0.491716623
v 0.235962719 -0.119314298 0.497879177
v 0.215498298 -0.152683228 0.502921164
v 0.191284314 -0.182412699 0.506842792
v 0.163903087 -0.208366901 0.509643793
v 0.133869782 -0.23047632 0.511324525
v 0.101616174 -0.248719171 0.511884689
v 0.0674790367 -0.26310122 0.511324525
v 0.031690754 -0.273630917 0.509643793
v -0.00562654808 -0.280292988 0.506842673
v -0.0444636494 -0.283017039 0.502921164
v -0.64317435 -0.0409764685 0.368787467
v -0.634728014 -0.0448179655 0.3498348
v -0.623610914 -0.0460985117 0.332844228
v -0.616310239 -0.0448179618 0.335192084
v -0.609419048 -0.040976461 0.337408364
v -0.596605182 0.0409763567 0.302622467
v -0.631005108 0.0256102085 0.281754851
v -0.633812129 0.01408563 0.280052125
v -0.634827316 -4.3772161e-08 0.279436201
v -0.633811951 -0.0140856449 0.280052125
v -0.641366243 -0.0256102998 0.303112388
v -0.64387536 -0.0345738567 0.326327175
v 0.329894662 0.0518708453 0.332292914
v 0.272759736 0.0439542644 0.464834839
v 0.328718662 0.103860781 0.306531578
v 0.252046019 0.0825218856 0.491716772
v 0.319543242 0.154875562 0.281143606
v 0.235962719 0.119314179 0.497879237
v 0.302441269 0.203747302 0.256182522
v 0.215498298 0.152683094 0.502921283
v 0.277680486 0.249262616 0.231701612
v 0.191284314 0.182412505 0.506842852
v 0.245732069 0.290195823 0.207754359
v 0.163903087 0.208366781 0.509643853
v 0.20727551 0.32534498 0.184393883
v 0.133869782 0.230476111 0.511324644
v 0.162732854 0.352777779 0.162296131
v 0.101616114 0.248718962 0.511884868
v 0.113390207 0.371007085 0.142065838
v 0.0674790367 0.263101041 0.511324644
v 0.0612674579 0.379903078 0.12364959
v 0.031690754 0.273630798 0.509643912
v 0.00815597922 0.379763424 0.106993966
v -0.00562654808 0.280292809 0.506842911
v -0.0444637984 0.371229947 0.0920457914
v -0.0444637984 0.283016801 0.502921283
v -0.0936971009 0.355323136 0.0787515938
v -0.0835028738 0.281749845 0.497879267
v -0.137332767 0.333687842 0.0670580342
v -0.175512359 0.308005869 0.0569117293
v -0.208762929 0.279739738 0.048259344
v -0.237929985 0.250033677 0.0410476401
v -0.264094114 0.21963039 0.0352230519
v -0.288472474 0.188804433 0.0307323448
v -0.309947222 0.155926153 0.0268996879
v 0.239794821 0.0393866077 0.491716653
v 0.232278645 0.0770204142 0.491716772
v 0.203701377 0.145754457 0.491716772
v 0.183277756 0.176217422 0.491716772
v 0.130198598 0.225731522 0.497879267
v 0.100004509 0.245974943 0.497879267
v 0.0671253279 0.262269735 0.497879267
v 0.0325567052 0.276742339 0.491716743
v -0.00542464852 0.281749845 0.497879267
v -0.0444637984 0.284303308 0.497879356
v -0.251645207 -0.201855481 0.497879177
v -0.225167304 -0.225731745 0.497879177
v 0.0681189299 -0.264605165 0.491716653
v -0.0877239481 -0.284258664 0.491716653
v -0.325672179 0.119646996 0.0231203549
v -0.334255725 0.0806523189 0.0194478184
v -0.34212628 0.0412439443 0.0194478091
v -0.601107121 0.025610216 0.240131572
v -0.597845137 0.0345738418 0.243367389
v -0.59375608 0.0409763679 0.247423455
v -0.575730145 0.0140856262 0.293121308
v -0.587049484 -0.0256103016 0.308419079
v -0.591289878 -0.034573853 0.30584681
v -0.596605062 -0.0409764536 0.302622467
v -0.602637053 -0.0448179543 0.298963457
v -0.609027386 -0.0460985005 0.29508689
v -0.6154176 -0.0448179543 0.291210443
v -0.613801718 -0.0345738381 0.263680875
v -0.604047596 -3.3993274e-08 0.237214878
v -0.617598236 -0.0256102905 0.260745168
v -0.620111406 -0.0140856393 0.258801758
v -0.603266537 0.0140856393 0.237989709
v -0.344823897 -5.68106771e-08 0.0194477998
v -0.334362298 -0.0401681811 0.0159352403
v -0.326697081 -0.0785486102 0.015935231
v -0.321545988 -0.117891371 0.0194477718
v -0.308200717 -0.154900342 0.0231202878
v -0.288098305 -0.188514888 0.0268996079
v -0.262663007 -0.218199298 0.030732248
v -0.234506443 -0.245609015 0.0352229401
v -0.204485238 -0.272456408 0.0410475135
v -0.171370476 -0.298271358 0.0482592061
v -0.134117156 -0.322134018 0.0569115765
v -0.0919549987 -0.342750609 0.0670578703
v -0.0444636494 -0.358543456 0.0787514225
v 0.00651167706 -0.367895842 0.0920456126
v 0.0584340319 -0.369721889 0.106993787
v 0.110086143 -0.363241315 0.123649418
v 0.159901083 -0.347956479 0.142065674
v 0.206037253 -0.323744655 0.162295967
v 0.246468633 -0.290932357 0.184393734
v 0.28005752 -0.251101911 0.207754225
v 0.306570202 -0.206172347 0.231701508
v 0.325422198 -0.15737696 0.256182432
v 0.336240113 -0.105954126 0.281143576
v 0.338854104 -0.0531122759 0.306531549
v 0.333287358 -5.68106771e-08 0.332292914
v 0.275634706 -8.7544322e-08 0.464834839
v 0.260099053 -0.0422000475 0.491716743
v 0.248825818 -0.0816257522 0.497879207
v 0.232719719 -0.117934525 0.502921164
v 0.212425977 -0.150878802 0.506842732
v 0.188549504 -0.180296659 0.509643793
v 0.161634415 -0.206098244 0.511324525
v 0.132147104 -0.228249937 0.511884749
v 0.100462377 -0.246754751 0.511324525
v 0.0668530762 -0.261630058 0.509643793
v 0.0314822569 -0.272881687 0.506842732
v -0.00560127199 -0.28047514 0.502921104
v -0.195244402 -0.245975137 0.497879118
v -0.162044764 -0.262269914 0.497879118
v -0.125736058 -0.274300218 0.497879118
v -0.0864864439 -0.281749964 0.497879118
v -0.0444636494 -0.284303546 0.497879207
v -0.641838968 -0.040976461 0.348612845
v -0.630911648 -0.0448179618 0.330496371
v -0.598370314 -0.0345738567 0.32297799
v -0.578243315 0.0256102048 0.291177899
v -0.582039773 0.0345738269 0.288242221
v -0.586798787 0.0409763604 0.284562111
v -0.592199266 0.044817932 0.280385792
v -0.597920775 0.0460984074 0.275961548
v -0.603642225 0.044817932 0.271537244
v -0.609042645 0.0409763642 0.267360926
v -0.613801658 0.0345738381 0.263680905
v -0.617598236 0.0256102122 0.260745168
v -0.631005108 -0.0256102961 0.281754851
v -0.636775732 -0.034573853 0.305233359
v -0.637802839 -0.0409764573 0.328280121
v 0.338854104 0.0531122498 0.306531549
v 0.260098994 0.0421999358 0.491716653
v 0.336240113 0.105954029 0.281143606
v 0.248825818 0.0816256329 0.497879237
v 0.325422198 0.15737696 0.256182492
v 0.232719719 0.117934339 0.502921283
v 0.306570202 0.206172362 0.231701687
v 0.212425977 0.150878593 0.506842852
v 0.28005752 0.251101851 0.207754269
v 0.188549504 0.180296466 0.509643853
v 0.246468633 0.290932417 0.184393883
v 0.161634415 0.20609802 0.511324644
v 0.206037253 0.323744655 0.162296116
v 0.132147104 0.228249729 0.511884868
v 0.159901083 0.347956479 0.142065838
v 0.100462377 0.246754572 0.511324644
v 0.110086083 0.363241255 0.12364959
v 0.0668530762 0.26162982 0.509643912
v 0.0584339574 0.369721949 0.106993966
v 0.031482175 0.272881508 0.506842852
v 0.00651167706 0.367895842 0.0920457914
v -0.00560134649 0.280474961 0.502921224
v -0.0444637984 0.358543456 0.0787515938
v -0.0919550732 0.342750609 0.0670580342
v -0.134117216 0.322134078 0.056911733
v -0.171370551 0.298271358 0.0482593477
v -0.204485297 0.272456467 0.0410476439
v -0.234506443 0.24560912 0.0352230556
v -0.262663007 0.218199328 0.0307323523
v -0.288098305 0.188514933 0.0268996973
v -0.308200717 0.154900372 0.0231203604
v 0.242370993 -9.406358e-08 0.491716743
v 0.23728615 0.039039053 0.497879207
v 0.229836404 0.0763406903 0.497879237
v 0.217806131 0.111589037 0.497879237
v 0.201511309 0.144468114 0.497879237
v 0.181267902 0.174662232 0.497879237
v 0.159188956 0.203652591 0.491716772
v 0.157391667 0.201855361 0.497879237
v 0.12940827 0.224710107 0.502921224
v 0.0993508101 0.244861946 0.502921224
v 0.0666204318 0.261083007 0.502921224
v 0.0318769813 0.274300039 0.497879267
v -0.198413536 -0.24816522 0.491716594
v -0.164825454 -0.264605165 0.491716653
v -0.0444636494 -0.286834896 0.491716653
v -0.00507701933 -0.284258664 0.491716594
v 0.183277756 -0.176217556 0.491716623
v -0.321545988 0.117891394 0.0194478277
v -0.326697081 0.0785486475 0.0159352683
v -0.334362298 0.0401681438 0.0159352589
v -0.62144953 -0.0409764498 0.287551373
v -0.626764774 -0.0345738456 0.28432712
v -0.621020317 -3.86498868e-08 0.258098781
v -0.336989611 -5.63450158e-08 0.0159352515
v -0.322368443 -0.0385062583 0.0126361409
v -0.315020293 -0.0752988607 0.0126361325
v -0.314318836 -0.114816435 0.0159352235
v -0.304330856 -0.152627468 0.0194477625
v -0.286495566 -0.187274769 0.0231202804
v -0.262328446 -0.217864722 0.0268996004
v -0.233268216 -0.24400875 0.0307322424
v -0.20165354 -0.267635107 0.0352229364
v -0.168066353 -0.290505528 0.0410475098
v -0.131283641 -0.311953008 0.0482592061
v -0.0903106257 -0.330882967 0.0569115765
v -0.0444636494 -0.345856845 0.0670578703
v 0.00476965681 -0.355323195 0.0787514225
v 0.0552184805 -0.358168244 0.0920456201
v 0.105944276 -0.353506744 0.106993794
v 0.155623466 -0.340673089 0.123649351
v 0.202613726 -0.319320023 0.142065689
v 0.245037556 -0.289501309 0.162295967
v 0.280881256 -0.251739264 0.184393764
v 0.309160382 -0.207693636 0.20775415
v 0.329824716 -0.159250095 0.231701598
v 0.342388779 -0.107665323 0.256182432
v 0.342328101 -5.12227416e-08 0.306531549
v 0.262859195 -9.406358e-08 0.491716743
v 0.256791323 -0.0417417958 0.497879207
v 0.245434016 -0.0806818008 0.502921224
v 0.229443878 -0.116540737 0.506842792
v 0.209445953 -0.149128616 0.509643793
v 0.186012477 -0.178333595 0.511324525
v 0.159643546 -0.204107359 0.511884749
v 0.130752176 -0.226447165 0.511324525
v 0.0996520072 -0.245375067 0.509643793
v 0.0665482804 -0.26091361 0.506842732
v 0.0315316021 -0.273059011 0.502921104
v -0.00542464852 -0.281749964 0.497879118
v -0.617572963 -0.0460985079 0.314105719
v -0.610654891 -0.044817958 0.317302048
v -0.604124606 -0.0409764536 0.320319235
v -0.620111406 0.0140856355 0.258801758
v -0.63102138 -0.0409764536 0.307892114
v 0.256791323 0.0417416804 0.497879207
v 0.342388839 0.107665315 0.256182492
v 0.245434016 0.0806816816 0.502921283
v 0.329824716 0.159250095 0.231701672
v 0.229443878 0.116540603 0.506842852
v 0.309160382 0.207693577 0.207754269
v 0.209446013 0.149128407 0.509643853
v 0.280881166 0.251739323 0.184393868
v 0.186012477 0.178333402 0.511324644
v 0.245037556 0.289501369 0.162296116
v 0.159643546 0.20410715 0.511884809
v 0.202613652 0.319320083 0.142065838
v 0.130752176 0.226447031 0.511324644
v 0.155623391 0.340673149 0.123649582
v 0.0996520072 0.245374784 0.509643853
v 0.105944276 0.353506684 0.106993966
v 0.0665482804 0.260913491 0.506842911
v 0.055218406 0.358168185 0.0920457914
v 0.0315315276 0.273058832 0.502921224
v 0.00476957858 0.355323195 0.0787515938
v -0.0444637984 0.345856905 0.0670580342
v -0.0903107002 0.330882967 0.056911733
v -0.13128373 0.311953008 0.0482593514
v -0.168066427 0.290505588 0.0410476476
v -0.20165354 0.267635226 0.0352230668
v -0.233268216 0.244008794 0.0307323597
v -0.262328446 0.217864752 0.0268997028
v -0.286495566 0.187274799 0.0231203698
v -0.304330856 0.152627513 0.0194478352
v 0.23728615 -0.0390391722 0.497879207
v 0.239839613 -9.63918865e-08 0.497879207
v 0.236011297 0.0388623551 0.502921164
v 0.228595167 0.0759952366 0.502921164
v 0.216619372 0.111084059 0.502921164
v 0.200398311 0.14381443 0.502921164
v 0.180246487 0.173871875 0.502921164
v 0.156478316 0.20094192 0.502921164
v 0.129295379 0.224564224 0.506842852
v 0.0992574394 0.24470295 0.506842852
v -0.127886742 -0.276742518 0.491716594
v 0.0325567797 -0.276742518 0.491716653
v 0.101290822 -0.24816522 0.491716653
v 0.131753728 -0.227741599 0.491716713
v 0.203701377 -0.14575465 0.491716623
v 0.220141321 -0.112582751 0.491716713
v -0.314318836 0.114816479 0.0159352776
v -0.315020293 0.0752988979 0.0126361689
v -0.322368443 0.0385062955 0.0126361605
v -0.324887007 -5.54136932e-08 0.0126361512
v -0.305245578 -0.0361337811 0.00960381702
v -0.298350215 -0.0706593618 0.0096038077
v -0.3031542 -0.110066161 0.0126361242
v -0.297552735 -0.148646459 0.0159352142
v -0.282944143 -0.184526846 0.0194477551
v -0.260895193 -0.216431469 0.0231202748
v -0.232978627 -0.243634552 0.0268995948
v -0.200629324 -0.265891194 0.0307322368
v -0.16587913 -0.285364807 0.0352229327
v -0.129023224 -0.303830922 0.041047506
v -0.0888616294 -0.320425332 0.0482592024
v -0.0444636494 -0.333881676 0.0569115765
v 0.00302762911 -0.342750609 0.0670578703
v 0.0518118292 -0.345928013 0.0787514225
v 0.101244032 -0.342459738 0.0920456201
v 0.150261268 -0.331543386 0.106993794
v 0.197441965 -0.312636137 0.123649426
v 0.241080999 -0.285544753 0.142065689
v 0.279280901 -0.250500977 0.162295982
v 0.310057938 -0.208220795 0.184393689
v 0.332586408 -0.160425186 0.20775418
v 0.346993089 -0.108946756 0.231701538
v 0.259521574 -9.63918865e-08 0.497879207
v 0.253307432 -0.0412590243 0.502921224
v 0.242007941 -0.0797282532 0.506842852
v 0.226266414 -0.115188785 0.509643793
v 0.20668143 -0.147504866 0.511324465
v 0.183786109 -0.176610932 0.511884749
v 0.158031404 -0.202495232 0.511324525
v 0.129772455 -0.225180939 0.509643793
v 0.0992574394 -0.244703129 0.506842732
v 0.0666204318 -0.261083186 0.502921104
v 0.0318770558 -0.274300218 0.497879118
v 0.253307432 0.0412589051 0.502921224
v 0.346993178 0.108946778 0.231701672
v 0.242007941 0.0797281265 0.506842852
v 0.332586408 0.160425112 0.207754314
v 0.226266414 0.115188651 0.509643853
v 0.310057938 0.208220854 0.184393793
v 0.20668143 0.147504643 0.511324644
v 0.279280901 0.250500977 0.162296087
v 0.183786109 0.176610723 0.511884809
v 0.241080999 0.285544693 0.142065823
v 0.158031404 0.202495098 0.511324644
v 0.197441965 0.312636137 0.123649582
v 0.129772455 0.22518073 0.509643912
v 0.150261268 0.331543326 0.106993958
v 0.101244032 0.342459679 0.092045784
v 0.0518118292 0.345927954 0.0787515789
v 0.00302755088 0.342750609 0.0670580342
v -0.0444637984 0.333881795 0.056911733
v -0.0888617039 0.320425391 0.0482593514
v -0.129023224 0.303831041 0.0410476513
v -0.16587913 0.285364866 0.0352230705
v -0.200629324 0.265891314 0.0307323635
v -0.232978627 0.243634626 0.0268997103
v -0.260895193 0.216431499 0.0231203772
v -0.282944143 0.184526876 0.0194478426
v -0.297552735 0.148646504 0.015935285
v 0.229836404 -0.076340802 0.497879207
v 0.232278645 -0.0770205185 0.491716653
v 0.236011297 -0.0388624743 0.502921164
v 0.238553137 -9.7323209e-08 0.502921164
v 0.235829145 0.0388371535 0.506842732
v 0.228417873 0.0759458765 0.506842852
v 0.216449887 0.111011975 0.506842852
v 0.200239316 0.143721059 0.506842852
v 0.18010053 0.173758999 0.506842852
v 0.156347796 0.200811431 0.506842852
v 0.0671254024 -0.262269914 0.497879118
v 0.100004509 -0.245975137 0.497879118
v 0.130198598 -0.225731745 0.497879177
v 0.159188956 -0.203652784 0.491716713
v 0.181267902 -0.174662426 0.497879177
v 0.201511309 -0.144468322 0.497879177
v 0.217806131 -0.111589141 0.497879177
v -0.3031542 0.110066205 0.0126361772
v -0.298350215 0.070659399 0.00960384216
v -0.305245638 0.0361337438 0.00960383378
v -0.624491155 -0.044817958 0.310909212
v -0.307609051 -5.44823706e-08 0.0096038254
v -0.282094955 -0.0329260305 0.00689166784
v -0.275811672 -0.0643866584 0.00689166132
v -0.287215233 -0.103284508 0.00960380025
v -0.287081838 -0.142496541 0.0126361167
v -0.276723862 -0.179713771 0.0159352068
v -0.257719487 -0.213255659 0.0194477495
v -0.231738493 -0.242031738 0.0231202673
v -0.200389862 -0.265483499 0.0268995874
v -0.165088028 -0.28350538 0.0307322331
v -0.127526909 -0.298454404 0.0352229252
v -0.0877057314 -0.312082827 0.041047506
v -0.0444636494 -0.323329329 0.0482592024
v 0.00138325617 -0.330882967 0.0569115765
v 0.0484052524 -0.333687842 0.0670578778
v 0.0962645561 -0.330756366 0.0787514225
v 0.14417614 -0.321182668 0.0920456275
v 0.190959021 -0.304257751 0.106993802
v 0.235104114 -0.279567838 0.123649441
v 0.274856359 -0.247077405 0.142065704
v 0.308314085 -0.207196608 0.162295982
v 0.333543509 -0.160832345 0.184393704
v 0.349881649 -0.109750688 0.207754195
v 0.348583609 -0.097509332 0.235195965
v 0.349177092 -0.0980114043 0.231701568
v 0.346506715 -0.0870467275 0.256182492
v 0.348365963 -0.0966706946 0.237135902
v 0.346533626 -0.0878827348 0.255206048
v 0.346590072 -0.089143604 0.253653109
v 0.345292568 -0.0751990229 0.26995191
v 0.345710963 -0.058533296 0.281143636
v 0.345315188 -0.0738038793 0.270936668
v 0.346665591 -0.0556538738 0.283134818
v 0.345686644 -0.0556696132 0.283050269
v 0.348472029 -0.0751328021 0.270289779
v 0.345733166 -0.0551168993 0.283254474
v 0.345827192 -0.0540784597 0.28361696
v 0.344924182 -0.0302084833 0.291642129
v 0.345304221 -0.0188891981 0.292815566
v 0.34586969 -0.000744604971 0.294839084
v 0.345893711 -4.79631126e-08 0.294919491
v 0.344911307 -0.0306147281 0.291597605
v 0.256006092 -9.7323209e-08 0.502921224
v 0.249788284 -0.0407714508 0.506842852
v 0.238684744 -0.0788034275 0.509643853
v 0.223318756 -0.113934629 0.511324525
v 0.204255342 -0.146079928 0.511884749
v 0.181983337 -0.175216019 0.511324525
v 0.156899214 -0.201362967 0.509643793
v 0.129295379 -0.224564359 0.506842792
v 0.0993508101 -0.244862139 0.502921104
v 0.344926178 0.0309456512 0.291478574
v 0.345829815 0.0540788174 0.283608139
v 0.345304221 0.0188889969 0.292815566
v 0.344911277 0.0306147076 0.291597575
v 0.345686585 0.0556695983 0.283050299
v 0.345695525 0.0561160967 0.28273648
v 0.345716834 0.0585036054 0.281143606
v 0.249788284 0.0407713279 0.506842852
v 0.345407575 0.0761635751 0.268768787
v 0.34651956 0.0869826227 0.256182492
v 0.345292568 0.0751989335 0.26995194
v 0.348896056 0.0977528542 0.233377561
v 0.349180669 0.0979938284 0.231701657
v 0.346590132 0.0891435966 0.253653169
v 0.346775055 0.0898530856 0.25200811
v 0.348583668 0.0975093469 0.235195994
v 0.349881649 0.109750696 0.207754239
v 0.238684744 0.0788033009 0.509643853
v 0.333543509 0.16083239 0.184393853
v 0.223318756 0.113934502 0.511324644
v 0.308314085 0.207196563 0.162296087
v 0.204255342 0.146079808 0.511884809
v 0.274856359 0.24707745 0.142065823
v 0.181983337 0.175215796 0.511324644
v 0.235104114 0.279567838 0.123649575
v 0.156899214 0.201362833 0.509643853
v 0.190959021 0.304257751 0.106993951
v 0.14417614 0.321182668 0.092045784
v 0.0962645561 0.330756307 0.0787515789
v 0.0484052524 0.333687842 0.0670580342
v 0.00138317794 0.330883086 0.056911733
v -0.0444637984 0.323329389 0.0482593589
v -0.0877057314 0.312082827 0.0410476513
v -0.127526909 0.298454523 0.0352230705
v -0.165088028 0.28350544 0.0307323672
v -0.200389862 0.265483558 0.026899714
v -0.231738493 0.242031842 0.0231203828
v -0.257719487 0.213255793 0.0194478501
v -0.276723862 0.179713905 0.0159352925
v -0.287081838 0.142496586 0.0126361847
v 0.228595167 -0.0759953558 0.502921164
v 0.235829204 -0.0388372764 0.506842852
v 0.238369465 -9.82545316e-08 0.506842852
v 0.23659879 0.0389438048 0.509643853
v 0.229167193 0.0761543736 0.509643853
v 0.217166215 0.111316778 0.509643853
v 0.200911239 0.144115627 0.509643853
v 0.180717096 0.174236074 0.509643853
v 0.12940827 -0.224710301 0.502921104
v 0.157391667 -0.201855481 0.497879177
v 0.180246487 -0.173872083 0.502921104
v 0.200398311 -0.143814623 0.502921104
v 0.216619372 -0.111084245 0.502921104
v -0.287215233 0.103284553 0.00960385054
v -0.275811672 0.0643866956 0.00689169113
v -0.282094955 0.0329260714 0.00689168461
v -0.284248531 2.09547579e-08 0.00689167669
v -0.252017617 -0.0287585054 0.00455294363
v -0.246529624 -0.0562371537 0.00455293665
v -0.265665293 -0.0941155329 0.00689165387
v -0.272133142 -0.133716732 0.0096037928
v -0.267114639 -0.172278583 0.0126361102
v -0.252157092 -0.207693368 0.0159352012
v -0.22899057 -0.23848033 0.019447742
v -0.199364066 -0.263736963 0.0231202636
v -0.164903015 -0.283070624 0.0268995855
v -0.126985624 -0.296509743 0.0307322294
v -0.0869404972 -0.306560278 0.0352229252
v -0.0444636494 -0.314911127 0.041047506
v -6.57476485e-05 -0.320425332 0.0482592024
v 0.0451897085 -0.322134078 0.0569115765
v 0.0912850797 -0.319052994 0.0670578778
v 0.137729421 -0.310206413 0.0787514299
v 0.183602139 -0.294749677 0.0920456275
v 0.227611929 -0.272075653 0.106993817
v 0.268172443 -0.241905689 0.123649448
v 0.303492695 -0.204364821 0.142065704
v 0.331684142 -0.160041243 0.162295997
v 0.3508825 -0.110029228 0.184393719
v 0.35054785 -0.100011349 0.21779874
v 0.351996243 -0.0991627872 0.20775421
v 0.350764841 -0.100302011 0.215638563
v 0.35073635 -0.0890461951 0.254188269
v 0.345469862 -0.0306096468 0.291637957
v 0.252455056 -9.82545316e-08 0.506842852
v 0.246374875 -0.0402985029 0.509643853
v 0.235601813 -0.0779454261 0.511324584
v 0.220731944 -0.112834081 0.511884749
v 0.202290937 -0.144926205 0.511324525
v 0.180717096 -0.174236283 0.509643793
v 0.156347796 -0.200811639 0.506842792
v 0.345469862 0.0306096263 0.291637897
v 0.346665591 0.0556538627 0.283134848
v 0.348472029 0.0751327127 0.270289838
v 0.246374816 0.0402983762 0.509643853
v 0.3507649 0.100301951 0.215638593
v 0.35199526 0.0991676301 0.207754269
v 0.35106647 0.100026973 0.213701189
v 0.35088259 0.110029258 0.184393778
v 0.235601813 0.0779452324 0.511324644
v 0.331684142 0.160041288 0.162296072
v 0.220731944 0.11283388 0.511884809
v 0.303492695 0.204364866 0.142065808
v 0.202290937 0.144926086 0.511324644
v 0.268172443 0.241905674 0.12364956
v 0.227611929 0.272075653 0.106993936
v 0.183602139 0.294749796 0.0920457691
v 0.137729421 0.310206473 0.0787515715
v 0.0912850797 0.319052994 0.0670580268
v 0.0451897085 0.322134018 0.056911733
v -6.58221543e-05 0.320425451 0.0482593514
v -0.0444637984 0.314911246 0.0410476513
v -0.0869405717 0.306560278 0.0352230743
v -0.126985699 0.296509743 0.0307323709
v -0.164903075 0.283070624 0.0268997196
v -0.199364066 0.263737023 0.0231203884
v -0.22899057 0.238480464 0.0194478557
v -0.252157092 0.207693398 0.0159352999
v -0.267114639 0.172278628 0.0126361912
v -0.272133142 0.133716777 0.00960385706
v 0.228417873 -0.0759460032 0.506842732
v 0.23659879 -0.0389439277 0.509643853
v 0.239145994 -9.87201929e-08 0.509643853
v 0.238179207 0.0391627289 0.511324584
v 0.230705738 0.0765826255 0.511324644
v 0.218637407 0.111942731 0.511324644
v 0.156478316 -0.200942144 0.502921104
v 0.18010053 -0.173759207 0.506842732
v 0.200239316 -0.143721253 0.506842732
v 0.216449887 -0.111012109 0.506842792
v -0.265665293 0.0941155776 0.00689169904
v -0.246529624 0.0562371984 0.00455296366
v -0.252017617 0.0287585445 0.00455295714
v -0.25389868 2.18860805e-08 0.00455295015
v -0.214114696 -0.0235067047 0.00264104502
v -0.209628955 -0.0459672511 0.00264103967
v -0.237667486 -0.0822032094 0.00455293059
v -0.251921982 -0.121846177 0.00689164782
v -0.253396153 -0.161663756 0.00960378628
v -0.243564293 -0.199100539 0.0126361037
v -0.224177524 -0.232260063 0.0159351956
v -0.197091207 -0.259867132 0.0194477383
v -0.164110705 -0.281208456 0.023120258
v -0.126859099 -0.296055019 0.0268995799
v -0.0866637528 -0.304562747 0.0307322275
v -0.0444636494 -0.30933857 0.0352229252
v -0.00122172013 -0.312082827 0.041047506
v 0.0423562005 -0.311953008 0.0482592061
v 0.0865849108 -0.308005869 0.056911584
v 0.131282806 -0.299230218 0.0670578778
v 0.175808147 -0.28467685 0.0787514374
v 0.219109625 -0.263573349 0.092045635
v 0.259794056 -0.235422835 0.106993824
v 0.296209455 -0.20008713 0.123649456
v 0.326543361 -0.157853946 0.142065719
v 0.348937899 -0.109488018 0.162296027
v 0.354442775 -0.0922029316 0.184393734
v 0.352686912 -0.0978384241 0.198330805
v 0.352852851 -0.0975237116 0.196051672
v 0.353305966 -0.0973942876 0.23591572
v 0.383215457 -0.0725623965 0.280365437
v 0.38012886 -0.0537499264 0.291998923
v 0.378085554 -0.0295624994 0.299700022
v 0.249010682 -9.87201929e-08 0.509643853
v 0.243208319 -0.0398596786 0.511324584
v 0.232896417 -0.0771924257 0.511884749
v 0.218637407 -0.111942858 0.511324525
v 0.200911164 -0.144115835 0.509643734
v 0.377346516 -4.93600965e-08 0.302485466
v 0.378085554 0.029562477 0.299699932
v 0.24320817 0.0398595557 0.511324584
v 0.350736409 0.0890461877 0.254188299
v 0.38012886 0.0537499003 0.291998953
v 0.383215457 0.0725623071 0.280365467
v 0.353306085 0.097394295 0.235915765
v 0.353116572 0.0966508612 0.194075838
v 0.354436964 0.0922321007 0.184393793
v 0.352852851 0.0975237414 0.196051732
v 0.348937899 0.109488063 0.162296072
v 0.232896417 0.0771922991 0.511884809
v 0.326543361 0.157853991 0.142065793
v 0.296209455 0.200087175 0.123649485
v 0.259794056 0.235422835 0.106993929
v 0.219109625 0.263573349 0.0920457616
v 0.175808147 0.284676909 0.0787515715
v 0.131282806 0.299230337 0.0670580193
v 0.0865848362 0.308005869 0.0569117293
v 0.0423562005 0.311953008 0.0482593514
v -0.00122179836 0.312082827 0.0410476513
v -0.0444637984 0.30933857 0.0352230743
v -0.0866637528 0.304562747 0.0307323728
v -0.126859099 0.296055138 0.0268997215
v -0.164110705 0.281208456 0.0231203921
v -0.197091207 0.259867191 0.0194478612
v -0.224177524 0.232260182 0.0159353055
v -0.243564293 0.199100584 0.0126361987
v -0.253396153 0.1616638 0.00960386358
v -0.251921982 0.121846229 0.00689170463
v 0.229167193 -0.0761545748 0.509643853
v 0.238179207 -0.0391629264 0.511324584
v 0.240740746 -9.87201929e-08 0.511324584
v 0.240429252 0.0394745059 0.511884749
v 0.217166215 -0.111316912 0.509643793
v -0.237667486 0.0822032541 0.00455296971
v -0.209628955 0.0459672995 0.00264106155
v -0.214114696 0.0235067476 0.0026410562
v -0.215652287 2.18860805e-08 0.00264105084
v -0.167487428 -0.017046053 0.00120937056
v -0.164234459 -0.0333335027 0.00120936765
v -0.202385157 -0.0671915114 0.00264103431
v -0.225663722 -0.106423937 0.00455292547
v -0.234848469 -0.147312209 0.00689164083
v -0.231296897 -0.186833099 0.00960378069
v -0.216742337 -0.222650826 0.0126360981
v -0.193110213 -0.253088981 0.01593519
v -0.162355095 -0.277082264 0.0194477327
v -0.126317084 -0.294107378 0.0231202543
v -0.0865990222 -0.304095685 0.026899578
v -0.0444636494 -0.307322919 0.0307322275
v -0.00198694691 -0.306560278 0.0352229252
v 0.0400957763 -0.303830922 0.041047506
v 0.0824431032 -0.298271358 0.0482592061
v 0.125197679 -0.2888695 0.0569115877
v 0.16801405 -0.274603963 0.0670578852
v 0.210102111 -0.254565835 0.0787514374
v 0.250285983 -0.228065848 0.0920456499
v 0.287079632 -0.194724977 0.106993832
v 0.318777561 -0.154549807 0.123649463
v 0.343561321 -0.107991613 0.142065734
v 0.355491698 -0.0771666095 0.163357437
v 0.355567575 -0.0762928873 0.162296027
v 0.35440287 -0.0891787782 0.177462012
v 0.35442099 -0.0901927799 0.179837361
v 0.356028408 -0.100177005 0.216557771
v 0.391475677 -0.0940623432 0.249233618
v 0.387084633 -0.085999839 0.265782654
v 0.245815396 -9.87201929e-08 0.511324584
v 0.240429342 -0.0394747034 0.511884749
v 0.230705738 -0.0765827522 0.511324584
v 0.387084633 0.085999839 0.265782684
v 0.391475677 0.0940623358 0.249233738
v 0.356028408 0.100176945 0.216557816
v 0.354547113 0.0875163823 0.175441042
v 0.355560541 0.0763281584 0.162296057
v 0.35440287 0.0891787931 0.177461997
v 0.343561411 0.107991666 0.142065778
v 0.318777561 0.154549867 0.123649538
v 0.287079632 0.194724992 0.106993921
v 0.250285983 0.228065938 0.0920457542
v 0.210102111 0.254565835 0.078751564
v 0.16801405 0.274603963 0.0670580193
v 0.125197604 0.2888695 0.0569117256
v 0.0824430287 0.298271358 0.0482593477
v 0.0400957763 0.303831041 0.0410476513
v -0.00198694691 0.306560338 0.0352230743
v -0.0444637984 0.307322979 0.0307323746
v -0.0865990967 0.304095685 0.0268997233
v -0.126317084 0.294107497 0.023120394
v -0.162355095 0.277082264 0.019447865
v -0.193110213 0.253089011 0.0159353092
v -0.216742337 0.22265096 0.0126362043
v -0.231296897 0.186833203 0.00960386917
v -0.234848469 0.147312239 0.00689171162
v -0.225663722 0.106423981 0.00455297576
v 0.243011296 -9.87201929e-08 0.511884749
v -0.202385157 0.0671915486 0.00264106691
v -0.164234459 0.0333335474 0.00120938255
v -0.167487428 0.0170460995 0.00120937952
v -0.168602377 2.18860805e-08 0.00120937498
v -0.111236751 -0.00925197825 0.000311247772
v -0.109471172 -0.0180922281 0.000311246258
v -0.158981591 -0.0487244017 0.00120936299
v -0.192573503 -0.0869891047 0.00264102989
v -0.210751176 -0.128666669 0.00455291942
v -0.214710951 -0.170247212 0.00689163525
v -0.206127509 -0.208932444 0.00960377511
v -0.18696028 -0.242618024 0.0126360934
v -0.159280092 -0.269855082 0.0159351863
v -0.12511602 -0.289791882 0.0194477309
v -0.0863218233 -0.302095175 0.0231202543
v -0.0444636494 -0.306851685 0.026899578
v -0.002263695 -0.304562688 0.0307322275
v 0.0385994539 -0.298454404 0.0352229252
v 0.0791389793 -0.290505528 0.0410475098
v 0.119835481 -0.279739738 0.0482592098
v 0.160657167 -0.26509589 0.0569115914
v 0.201094687 -0.245558396 0.0670578927
v 0.240213126 -0.220271856 0.0787514448
v 0.276719004 -0.188639849 0.0920456573
v 0.30904302 -0.150408015 0.106993839
v 0.335439354 -0.105731182 0.123649471
v 0.355561674 -0.0557638817 0.147660285
v 0.355554521 -0.0589152165 0.149878219
v 0.355404466 -0.075260058 0.160979375
v 0.35409987 -0.0552246906 0.142065749
v 0.355597705 -0.0554322377 0.14755252
v 0.361320406 -0.0890461802 0.178927258
v 0.358750671 -0.0973942727 0.197199732
v 0.396127313 -0.0967498124 0.231701538
v 0.409617871 -0.0686794966 0.294942975
v 0.405671895 -0.050873749 0.305242062
v 0.414564282 -0.0813979208 0.282032758
v 0.40305981 -0.0279806033 0.312059879
v 0.402114898 -5.21540642e-08 0.314525783
v 0.40305981 0.027980499 0.312059879
v 0.405671895 0.0508736521 0.305242062
v 0.409617871 0.0686794743 0.294943005
v 0.358750671 0.0973943025 0.197199777
v 0.355596483 0.0554321222 0.147548363
v 0.35409981 0.0552247353 0.142065778
v 0.355404466 0.0752600282 0.160979345
v 0.355561644 0.0557638556 0.1476603
v 0.355410576 0.0725620836 0.159080461
v 0.335439414 0.105731256 0.12364953
v 0.30904302 0.150408089 0.106993914
v 0.276719004 0.188639864 0.0920457467
v 0.240213126 0.220271856 0.0787515566
v 0.201094687 0.245558426 0.0670580119
v 0.160657167 0.26509589 0.0569117218
v 0.119835481 0.279739738 0.048259344
v 0.0791389048 0.290505588 0.0410476476
v 0.0385993719 0.298454523 0.0352230705
v -0.00226377323 0.304562807 0.0307323728
v -0.0444637984 0.306851745 0.0268997233
v -0.0863218978 0.302095175 0.0231203977
v -0.12511602 0.289792001 0.0194478687
v -0.159280181 0.269855142 0.0159353148
v -0.186960354 0.242618129 0.012636208
v -0.206127509 0.208932474 0.00960387476
v -0.214710951 0.170247257 0.00689171767
v -0.210751176 0.128666729 0.00455298088
v -0.192573503 0.0869891495 0.00264107133
v -0.158981591 0.0487244464 0.00120938697
v -0.109471172 0.0180923473 0.000311254495
v -0.111236751 0.00925202295 0.000311252254
v -0.11184185 2.28174031e-08 0.000311249983
v -0.0444637239 2.28174031e-08 0
v -0.106620058 -0.0264458768 0.000311243988
v -0.151866585 -0.0630807579 0.00120936008
v -0.180384204 -0.10516993 0.00264102546
v -0.19316256 -0.148698732 0.00455291523
v -0.191775948 -0.190384641 0.00689163106
v -0.178180471 -0.227669314 0.00960377045
v -0.154529899 -0.258690417 0.0126360888
v -0.123012349 -0.282233238 0.0159351826
v -0.0857076496 -0.297662437 0.019447729
v -0.0444636494 -0.304832995 0.0231202524
v -0.00232842192 -0.304095685 0.026899578
v 0.0380581766 -0.296509743 0.0307322294
v 0.0769516826 -0.285364807 0.0352229327
v 0.11555779 -0.272456467 0.0410475135
v 0.154174224 -0.256717503 0.0482592173
v 0.192592308 -0.237056032 0.0569115989
v 0.230140239 -0.212477788 0.0670579001
v 0.26574266 -0.18219316 0.0787514597
v 0.297995895 -0.145707756 0.0920456648
v 0.325258255 -0.102897689 0.106993847
v 0.345757306 -0.0540687107 0.123649493
v 0.420177698 -0.0890290216 0.267381966
v 0.426124483 -0.0915726423 0.251860738
v 0.414564341 0.0813978314 0.282032818
v 0.396127313 0.0967498198 0.231701583
v 0.420177698 0.0890289396 0.267381996
v 0.361320347 0.0890462026 0.178927213
v 0.363584727 0.0751327351 0.162825704
v 0.345757246 0.0540688448 0.123649515
v 0.325258255 0.102897748 0.106993906
v 0.297995895 0.145707831 0.0920457393
v 0.26574266 0.182193235 0.0787515491
v 0.230140239 0.212477863 0.0670580044
v 0.192592308 0.237056047 0.0569117106
v 0.154174224 0.256717503 0.0482593402
v 0.11555779 0.272456408 0.0410476439
v 0.0769516826 0.285364866 0.0352230705
v 0.0380581766 0.296509743 0.0307323709
v -0.00232842192 0.304095685 0.0268997233
v -0.0444637984 0.304833114 0.0231203977
v -0.0857076496 0.297662556 0.0194478724
v -0.123012424 0.282233298 0.0159353185
v -0.154529899 0.258690476 0.0126362126
v -0.17818056 0.227669418 0.00960387941
v -0.191775948 0.190384746 0.00689172093
v -0.19316256 0.148698851 0.00455298554
v -0.180384204 0.105169974 0.00264107576
v -0.151866585 0.0630807951 0.00120939012
v -0.106620058 0.0264459215 0.000311256736
v -0.102758303 -0.0342380777 0.000311241747
v -0.143027455 -0.0762647018 0.00120935694
v -0.166007608 -0.12154378 0.00264102174
v -0.173130438 -0.166287348 0.00455291057
v -0.166309923 -0.207458228 0.0068916264
v -0.147748262 -0.242751509 0.00960376766
v -0.119762599 -0.270556569 0.0126360869
v -0.0846318454 -0.289898515 0.0159351807
v -0.0444636494 -0.300360143 0.019447729
v -0.00260554999 -0.302095115 0.0231202543
v 0.0379316583 -0.296055019 0.0268995799
v 0.0761605874 -0.28350538 0.0307322331
v 0.112726092 -0.267635107 0.0352229364
v 0.149002537 -0.250033647 0.0410475172
v 0.185100123 -0.229563832 0.0482592247
v 0.220632195 -0.205120876 0.0569116063
v 0.254766464 -0.175746515 0.0670579076
v 0.286292583 -0.14072828 0.0787514672
v 0.313704401 -0.0996821299 0.0920456797
v 0.3352997 -0.0526197068 0.106993869
v 0.354540288 -0.0061203558 0.136002958
v 0.349293798 -6.51925802e-09 0.1236495
v 0.354652971 -9.77888703e-09 0.135373712
v 0.354592651 -0.0355282649 0.140325442
v 0.35508588 -0.040149413 0.142065749
v 0.354045361 -0.0306853838 0.13843517
v 0.363584727 -0.0751327723 0.162825733
v 0.405169994 -0.0859998241 0.197620407
v 0.400779039 -0.0940623358 0.214169398
v 0.432071358 -0.0890290141 0.236339554
v 0.429230899 -0.0638122261 0.313191891
v 0.424741179 -0.0472683571 0.322077781
v 0.434858769 -0.0756293014 0.302053303
v 0.441245675 -0.0827195793 0.289412856
v 0.421769142 -0.025997607 0.327960014
v 0.420694083 -5.63450158e-08 0.330087602
v 0.421769142 0.0259975716 0.327960014
v 0.424741238 0.0472682491 0.322077781
v 0.429230899 0.0638121217 0.313191891
v 0.400779039 0.0940623507 0.214169428
v 0.354045302 0.0306853577 0.138435185
v 0.355075657 0.0403049365 0.142065763
v 0.354158252 0.0245470367 0.137803882
v 0.335299641 0.0526197702 0.106993891
v 0.313704401 0.0996822044 0.0920457244
v 0.286292583 0.140728354 0.0787515342
v 0.254766464 0.175746545 0.067057997
v 0.220632195 0.205120891 0.0569117032
v 0.185100123 0.229563922 0.0482593365
v 0.149002537 0.250033677 0.0410476401
v 0.112726092 0.267635107 0.0352230668
v 0.0761605054 0.28350544 0.0307323672
v 0.0379316583 0.296055138 0.0268997215
v -0.00260562077 0.302095294 0.0231203977
v -0.0444637984 0.300360143 0.0194478724
v -0.0846319199 0.289898574 0.0159353185
v -0.119762599 0.270556629 0.0126362154
v -0.147748262 0.242751554 0.00960388221
v -0.166309923 0.207458287 0.00689172558
v -0.173130438 0.166287482 0.00455298973
v -0.166007608 0.121543899 0.00264107948
v -0.143027455 0.0762648284 0.00120939303
v -0.102758303 0.0342381224 0.000311258249
v -0.0979607031 -0.0413938276 0.000311240263
v -0.132602155 -0.0881384015 0.00120935403
v -0.14963375 -0.13592045 0.00264101801
v -0.150887668 -0.181199983 0.00455290731
v -0.138579279 -0.22120145 0.00689162314
v -0.115123101 -0.253886461 0.00960376393
v -0.0829700008 -0.277904689 0.0126360841
v -0.0444636494 -0.292525887 0.0159351807
v -0.00321979821 -0.297662437 0.019447729
v 0.0373896286 -0.294107378 0.0231202543
v 0.0759755597 -0.283070624 0.0268995855
v 0.111701876 -0.265891194 0.0307322368
v 0.145578995 -0.245609015 0.0352229401
v 0.179123208 -0.223586917 0.0410475209
v 0.212253779 -0.198637962 0.0482592322
v 0.244405776 -0.169661328 0.0569116138
v 0.2745893 -0.135748804 0.0670579225
v 0.30146426 -0.0962755457 0.0787514821
v 0.323432058 -0.050975401 0.0920456946
v 0.338741362 -3.25962901e-09 0.106993876
v 0.365391105 -0.0556539185 0.149980634
v 0.40903917 -0.0725623742 0.183037639
v 0.437684745 -0.0813979059 0.221688658
v 0.448011816 -0.0850829706 0.27602151
v 0.454777896 -0.0827195719 0.262630105
v 0.435590833 -0.02374731 0.34664306
v 0.434436053 -6.05359674e-08 0.348423839
v 0.435590833 0.0237471908 0.34664306
v 0.434858888 0.0756292045 0.302053332
v 0.426124483 0.0915726423 0.251860768
v 0.441245675 0.0827194825 0.289412886
v 0.405169934 0.0859998614 0.197620451
v 0.40903917 0.0725623295 0.183037668
v 0.323432058 0.0509754792 0.0920457169
v 0.30146426 0.0962756351 0.0787515268
v 0.2745893 0.135748878 0.0670579895
v 0.244405776 0.169661418 0.0569116957
v 0.212253779 0.198638037 0.0482593253
v 0.179123208 0.223587006 0.041047629
v 0.145578995 0.24560912 0.0352230556
v 0.111701876 0.265891254 0.0307323635
v 0.0759755597 0.283070624 0.0268997196
v 0.0373895541 0.294107497 0.023120394
v -0.00321979821 0.297662556 0.0194478724
v -0.0444637984 0.292525887 0.0159353204
v -0.0829700753 0.277904749 0.0126362173
v -0.115123175 0.253886521 0.00960388593
v -0.138579279 0.221201584 0.00689172931
v -0.150887668 0.181200027 0.00455299392
v -0.14963375 0.135920495 0.00264108321
v -0.132602155 0.0881384462 0.00120939605
v -0.0979607031 0.0413939469 0.000311259733
v -0.0923021734 -0.0478384271 0.000311238749
v -0.12072853 -0.0985637084 0.00120935182
v -0.131452858 -0.148109749 0.00264101569
v -0.126666948 -0.193203732 0.00455290452
v -0.108850405 -0.231347919 0.00689162081
v -0.0805974454 -0.260781825 0.009603763
v -0.0444636494 -0.280423284 0.0126360841
v -0.00429552421 -0.289898515 0.0159351807
v 0.0361885801 -0.289791882 0.0194477309
v 0.0751832575 -0.281208456 0.023120258
v 0.111462414 -0.265483499 0.0268995874
v 0.144340679 -0.24400875 0.0307322424
v 0.175166667 -0.219630376 0.0352229476
v 0.205569923 -0.193466246 0.0410475321
v 0.235275924 -0.16429919 0.0482592396
v 0.263542175 -0.13104856 0.0569116212
v 0.289224088 -0.0928689763 0.0670579299
v 0.310859501 -0.0492332987 0.0787514895
v 0.326766253 9.31322575e-10 0.092045702
v 0.412125856 -0.0537498966 0.171404153
v 0.442631155 -0.0686794817 0.208778545
v 0.461164713 -0.0756292865 0.249989614
v 0.443606377 -0.0582887083 0.33428207
v 0.438783318 -0.0431768112 0.341719598
v 0.449651957 -0.0690828562 0.32495898
v 0.456512809 -0.0755594075 0.314378858
v 0.463780999 -0.0777182803 0.303170204
v 0.438783407 0.0431767665 0.341719598
v 0.443606377 0.0582885966 0.33428207
v 0.432071358 0.0890289471 0.236339584
v 0.437684745 0.0813978463 0.221688703
v 0.365391105 0.0556538925 0.149980664
v 0.366586924 0.0306096599 0.141477615
v 0.355457693 0.0516735278 0.14615196
v 0.310859442 0.0492333844 0.0787515193
v 0.289224088 0.0928690583 0.0670579746
v 0.263542175 0.131048635 0.0569116846
v 0.235276014 0.164299205 0.0482593179
v 0.205569923 0.193466276 0.0410476252
v 0.175166667 0.21963039 0.0352230519
v 0.144340679 0.244008794 0.0307323597
v 0.111462414 0.265483558 0.026899714
v 0.0751832575 0.281208456 0.0231203921
v 0.0361885056 0.289792001 0.0194478687
v -0.00429559872 0.289898574 0.0159353185
v -0.0444637984 0.280423284 0.0126362173
v -0.0805975199 0.260781825 0.00960388687
v -0.108850405 0.231347948 0.00689173164
v -0.126666948 0.193203792 0.00455299625
v -0.131452858 0.148109809 0.00264108554
v -0.12072853 0.0985637531 0.00120939838
v -0.0923021734 0.0478384756 0.000311261247
v -0.0858576447 -0.0534969568 0.000311237236
v -0.107544497 -0.107402831 0.0012093496
v -0.11165525 -0.157921404 0.00264101336
v -0.1007009 -0.202065885 0.00455290219
v -0.0773897767 -0.237631187 0.00689161988
v -0.0444636494 -0.263145208 0.00960376207
v -0.00595744699 -0.27790463 0.0126360841
v 0.0340849012 -0.282233238 0.0159351826
v 0.0734276548 -0.277082264 0.0194477327
v 0.110436618 -0.263736963 0.0231202636
v 0.144051179 -0.243634552 0.0268995948
v 0.173735574 -0.218199298 0.030732248
v 0.201145306 -0.190042734 0.035222955
v 0.227992684 -0.160021499 0.0410475396
v 0.253807604 -0.126906738 0.0482592508
v 0.277670294 -0.0896534175 0.0569116361
v 0.298286885 -0.047491271 0.0670579448
v 0.314079702 3.7252903e-09 0.0787515044
v 0.367019355 -1.02445483e-08 0.138402075
v 0.366586924 -0.0306096878 0.1414776
v 0.414169103 -0.0295624677 0.163703173
v 0.446577102 -0.0508737266 0.198479399
v 0.466792583 -0.0638122112 0.238851056
v 0.471049428 -0.0755594 0.291961491
v 0.47791028 -0.0690828487 0.281381398
v 0.460627198 -0.0621476173 0.349864364
v 0.454295814 -0.0524370633 0.357382983
v 0.445901364 -0.02136329 0.367351413
v 0.444691926 -6.51925802e-08 0.368787557
v 0.449244887 -0.0388422646 0.363380939
v 0.445901364 0.0213631615 0.367351413
v 0.449651957 0.0690828189 0.32495901
v 0.448011816 0.0850828886 0.27602154
v 0.456512809 0.0755593032 0.314378917
v 0.412125796 0.0537498556 0.171404198
v 0.442631155 0.0686794966 0.208778575
v 0.298286885 0.0474913567 0.0670579672
v 0.277670294 0.0896535143 0.0569116771
v 0.253807604 0.126906842 0.0482593067
v 0.227992684 0.160021588 0.0410476178
v 0.201145306 0.190042734 0.0352230482
v 0.173735574 0.218199328 0.0307323523
v 0.144051179 0.243634626 0.0268997103
v 0.110436618 0.263737023 0.0231203884
v 0.0734276548 0.277082264 0.019447865
v 0.0340849012 0.282233298 0.0159353185
v -0.00595744699 0.277904749 0.0126362173
v -0.0444637984 0.263145268 0.0096038878
v -0.0773897767 0.237631232 0.0068917321
v -0.1007009 0.20206593 0.00455299811
v -0.11165525 0.157921448 0.00264108786
v -0.107544571 0.107402876 0.00120940059
v -0.0858576447 0.0534970015 0.000311262731
v -0.0787018239 -0.058294557 0.000311236508
v -0.0931881517 -0.11451786 0.00120934739
v -0.0904309973 -0.165165201 0.00264101126
v -0.0732222497 -0.207553864 0.00455290079
v -0.0444637239 -0.239784822 0.00689161802
v -0.0083299242 -0.260781825 0.009603763
v 0.0308351591 -0.270556569 0.0126360869
v 0.0703527331 -0.269855082 0.0159351863
v 0.108163759 -0.259867132 0.0194477383
v 0.142811075 -0.242031738 0.0231202673
v 0.173400924 -0.217864722 0.0268996004
v 0.199544951 -0.188804388 0.0307322554
v 0.223171383 -0.157189801 0.0352229625
v 0.246041805 -0.123602614 0.0410475507
v 0.267489254 -0.086819917 0.0482592583
v 0.286419272 -0.0458468944 0.0569116436
v 0.301393181 6.05359674e-09 0.0670579523
v 0.41490823 -1.53668225e-08 0.160917759
v 0.449189305 -0.0279805753 0.191661686
v 0.471282244 -0.0472683348 0.229965225
v 0.483955801 -0.0582886972 0.272058308
v 0.4678123 -0.0679739118 0.341332138
v 0.47542423 -0.0699160397 0.332292974
v 0.48303622 -0.0679739118 0.323253751
v 0.449244887 0.0388421342 0.363380939
v 0.454295814 0.0524369366 0.357382983
v 0.460627258 0.0621474907 0.349864364
v 0.454777896 0.0827194899 0.262630165
v 0.461164594 0.075629212 0.249989644
v 0.414169163 0.0295624323 0.163703173
v 0.286419272 0.0458469875 0.0569116659
v 0.267489254 0.0868200138 0.0482592992
v 0.246041805 0.123602718 0.0410476066
v 0.223171383 0.157189816 0.035223037
v 0.199544951 0.188804433 0.0307323448
v 0.173400924 0.217864752 0.0268997028
v 0.142811075 0.242031842 0.0231203828
v 0.108163685 0.259867191 0.0194478612
v 0.0703526512 0.269855142 0.0159353148
v 0.0308351591 0.270556629 0.0126362154
v -0.0083299987 0.260781944 0.00960388687
v -0.0444637984 0.239784852 0.00689173397
v -0.0732223243 0.207553908 0.00455300044
v -0.0904310793 0.16516526 0.00264108996
v -0.0931881517 0.114517905 0.00120940199
v -0.0787018239 0.0582946017 0.000311264244
v -0.0709096268 -0.0621563084 0.000311235024
v -0.077797249 -0.119770706 0.00120934646
v -0.0679704547 -0.169650957 0.00264101033
v -0.0444637239 -0.209434852 0.00455290079
v -0.0115376748 -0.237631187 0.00689161988
v 0.0261956528 -0.253886461 0.00960376393
v 0.0656024516 -0.258690417 0.0126360888
v 0.10418275 -0.253088981 0.01593519
v 0.140063122 -0.23848033 0.019447742
v 0.17196776 -0.216431469 0.0231202748
v 0.199170858 -0.188514888 0.0268996079
v 0.2214275 -0.156165585 0.0307322629
v 0.240901083 -0.121415392 0.0352229699
v 0.259367287 -0.0845594108 0.0410475582
v 0.275961727 -0.0443978906 0.0482592694
v 0.289418012 9.31322575e-09 0.0569116548
v 0.450134158 -2.28174031e-08 0.189195678
v 0.47425431 -0.0259975828 0.224083051
v 0.48877871 -0.0431767926 0.264620781
v 0.490221262 -0.0621476062 0.314721465
v 0.496552587 -0.0524370521 0.307202846
v 0.469468236 -0.0552122965 0.375884354
v 0.462851107 -0.0465853438 0.381664306
v 0.476977706 -0.0603884198 0.369325072
v 0.454077721 -0.01897927 0.389327615
v 0.452813745 -7.03148544e-08 0.390431732
v 0.457572162 -0.0345077217 0.386275321
v 0.454077721 0.0189791285 0.389327735
v 0.463780999 0.0777181834 0.303170323
v 0.4678123 0.0679737926 0.341332167
v 0.446577102 0.0508736745 0.198479429
v 0.466792583 0.0638121441 0.2388511
v 0.275961637 0.0443979874 0.0482592918
v 0.259367287 0.0845595151 0.0410475992
v 0.240901083 0.121415421 0.0352230296
v 0.2214275 0.15616563 0.0307323374
v 0.199170858 0.188514933 0.0268996973
v 0.17196776 0.216431499 0.0231203772
v 0.140063122 0.238480464 0.0194478557
v 0.10418275 0.253089011 0.0159353092
v 0.0656023845 0.258690476 0.0126362126
v 0.0261956528 0.253886521 0.00960388593
v -0.0115377456 0.237631232 0.0068917321
v -0.0444637984 0.209434986 0.00455300044
v -0.0679704547 0.169651002 0.00264109066
v -0.077797249 0.11977075 0.0012094035
v -0.0709096268 0.0621563494 0.000311265001
v -0.0625560507 -0.0650073588 0.000311235024
v -0.0615097992 -0.123023607 0.00120934576
v -0.0444637239 -0.171188459 0.00264100987
v -0.015705198 -0.207553864 0.00455290079
v 0.0199229494 -0.231347919 0.00689162081
v 0.0588208064 -0.242751509 0.00960376766
v 0.0980328321 -0.242618024 0.0126360934
v 0.135250077 -0.232260063 0.0159351956
v 0.168792039 -0.213255659 0.0194477495
v 0.197568044 -0.187274769 0.0231202804
v 0.221019775 -0.155926049 0.0268996134
v 0.239041686 -0.120624222 0.0307322722
v 0.25399074 -0.0830630884 0.0352229811
v 0.267619073 -0.0432419144 0.0410475656
v 0.278865635 1.02445483e-08 0.0482592769
v 0.449189365 0.027980525 0.191661686
v 0.475329459 -3.02679837e-08 0.221955448
v 0.491971314 -0.0237472896 0.259697407
v 0.501603544 -0.0388422497 0.301204979
v 0.484933257 -0.062113788 0.362376064
v 0.485842288 -0.0532282479 0.397410005
v 0.477858722 -0.0486658551 0.402133524
v 0.492888689 -0.0603884123 0.355427116
v 0.500398278 -0.0552122928 0.348867834
v 0.457572222 0.0345075801 0.386275321
v 0.462850988 0.0465852842 0.381664306
v 0.469468296 0.0552121624 0.375884354
v 0.471049428 0.0755593032 0.291961521
v 0.47791028 0.0690828264 0.281381428
v 0.267619073 0.0432420187 0.041047588
v 0.25399074 0.0830631852 0.0352230221
v 0.239041686 0.120624319 0.0307323299
v 0.221019775 0.155926153 0.0268996879
v 0.197568044 0.187274799 0.0231203698
v 0.168792039 0.213255793 0.0194478501
v 0.135250077 0.232260182 0.0159353055
v 0.0980328321 0.242618129 0.012636208
v 0.0588208064 0.242751554 0.00960388221
v 0.0199229494 0.231347948 0.00689173164
v -0.015705198 0.207553908 0.00455300044
v -0.0444637984 0.171188578 0.00264109136
v -0.0615097992 0.123023719 0.00120940432
v -0.0625560507 0.0650074705 0.000311265758
v -0.0537157245 -0.0667729303 0.000311234238
v -0.0444637239 -0.124138556 0.00120934495
v -0.0209569968 -0.169650957 0.00264101033
v 0.0117734522 -0.202065885 0.00455290219
v 0.0496518314 -0.22120145 0.00689162314
v 0.0892530233 -0.227669388 0.00960377045
v 0.127814889 -0.222650826 0.0126360981
v 0.163229659 -0.207693368 0.0159352012
v 0.19401671 -0.184526846 0.0194477551
v 0.219273269 -0.154900342 0.0231202878
v 0.23860693 -0.120439261 0.0268996228
v 0.252046019 -0.0825218931 0.0307322815
v 0.262096524 -0.0424767621 0.0352229886
v 0.270447493 1.3038516e-08 0.0410475768
v 0.47425437 0.0259975195 0.22408314
v 0.493126154 -3.86498868e-08 0.25791654
v 0.507015467 -0.0465853363 0.343087792
v 0.494299889 -0.0547491014 0.392405868
v 0.476977706 0.0603882819 0.369325072
v 0.262096524 0.0424768627 0.0352230109
v 0.252046019 0.0825219899 0.0307323206
v 0.23860693 0.120439366 0.0268996805
v 0.219273269 0.154900372 0.0231203604
v 0.19401671 0.184526876 0.0194478426
v 0.163229659 0.207693398 0.0159352999
v 0.127814889 0.22265096 0.0126362043
v 0.0892530233 0.227669358 0.00960387941
v 0.0496518314 0.221201584 0.00689172931
v 0.0117734522 0.20206593 0.00455299811
v -0.0209569968 0.169651002 0.00264109066
v -0.0444637239 0.124138609 0.00120940432
v -0.053715799 0.0667730495 0.000311265758
v -0.0444637239 -0.0673781037 0.000311234238
v -0.0274176486 -0.123023607 0.00120934576
v 0.00150355324 -0.165165201 0.00264101126
v 0.0377395004 -0.193203732 0.00455290452
v 0.0773824826 -0.207458228 0.0068916264
v 0.117200062 -0.208932444 0.00960377511
v 0.154636845 -0.199100539 0.0126361037
v 0.187796429 -0.179713771 0.0159352068
v 0.215403408 -0.152627394 0.0194477625
v 0.236744732 -0.119646966 0.0231202971
v 0.251591295 -0.0823952928 0.0268996321
v 0.260099053 -0.0421999395 0.030732289
v 0.264874816 1.44354999e-08 0.0352229998
v 0.491971493 0.0237472113 0.259697407
v 0.504947066 -0.0213632733 0.297234446
v 0.506156623 -4.79631126e-08 0.295798361
v 0.512294292 -0.0345077068 0.338476807
v 0.515788794 -0.0189792588 0.335424453
v 0.502757609 -0.0532282479 0.38740173
v 0.470823884 -0.0410618261 0.406295866
v 0.496239185 -0.0469188057 0.424639314
v 0.487482369 -0.0428972319 0.427726597
v 0.50551635 -0.0482593551 0.421368629
v 0.510741115 -0.0486658514 0.382678211
v 0.517775953 -0.0410618223 0.378515869
v 0.460152984 -7.59027898e-08 0.412609518
v 0.461496711 -0.0167289004 0.411814451
v 0.465211809 -0.0304161776 0.409616351
v 0.461496711 0.016728824 0.411814511
v 0.465211809 0.0304161012 0.409616351
v 0.470823884 0.041061677 0.406295866
v 0.477858782 0.0486657023 0.402133524
v 0.47542423 0.0699159205 0.332293034
v 0.485842288 0.0532281809 0.397410005
v 0.484933257 0.062113665 0.362376064
v 0.48303622 0.0679737926 0.32325381
v 0.490221262 0.0621474981 0.314721465
v 0.471282363 0.0472682714 0.229965255
v 0.483955801 0.058288604 0.272058338
v 0.260098994 0.0422000401 0.0307323094
v 0.251591295 0.0823953897 0.026899673
v 0.236744732 0.119646996 0.0231203549
v 0.215403408 0.152627513 0.0194478352
v 0.187796429 0.179713905 0.0159352925
v 0.154636845 0.199100584 0.0126361987
v 0.117200062 0.208932474 0.00960387476
v 0.0773824826 0.207458287 0.00689172558
v 0.0377395004 0.193203792 0.00455299625
v 0.00150355324 0.16516526 0.00264108996
v -0.0274176486 0.123023719 0.00120940432
v -0.0444637239 0.0673781484 0.000311265758
v -0.0352117233 -0.0667729303 0.000311234238
v -0.0111301951 -0.119770706 0.00120934646
v 0.0227278024 -0.157921404 0.00264101336
v 0.0619602278 -0.181199983 0.00455290731
v 0.1028485 -0.190384641 0.00689163106
v 0.142369375 -0.186833099 0.00960378069
v 0.178187132 -0.172278583 0.0126361102
v 0.208625287 -0.148646459 0.0159352142
v 0.232618541 -0.117891371 0.0194477718
v 0.249643683 -0.0818532631 0.0231203046
v 0.259631962 -0.0421352871 0.0268996414
v 0.262859195 1.53668225e-08 0.0307323001
v 0.48877871 0.0431767851 0.264620811
v 0.504947186 0.0213631764 0.297234535
v 0.51705271 -5.77419996e-08 0.334320456
v 0.523388088 -0.0304161683 0.375195324
v 0.527103126 -0.0167289656 0.372997284
v 0.479766011 -0.0361945555 0.430447221
v 0.514793336 -0.0469188765 0.418097794
v 0.469535232 -0.0147459814 0.434054166
v 0.468061328 -8.05594027e-08 0.434573889
v 0.473610222 -0.0268107802 0.432617486
v 0.469535232 0.0147458185 0.434054166
v 0.496552587 0.0524369478 0.307202846
v 0.259631962 0.0421353914 0.0268996619
v 0.249643683 0.0818533674 0.0231203437
v 0.232618541 0.117891394 0.0194478277
v 0.208625287 0.148646504 0.015935285
v 0.178187132 0.172278628 0.0126361912
v 0.142369375 0.186833203 0.00960386917
v 0.1028485 0.190384746 0.00689172093
v 0.0619602278 0.181200027 0.00455299392
v 0.0227277279 0.157921448 0.00264108786
v -0.0111301951 0.11977075 0.0012094035
v -0.0352117233 0.0667730495 0.000311265758
v -0.0263714716 -0.0650073588 0.000311235024
v 0.0042607002 -0.11451786 0.00120934739
v 0.0425254032 -0.148109749 0.00264101569
v 0.0842029899 -0.166287348 0.00455291057
v 0.125783503 -0.170247212 0.00689163525
v 0.164468721 -0.161663756 0.00960378628
v 0.1981543 -0.142496541 0.0126361167
v 0.225391388 -0.11481636 0.0159352235
v 0.245328188 -0.0806522071 0.0194477793
v 0.25763151 -0.0418580845 0.0231203139
v 0.262387991 1.58324838e-08 0.0268996526
v 0.501603544 0.0388421528 0.301204979
v 0.515788913 0.0189791415 0.335424542
v 0.528446972 -6.56582415e-08 0.372202218
v 0.523550212 -0.0428972282 0.415010482
v 0.510002017 -0.0418854877 0.450065345
v 0.50002265 -0.0382953137 0.451778442
v 0.520574152 -0.0430821851 0.448250443
v 0.531146288 -0.0418854877 0.446435571
v 0.53126663 -0.0361945517 0.412289947
v 0.537422478 -0.0268107764 0.410119683
v 0.473610222 0.0268106982 0.432617486
v 0.479766011 0.0361943953 0.430447221
v 0.487482429 0.0428970717 0.427726656
v 0.496239185 0.0469187237 0.424639314
v 0.494299889 0.0547489561 0.392405868
v 0.492888689 0.0603882894 0.355427116
v 0.500398099 0.0552121662 0.348867744
v 0.257631391 0.0418581925 0.0231203344
v 0.245328188 0.0806523189 0.0194478184
v 0.225391388 0.114816479 0.0159352776
v 0.1981543 0.142496645 0.0126361847
v 0.164468721 0.1616638 0.00960386358
v 0.125783503 0.170247257 0.00689171767
v 0.0842029899 0.166287482 0.00455298973
v 0.0425254032 0.148109809 0.00264108554
v 0.00426062942 0.114517905 0.00120940199
v -0.0263714716 0.0650074705 0.000311265758
v -0.0180178229 -0.0621563084 0.000311235024
v 0.0186170563 -0.107402831 0.0012093496
v 0.0607062355 -0.13592045 0.00264101801
v 0.104235038 -0.148698732 0.00455291523
v 0.145920932 -0.147312209 0.00689164083
v 0.183205605 -0.133716732 0.0096037928
v 0.214226753 -0.110066079 0.0126361242
v 0.237769544 -0.0785486102 0.015935231
v 0.253198862 -0.0412439108 0.0194477886
v 0.260369301 1.76951289e-08 0.0231203251
v 0.512294292 0.034507595 0.338476807
v 0.527103305 0.0167288333 0.372997373
v 0.54149735 -0.0147459749 0.408682972
v 0.542971313 -7.49714673e-08 0.408163279
v 0.491229057 -0.032311663 0.453288019
v 0.541125536 -0.0382953137 0.444722444
v 0.47957015 -0.0131640863 0.455289483
v 0.477890372 -8.61473382e-08 0.455577761
v 0.484213889 -0.0239346102 0.454492301
v 0.47957015 0.013163913 0.455289483
v 0.507015467 0.0465852916 0.343087792
v 0.253198773 0.0412439443 0.0194478091
v 0.237769544 0.0785487294 0.0159352683
v 0.214226753 0.110066205 0.0126361772
v 0.183205694 0.133716851 0.00960385706
v 0.145920932 0.147312239 0.00689171162
v 0.104235038 0.148698851 0.00455298554
v 0.0607062355 0.135920495 0.00264108321
v 0.0186170563 0.107402876 0.00120940059
v -0.0180178229 0.0621563494 0.000311265001
v -0.0102256201 -0.058294557 0.000311236508
v 0.0318010002 -0.0985637084 0.00120935182
v 0.0770800784 -0.12154378 0.00264102174
v 0.121823654 -0.128666669 0.00455291942
v 0.162994534 -0.121846177 0.00689164782
v 0.1982878 -0.103284508 0.00960380025
v 0.226092845 -0.0752988607 0.0126361325
v 0.24543485 -0.0401681103 0.0159352403
v 0.255896449 1.81607902e-08 0.0194477998
v 0.523388147 0.0304160342 0.375195324
v 0.541497409 0.014745824 0.408682972
v 0.549919248 -0.032311663 0.443212897
v 0.528963983 -0.0385535434 0.472740322
v 0.517163336 -0.0352489688 0.473403543
v 0.541465461 -0.0396550708 0.472037733
v 0.553967059 -0.0385535434 0.471335053
v 0.565767527 -0.035248965 0.470671922
v 0.556934416 -0.0239346083 0.442008525
v 0.561578155 -0.0131640825 0.441211373
v 0.484213889 0.0239344388 0.454492301
v 0.491229057 0.0323115662 0.453288019
v 0.500022829 0.0382951424 0.451778442
v 0.50551635 0.0482592732 0.421368629
v 0.510002017 0.0418853164 0.450065345
v 0.502757609 0.0532281809 0.38740173
v 0.510741115 0.0486657061 0.382678211
v 0.24543485 0.0401682183 0.0159352589
v 0.226092845 0.0752988979 0.0126361689
v 0.1982878 0.103284553 0.00960385054
v 0.162994534 0.121846229 0.00689170463
v 0.121823654 0.128666729 0.00455298088
v 0.0770800784 0.121543899 0.00264107948
v 0.0318010002 0.0985637531 0.00120939838
v -0.0102256984 0.0582946017 0.000311264244
v -0.00306987017 -0.0534969568 0.000311237236
v 0.0436747074 -0.0881384015 0.00120935403
v 0.091456756 -0.10516993 0.00264102546
v 0.136736199 -0.106423937 0.00455292547
v 0.176737756 -0.0941155329 0.00689165387
v 0.209422767 -0.0706593618 0.0096038077
v 0.233440995 -0.0385062583 0.0126361409
v 0.248062164 1.86264515e-08 0.0159352515
v 0.517775953 0.0410616845 0.378515869
v 0.537422478 0.0268107019 0.410119563
v 0.563257873 -8.24220479e-08 0.440923065
v 0.561578274 0.0131639186 0.441211462
v 0.506764948 -0.0297413431 0.473987937
v 0.576166034 -0.0297413394 0.470087498
v 0.492978096 -0.0121168671 0.474762768
v 0.49099195 -9.0803951e-08 0.474874347
v 0.498469472 -0.022030592 0.474454135
v 0.492978215 0.01211676 0.474762857
v 0.233440906 0.03850637 0.0126361605
v 0.209422767 0.0706594735 0.00960384216
v 0.176737756 0.0941155776 0.00689169904
v 0.136736199 0.106423981 0.00455297576
v 0.091456756 0.105169974 0.00264107576
v 0.0436747074 0.0881384462 0.00120939605
v -0.00306987017 0.0534970015 0.000311262731
v 0.00337472931 -0.0478384271 0.000311238749
v 0.0541000068 -0.0762647018 0.00120935694
v 0.103646055 -0.0869891047 0.00264102989
v 0.148740038 -0.0822031274 0.00455293059
v 0.18688421 -0.0643866584 0.00689166132
v 0.21631819 -0.0361337066 0.00960381702
v 0.2359595 2.00234354e-08 0.0126361512
v 0.53126663 0.036194399 0.412289947
v 0.556934416 0.0239344425 0.442008525
v 0.584461391 -0.0220306665 0.469621241
v 0.554958344 -0.037348371 0.491716653
v 0.540588021 -0.0341470726 0.491716653
v 0.570182204 -0.038415473 0.491716743
v 0.585406065 -0.037348371 0.491716743
v 0.599776268 -0.0341470726 0.491716743
v 0.612439036 -0.0288116466 0.491716743
v 0.589952767 -0.0121168643 0.469312668
v 0.591938972 -8.89413059e-08 0.469200999
v 0.498469472 0.0220304839 0.474454135
v 0.506764948 0.0297411606 0.473987937
v 0.517163455 0.0352487862 0.473403543
v 0.520574152 0.043082092 0.448250443
v 0.514793336 0.0469187275 0.418097794
v 0.528963983 0.0385533646 0.472740322
v 0.523550153 0.0428970754 0.415010482
v 0.21631813 0.0361338183 0.00960383378
v 0.18688421 0.0643866956 0.00689169113
v 0.148740038 0.0822032541 0.00455296971
v 0.103646055 0.0869891495 0.00264107133
v 0.0541000068 0.0762648284 0.00120939303
v 0.00337472931 0.0478384756 0.000311261247
v 0.00903325528 -0.0413938276 0.000311240263
v 0.0629391298 -0.0630807579 0.00120936008
v 0.113457635 -0.0671914294 0.00264103431
v 0.157602176 -0.0562371537 0.00455293665
v 0.193167493 -0.032925956 0.00689166784
v 0.218681514 2.04890966e-08 0.0096038254
v 0.549919188 0.0323114917 0.443212897
v 0.589952826 0.0121166855 0.469312668
v 0.584461451 0.0220304858 0.469621241
v 0.527925253 -0.0288116466 0.491716743
v 0.622540951 -0.0213419441 0.491716743
v 0.517823517 -0.0213419441 0.491716653
v 0.511136293 -0.0117381196 0.491716743
v 0.508717597 -9.406358e-08 0.491716743
v 0.511136413 0.0117379278 0.491716653
v 0.193167493 0.0329260714 0.00689168461
v 0.157602176 0.0562371984 0.00455296366
v 0.113457635 0.0671915486 0.00264106691
v 0.0629391298 0.0630808771 0.00120939012
v 0.00903325528 0.0413939469 0.000311259733
v 0.0138308555 -0.0342380032 0.000311241747
v 0.0700541586 -0.0487244017 0.00120936299
v 0.120701507 -0.0459672511 0.00264103967
v 0.163090155 -0.0287585054 0.00455294363
v 0.195321038 2.09547579e-08 0.00689167669
v 0.541125536 0.0382951424 0.444722444
v 0.576166034 0.0297411606 0.470087498
v 0.629228055 -0.0117381196 0.491716653
v 0.56199795 -0.0370544493 0.495596796
v 0.54702431 -0.0338783488 0.495485336
v 0.577860892 -0.0381130725 0.495714992
v 0.593723834 -0.0370544493 0.495833099
v 0.608697355 -0.0338783488 0.495944649
v 0.621891737 -0.0285848472 0.496042818
v 0.63241756 -0.0211740211 0.496121287
v 0.631646752 -9.406358e-08 0.491716743
v 0.629228115 0.0117379278 0.491716743
v 0.517823458 0.0213418305 0.491716743
v 0.527925253 0.0288114548 0.491716743
v 0.54058814 0.0341468826 0.491716743
v 0.531146288 0.0418853164 0.446435571
v 0.541465461 0.0396548882 0.472037733
v 0.554958344 0.0373481847 0.491716743
v 0.163090155 0.0287586227 0.00455295714
v 0.120701507 0.045967374 0.00264106155
v 0.0700541586 0.0487244464 0.00120938697
v 0.0138308555 0.0342381224 0.000311258249
v 0.0176926032 -0.0264458768 0.000311243988
v 0.0753070042 -0.0333335027 0.00120936765
v 0.125187248 -0.0235067047 0.00264104502
v 0.164971158 2.18860805e-08 0.00455295015
v 0.565767527 0.0352487862 0.470671922
v 0.622540951 0.0213417541 0.491716653
v 0.612439036 0.0288114548 0.491716743
v 0.533829927 -0.0285848472 0.495387167
v 0.639385462 -0.0116457213 0.496173024
v 0.523304045 -0.0211740211 0.495308787
v 0.516336203 -0.0116457213 0.495256901
v 0.513815999 -9.54605639e-08 0.495238155
v 0.516336262 0.0116456058 0.495256811
v 0.125187248 0.0235067476 0.0026410562
v 0.0753070042 0.0333335474 0.00120938255
v 0.0176926032 0.0264459215 0.000311256736
v 0.0205436572 -0.0180922281 0.000311246258
v 0.0785599053 -0.017046053 0.00120937056
v 0.12672475 2.18860805e-08 0.00264105084
v 0.553966999 0.0385533646 0.471335143
v 0.599776149 0.0341468826 0.491716653
v 0.641905665 -9.59262252e-08 0.496191919
v 0.584232211 -0.0372771993 0.499052942
v 0.568018734 -0.0362417474 0.498821646
v 0.552714288 -0.0331353247 0.498603314
v 0.600445747 -0.0362417474 0.499284238
v 0.615750134 -0.0331353247 0.499502569
v 0.629236221 -0.0279579237 0.499694943
v 0.639994621 -0.0207096227 0.499848306
v 0.647116601 -0.011390347 0.499949932
v 0.639385521 0.0116455313 0.496173024
v 0.63241756 0.0211738311 0.496121198
v 0.523304045 0.0211738311 0.495308787
v 0.533829927 0.0285846554 0.495387167
v 0.547024429 0.0338781513 0.495485425
v 0.570182204 0.038415283 0.491716743
v 0.56199795 0.0370542556 0.495596796
v 0.0785599053 0.0170460995 0.00120937952
v 0.0205436572 0.0180923473 0.000311254495
v 0.0223092288 -0.00925197825 0.000311247772
v 0.0796748549 2.18860805e-08 0.00120937498
v 0.585406065 0.0373481847 0.491716653
v 0.621891737 0.0285846554 0.496042818
v 0.608697295 0.0338781513 0.495944589
v 0.53922832 -0.0279579218 0.498411089
v 0.649692416 -9.63918865e-08 0.499986768
v 0.528469801 -0.0207096227 0.498257577
v 0.52134794 -0.011390347 0.498156011
v 0.518771946 -9.63918865e-08 0.498119265
v 0.52134794 0.0113901552 0.498155922
v 0.0223092288 0.00925209932 0.000311252254
v 0.0229144022 2.28174031e-08 0.000311249983
v 0.593723834 0.0370542556 0.495833099
v 0.647116601 0.0113901552 0.499949932
v 0.589269876 -0.0360144973 0.501710713
v 0.572965741 -0.0350140743 0.501376152
v 0.605573952 -0.0350140743 0.502045155
v 0.557575583 -0.0320128724 0.501060426
v 0.620963991 -0.0320128724 0.50236088
v 0.634525418 -0.027010899 0.502639234
v 0.645344019 -0.0200080723 0.502861142
v 0.652505815 -0.0110044731 0.503008068
v 0.655096054 -9.7323209e-08 0.503061295
v 0.639994621 0.0207094289 0.499848306
v 0.629236221 0.0279577263 0.499694943
v 0.528469741 0.0207094308 0.498257577
v 0.539228261 0.0279578045 0.498411089
v 0.552714288 0.0331351273 0.498603404
v 0.577860892 0.0381129533 0.495714992
v 0.568018734 0.0362415537 0.498821646
v 0.615750074 0.0331351273 0.499502569
v 0.600445747 0.0362415537 0.499284178
v 0.544014215 -0.027010899 0.500782192
v 0.652505815 0.0110043529 0.503008068
v 0.533195496 -0.0200080723 0.500560284
v 0.526033938 -0.0110044722 0.500413299
v 0.52344352 -9.63918865e-08 0.500360131
v 0.526033819 0.0110043548 0.500413299
v 0.584232211 0.0372770801 0.499052942
v 0.645344019 0.020007953 0.502861142
v 0.592946827 -0.0344316252 0.503668189
v 0.57678318 -0.0334752239 0.503245234
v 0.609110415 -0.0334752239 0.504091084
v 0.624367654 -0.030605875 0.504490137
v 0.561525941 -0.030605875 0.502846003
v 0.637812197 -0.0258237235 0.504841924
v 0.648537517 -0.0191286989 0.505122483
v 0.655637443 -0.0105208736 0.50530827
v 0.658205509 -9.82545316e-08 0.505375504
v 0.655637503 0.010520678 0.50530827
v 0.634525418 0.0270107016 0.502639234
v 0.620963931 0.0320127532 0.50236088
v 0.533195496 0.020007953 0.500560284
v 0.544014215 0.0270107016 0.500782192
v 0.557575643 0.0320127532 0.501060426
v 0.572965741 0.0350139514 0.501376152
v 0.605573952 0.0350139514 0.502045155
v 0.589269876 0.0360143036 0.501710713
v 0.548081398 -0.0258237235 0.502494335
v 0.648537517 0.0191285778 0.505122483
v 0.537356079 -0.0191286989 0.502213657
v 0.530256152 -0.0105208727 0.502028048
v 0.527688146 -9.63918865e-08 0.501960754
v 0.530256152 0.010520678 0.502028048
v 0.637812197 0.0258236043 0.504841924
v 0.595236659 -0.0326353759 0.504905343
v 0.579416215 -0.0317288488 0.504413962
v 0.611057103 -0.0317288488 0.505396783
v 0.625990212 -0.0290092006 0.505860627
v 0.639149308 -0.0244765747 0.506269395
v 0.564482927 -0.0290092006 0.50394994
v 0.649646878 -0.018130824 0.506595552
v 0.656596065 -0.00997202378 0.50681138
v 0.659109652 -9.82545316e-08 0.506889522
v 0.656596065 0.00997182727 0.506811321
v 0.649646878 0.0181306284 0.506595552
v 0.624367535 0.0306057557 0.504490137
v 0.609110415 0.0334750302 0.504090905
v 0.537355959 0.0191285778 0.502213657
v 0.548081398 0.0258236043 0.502494335
v 0.561525941 0.0306057557 0.502846062
v 0.57678318 0.0334750302 0.503245234
v 0.592946827 0.0344314277 0.503668189
v 0.55132401 -0.0244765729 0.503541231
v 0.639149308 0.0244763792 0.506269455
v 0.540826321 -0.0181308221 0.503215134
v 0.533877194 -0.00997194834 0.502999306
v 0.531363726 -9.7323209e-08 0.502921224
v 0.533877194 0.00997182727 0.502999306
v 0.625990212 0.0290090777 0.505860627
v 0.596112549 -0.0307323989 0.505402207
v 0.580809355 -0.0298786741 0.504866958
v 0.611415744 -0.0298786741 0.505937338
v 0.62586081 -0.0273176488 0.506442606
v 0.638589621 -0.0230493229 0.506887794
v 0.648743927 -0.0170736238 0.507242858
v 0.566364288 -0.0273176488 0.504361749
v 0.655465901 -0.0093905488 0.507478058
v 0.657897234 -9.87201929e-08 0.507563114
v 0.655465961 0.00939035229 0.507478058
v 0.648743927 0.0170734283 0.507242858
v 0.638589621 0.0230491292 0.506887794
v 0.611057103 0.0317286514 0.505396783
v 0.595236659 0.0326351747 0.504905343
v 0.54082638 0.0181306284 0.503215134
v 0.55132401 0.0244763792 0.503541231
v 0.564482927 0.0290090777 0.50395
v 0.579416215 0.0317286514 0.504413962
v 0.553635538 -0.0230493229 0.503916562
v 0.625860631 0.0273175277 0.506442547
v 0.543481112 -0.0170735475 0.503561437
v 0.536759198 -0.00939047337 0.503326356
v 0.534327805 -9.7323209e-08 0.50324136
v 0.536759138 0.00939035229 0.503326356
v 0.611415744 0.029878553 0.505937338
v 0.610188425 -0.0280285738 0.505688071
v 0.595547855 -0.0288294256 0.505138755
v 0.580907345 -0.0280285738 0.504589438
v 0.624008119 -0.0256261751 0.506206453
v 0.636185765 -0.0216220729 0.506663322
v 0.645900428 -0.0160163492 0.507027864
v 0.652331471 -0.00880907383 0.507269025
v 0.56708771 -0.0256261732 0.504070938
v 0.654657483 -9.87201929e-08 0.507356346
v 0.652331471 0.00880887732 0.507269025
v 0.645900428 0.0160162263 0.507027864
v 0.636185765 0.0216218773 0.506663322
v 0.62400806 0.0256259777 0.506206453
v 0.596112549 0.0307322033 0.505402207
v 0.580809474 0.029878553 0.504866958
v 0.543481112 0.0170734283 0.503561497
v 0.553635538 0.0230491292 0.503916562
v 0.566364348 0.0273175277 0.504361749
v 0.554910123 -0.0216220729 0.503614247
v 0.610188484 0.0280283764 0.505687952
v 0.545195222 -0.0160163492 0.503249645
v 0.538764417 -0.0088090729 0.503008425
v 0.536438286 -9.7323209e-08 0.502921224
v 0.538764417 0.00880887732 0.503008425
v 0.595547855 0.0288292281 0.505138755
v 0.620461166 -0.0240294226 0.505122542
v 0.607377172 -0.0262822006 0.504623592
v 0.593516052 -0.027033098 0.504094958
v 0.579654753 -0.0262822006 0.503566384
v 0.631990671 -0.0202748477 0.505562246
v 0.641188264 -0.0150184734 0.50591296
v 0.647276878 -0.00826022308 0.506145179
v 0.649479032 -9.82545316e-08 0.506229341
v 0.566570759 -0.0240294226 0.503067374
v 0.647276878 0.00826002751 0.506145179
v 0.641188264 0.0150182769 0.50591296
v 0.631990671 0.0202747267 0.505562246
v 0.620461106 0.0240293033 0.505122542
v 0.607377291 0.0262820013 0.504623592
v 0.580907345 0.0280283764 0.504589438
v 0.56708777 0.0256259777 0.504071057
v 0.545195222 0.0160162263 0.503249824
v 0.554910123 0.0216218773 0.503614187
v 0.555041373 -0.0202748477 0.50262773
v 0.593515873 0.0270329788 0.504094958
v 0.545843601 -0.0150184724 0.502277076
v 0.539755106 -0.00826014765 0.502044857
v 0.537552774 -9.63918865e-08 0.501960874
v 0.539755106 0.00826002844 0.502044797
v 0.579654813 0.0262820013 0.503566384
v 0.626057088 -0.0190877467 0.503550947
v 0.615249097 -0.0226224978 0.503161311
v 0.602983892 -0.0247433484 0.502719223
v 0.589990139 -0.0254502967 0.502250969
v 0.576996326 -0.0247433484 0.501782596
v 0.634679139 -0.0141390981 0.503861547
v 0.640386701 -0.00777654769 0.504067302
v 0.642451048 -9.7323209e-08 0.504141688
v 0.64038676 0.00777635351 0.504067302
v 0.564731061 -0.0226224959 0.501340508
v 0.634679139 0.0141389035 0.503861487
v 0.626057088 0.019087553 0.503550947
v 0.615249097 0.0226223022 0.503161311
v 0.602983952 0.0247431546 0.502719164
v 0.589990139 0.025450103 0.502250969
v 0.566570759 0.0240293033 0.503067374
v 0.555041373 0.0202747267 0.50262773
v 0.545843601 0.0150182769 0.502277076
v 0.55392319 -0.0190877467 0.500951111
v 0.576996326 0.0247431546 0.501782596
v 0.545301139 -0.0141390972 0.500640333
v 0.539593637 -0.00777654676 0.500434577
v 0.537529171 -9.63918865e-08 0.500360191
v 0.539593637 0.00777635444 0.500434577
v 0.564731061 0.0226223022 0.501340628
v 0.618437767 -0.0181406457 0.500595272
v 0.608400881 -0.0215000473 0.500293076
v 0.626444817 -0.0134375468 0.500836372
v 0.597010553 -0.0235156715 0.499949932
v 0.584943712 -0.024187522 0.499586493
v 0.572876751 -0.0235156715 0.499223053
v 0.631745219 -0.00739067188 0.500996053
v 0.633662343 -9.63918865e-08 0.50105381
v 0.631745219 0.00739055499 0.500996053
v 0.626444817 0.0134373512 0.500836372
v 0.561486483 -0.0215000473 0.498880059
v 0.618437767 0.0181405265 0.500595272
v 0.608400702 0.0214998536 0.500293016
v 0.597010612 0.0235154778 0.499949932
v 0.584943712 0.0241874028 0.499586493
v 0.572876751 0.0235154778 0.499223053
v 0.55392319 0.019087553 0.500951111
v 0.545301139 0.0141389035 0.500640392
v 0.551449478 -0.0181406457 0.498577833
v 0.561486483 0.0214998554 0.498880059
v 0.609185636 -0.0175137967 0.496661812
v 0.599945307 -0.0207570195 0.496488035
v 0.599945247 0.0207568295 0.496488035
v 0.609185636 0.0175136048 0.496661872
v 0.543442488 -0.0134375468 0.498336673
v 0.538142145 -0.00739067141 0.498177022
v 0.536224902 -9.63918865e-08 0.498119265
v 0.538142145 0.00739055499 0.498177022
v 0.551449478 0.0181405302 0.498577833
v 0.616557121 -0.0129731465 0.496800452
v 0.621436894 -0.00713529624 0.496892244
v 0.589459062 -0.0227029715 0.496290773
v 0.578349888 -0.0233516451 0.49608174
v 0.567240834 -0.0227029715 0.495872796
v 0.623201847 -9.59262252e-08 0.496925473
v 0.621436894 0.00713510439 0.496892244
v 0.616557121 0.0129730292 0.496800452
v 0.55675447 -0.0207570195 0.495675534
v 0.589459121 0.022702856 0.496290773
v 0.578349888 0.0233514551 0.49608174
v 0.567240715 0.022702856 0.495872796
v 0.55675447 0.0207568295 0.495675534
v 0.543442488 0.0134374294 0.498336673
v 0.547514141 -0.0175137203 0.495501697
v 0.547514141 0.0175136048 0.495501697
v 0.598353446 -0.0172869936 0.491716743
v 0.58991158 -0.0204882957 0.491716743
v 0.605087936 -0.0128052207 0.491716743
v 0.58991152 0.0204881057 0.491716653
v 0.598353446 0.0172868054 0.491716743
v 0.580331445 0.0224088561 0.491716653
v 0.540142596 -0.0129731456 0.495363176
v 0.535262823 -0.00713529531 0.495271295
v 0.53349793 -9.54605639e-08 0.495238155
v 0.535262823 0.00713510532 0.495271385
v 0.540142596 0.0129730292 0.495363176
v 0.609546125 -0.00704289461 0.491716653
v 0.61115855 -9.406358e-08 0.491716743
v 0.580331445 -0.0224090442 0.491716743
v 0.570182204 -0.0230493192 0.491716743
v 0.560032964 -0.0224090442 0.491716653
v 0.609546185 0.00704270694 0.491716743
v 0.605087936 0.0128050297 0.491716653
v 0.550452828 -0.0204882957 0.491716653
v 0.570182204 0.023049131 0.491716743
v 0.560032904 0.0224088561 0.491716743
v 0.550452828 0.0204881057 0.491716743
v 0.542010844 0.0172868054 0.491716743
v 0.542010844 -0.0172869936 0.491716743
v 0.535276353 0.0128050297 0.491716743
v 0.535276353 -0.0128052207 0.491716653
v 0.530818284 -0.00704289461 0.491716743
v 0.529205739 -9.406358e-08 0.491716743
v 0.530818284 0.00704270694 0.491716653
v -0.454227626 -8.73580575e-07 0.184393734
f 1 2 3
f 4 1 3
f 2 1 5
f 5 6 2
f 2 7 3
f 8 4 3
f 1 4 9
f 9 5 1
f 10 11 6
f 6 5 10
f 6 12 7
f 7 2 6
f 7 13 3
f 14 8 3
f 15 9 4
f 4 8 15
f 16 10 5
f 5 9 16
f 17 18 11
f 11 10 17
f 11 19 12
f 12 6 11
f 12 20 13
f 13 7 12
f 13 21 3
f 22 14 3
f 23 15 8
f 8 14 23
f 24 16 9
f 9 15 24
f 25 17 10
f 10 16 25
f 26 27 18
f 18 17 26
f 18 28 19
f 19 11 18
f 19 29 20
f 20 12 19
f 20 30 21
f 21 13 20
f 21 31 3
f 32 22 3
f 33 23 14
f 14 22 33
f 34 24 15
f 15 23 34
f 35 25 16
f 16 24 35
f 36 26 17
f 17 25 36
f 37 38 27
f 27 26 37
f 27 39 28
f 28 18 27
f 28 40 29
f 29 19 28
f 29 41 30
f 30 20 29
f 30 42 31
f 31 21 30
f 31 43 3
f 44 32 3
f 45 33 22
f 22 32 45
f 46 34 23
f 23 33 46
f 47 35 24
f 24 34 47
f 48 36 25
f 25 35 48
f 49 37 26
f 26 36 49
f 50 51 38
f 38 37 50
f 38 52 39
f 39 27 38
f 39 53 40
f 40 28 39
f 40 54 41
f 41 29 40
f 41 55 42
f 42 30 41
f 42 56 43
f 43 31 42
f 43 57 3
f 58 44 3
f 59 45 32
f 32 44 59
f 60 46 33
f 33 45 60
f 61 47 34
f 34 46 61
f 62 48 35
f 35 47 62
f 63 49 36
f 36 48 63
f 64 50 37
f 37 49 64
f 65 66 51
f 51 50 65
f 51 67 52
f 52 38 51
f 52 68 53
f 53 39 52
f 53 69 54
f 54 40 53
f 54 70 55
f 55 41 54
f 55 71 56
f 56 42 55
f 56 72 57
f 57 43 56
f 57 73 3
f 74 58 3
f 75 59 44
f 44 58 75
f 76 60 45
f 45 59 76
f 77 61 46
f 46 60 77
f 78 62 47
f 47 61 78
f 79 63 48
f 48 62 79
f 80 64 49
f 49 63 80
f 81 65 50
f 50 64 81
f 82 83 66
f 66 65 82
f 66 84 67
f 67 51 66
f 67 85 68
f 68 52 67
f 68 86 69
f 69 53 68
f 69 87 70
f 70 54 69
f 70 88 71
f 71 55 70
f 71 89 72
f 72 56 71
f 72 90 73
f 73 57 72
f 73 91 3
f 92 74 3
f 93 75 58
f 58 74 93
f 94 76 59
f 59 75 94
f 95 77 60
f 60 76 95
f 96 78 61
f 61 77 96
f 97 79 62
f 62 78 97
f 98 80 63
f 63 79 98
f 99 81 64
f 64 80 99
f 81 100 82
f 82 65 81
f 101 102 83
f 83 82 101
f 83 103 84
f 84 66 83
f 84 104 85
f 85 67 84
f 85 105 86
f 86 68 85
f 86 106 87
f 87 69 86
f 87 107 88
f 88 70 87
f 88 108 89
f 89 71 88
f 89 109 90
f 90 72 89
f 90 110 91
f 91 73 90
f 91 111 3
f 112 92 3
f 113 93 74
f 74 92 113
f 114 94 75
f 75 93 114
f 115 95 76
f 76 94 115
f 116 96 77
f 77 95 116
f 117 97 78
f 78 96 117
f 118 98 79
f 79 97 118
f 119 99 80
f 80 98 119
f 99 120 100
f 100 81 99
f 100 121 101
f 101 82 100
f 101 122 123
f 123 102 101
f 102 124 103
f 103 83 102
f 84 103 125
f 125 104 84
f 104 126 105
f 105 85 104
f 105 127 106
f 106 86 105
f 106 128 107
f 107 87 106
f 107 129 108
f 108 88 107
f 108 130 109
f 109 89 108
f 109 131 110
f 110 90 109
f 110 132 111
f 111 91 110
f 111 133 3
f 134 112 3
f 135 113 92
f 92 112 135
f 136 114 93
f 93 113 136
f 137 115 94
f 94 114 137
f 138 116 95
f 95 115 138
f 139 117 96
f 96 116 139
f 140 118 97
f 97 117 140
f 141 119 98
f 98 118 141
f 119 142 120
f 120 99 119
f 120 143 121
f 121 100 120
f 121 144 122
f 122 101 121
f 102 123 145
f 145 124 102
f 103 124 146
f 146 125 103
f 104 125 147
f 147 126 104
f 126 148 127
f 127 105 126
f 127 149 128
f 128 106 127
f 128 150 129
f 129 107 128
f 129 151 130
f 130 108 129
f 130 152 131
f 131 109 130
f 131 153 132
f 132 110 131
f 132 154 133
f 133 111 132
f 133 155 3
f 156 134 3
f 157 135 112
f 112 134 157
f 158 136 113
f 113 135 158
f 159 137 114
f 114 136 159
f 160 138 115
f 115 137 160
f 161 139 116
f 116 138 161
f 162 140 117
f 117 139 162
f 163 141 118
f 118 140 163
f 141 164 142
f 142 119 141
f 142 165 143
f 143 120 142
f 143 166 144
f 144 121 143
f 167 168 122
f 122 144 167
f 168 169 123
f 123 122 168
f 126 147 170
f 170 148 126
f 148 171 149
f 149 127 148
f 149 172 150
f 150 128 149
f 150 173 151
f 151 129 150
f 151 174 152
f 152 130 151
f 152 175 153
f 153 131 152
f 153 176 154
f 154 132 153
f 154 177 155
f 155 133 154
f 155 178 3
f 179 156 3
f 180 157 134
f 134 156 180
f 181 158 135
f 135 157 181
f 182 159 136
f 136 158 182
f 183 160 137
f 137 159 183
f 184 161 138
f 138 160 184
f 185 162 139
f 139 161 185
f 186 163 140
f 140 162 186
f 187 164 141
f 141 163 187
f 164 188 165
f 165 142 164
f 165 189 166
f 166 143 165
f 190 167 144
f 144 166 190
f 191 192 168
f 168 167 191
f 192 193 169
f 169 168 192
f 169 194 145
f 145 123 169
f 124 145 195
f 195 146 124
f 125 146 196
f 196 147 125
f 170 197 171
f 171 148 170
f 171 198 172
f 172 149 171
f 172 199 173
f 173 150 172
f 173 200 174
f 174 151 173
f 174 201 175
f 175 152 174
f 175 202 176
f 176 153 175
f 176 203 177
f 177 154 176
f 177 204 178
f 178 155 177
f 178 205 3
f 206 179 3
f 207 180 156
f 156 179 207
f 208 181 157
f 157 180 208
f 209 182 158
f 158 181 209
f 210 183 159
f 159 182 210
f 211 184 160
f 160 183 211
f 212 185 161
f 161 184 212
f 213 186 162
f 162 185 213
f 214 187 163
f 163 186 214
f 215 188 164
f 164 187 215
f 188 216 189
f 189 165 188
f 217 190 166
f 166 189 217
f 218 191 167
f 167 190 218
f 219 220 192
f 192 191 219
f 220 221 193
f 193 192 220
f 193 222 194
f 194 169 193
f 194 223 195
f 195 145 194
f 147 196 224
f 224 170 147
f 170 224 225
f 225 197 170
f 197 226 198
f 198 171 197
f 198 227 199
f 199 172 198
f 199 228 200
f 200 173 199
f 200 229 201
f 201 174 200
f 201 230 202
f 202 175 201
f 202 231 203
f 203 176 202
f 203 232 204
f 204 177 203
f 204 233 205
f 205 178 204
f 205 234 3
f 235 206 3
f 236 207 179
f 179 206 236
f 237 208 180
f 180 207 237
f 238 209 181
f 181 208 238
f 239 210 182
f 182 209 239
f 240 211 183
f 183 210 240
f 241 212 184
f 184 211 241
f 242 213 185
f 185 212 242
f 243 214 186
f 186 213 243
f 244 215 187
f 187 214 244
f 245 216 188
f 188 215 245
f 246 217 189
f 189 216 246
f 247 218 190
f 190 217 247
f 248 219 191
f 191 218 248
f 249 250 220
f 220 219 249
f 250 251 221
f 221 220 250
f 221 252 222
f 222 193 221
f 222 253 223
f 223 194 222
f 223 254 255
f 255 195 223
f 146 195 255
f 255 196 146
f 225 256 226
f 226 197 225
f 226 257 227
f 227 198 226
f 227 258 228
f 228 199 227
f 228 259 229
f 229 200 228
f 229 260 230
f 230 201 229
f 230 261 231
f 231 202 230
f 231 262 232
f 232 203 231
f 232 263 233
f 233 204 232
f 233 264 234
f 234 205 233
f 234 265 3
f 266 235 3
f 267 236 206
f 206 235 267
f 268 237 207
f 207 236 268
f 269 238 208
f 208 237 269
f 270 239 209
f 209 238 270
f 271 240 210
f 210 239 271
f 272 241 211
f 211 240 272
f 273 242 212
f 212 241 273
f 242 274 243
f 243 213 242
f 243 275 244
f 244 214 243
f 276 245 215
f 215 244 276
f 277 246 216
f 216 245 277
f 278 247 217
f 217 246 278
f 279 248 218
f 218 247 279
f 280 249 219
f 219 248 280
f 281 282 250
f 250 249 281
f 282 283 251
f 251 250 282
f 251 284 252
f 252 221 251
f 252 285 253
f 253 222 252
f 253 286 254
f 254 223 253
f 254 287 288
f 288 255 254
f 196 255 288
f 288 224 196
f 224 288 289
f 289 225 224
f 289 290 256
f 256 225 289
f 256 291 257
f 257 226 256
f 227 257 292
f 292 258 227
f 258 293 259
f 259 228 258
f 259 294 260
f 260 229 259
f 260 295 261
f 261 230 260
f 261 296 262
f 262 231 261
f 262 297 263
f 263 232 262
f 263 298 264
f 264 233 263
f 264 299 265
f 265 234 264
f 265 300 3
f 301 266 3
f 302 267 235
f 235 266 302
f 303 268 236
f 236 267 303
f 304 269 237
f 237 268 304
f 305 270 238
f 238 269 305
f 306 271 239
f 239 270 306
f 307 272 240
f 240 271 307
f 308 273 241
f 241 272 308
f 273 309 274
f 274 242 273
f 274 310 275
f 275 243 274
f 275 311 276
f 276 244 275
f 312 277 245
f 245 276 312
f 313 278 246
f 246 277 313
f 314 279 247
f 247 278 314
f 315 280 248
f 248 279 315
f 316 281 249
f 249 280 316
f 317 318 282
f 282 281 317
f 318 319 283
f 283 282 318
f 283 320 284
f 284 251 283
f 284 321 285
f 285 252 284
f 285 322 286
f 286 253 285
f 286 323 287
f 287 254 286
f 287 324 289
f 289 288 287
f 324 325 290
f 290 289 324
f 290 326 291
f 291 256 290
f 257 291 327
f 327 292 257
f 258 292 328
f 328 293 258
f 293 329 294
f 294 259 293
f 294 330 295
f 295 260 294
f 295 331 296
f 296 261 295
f 296 332 297
f 297 262 296
f 297 333 298
f 298 263 297
f 298 334 299
f 299 264 298
f 299 335 300
f 300 265 299
f 300 336 3
f 337 301 3
f 338 302 266
f 266 301 338
f 339 303 267
f 267 302 339
f 340 304 268
f 268 303 340
f 341 305 269
f 269 304 341
f 342 306 270
f 270 305 342
f 343 307 271
f 271 306 343
f 344 308 272
f 272 307 344
f 308 345 309
f 309 273 308
f 309 346 310
f 310 274 309
f 310 347 311
f 311 275 310
f 348 312 276
f 276 311 348
f 349 313 277
f 277 312 349
f 350 314 278
f 278 313 350
f 351 315 279
f 279 314 351
f 352 316 280
f 280 315 352
f 353 317 281
f 281 316 353
f 354 355 318
f 318 317 354
f 355 356 319
f 319 318 355
f 319 357 320
f 320 283 319
f 320 358 321
f 321 284 320
f 321 359 322
f 322 285 321
f 322 360 323
f 323 286 322
f 323 361 324
f 324 287 323
f 361 362 325
f 325 324 361
f 325 363 326
f 326 290 325
f 291 326 364
f 364 327 291
f 293 328 365
f 365 329 293
f 329 366 330
f 330 294 329
f 330 367 331
f 331 295 330
f 331 368 332
f 332 296 331
f 332 369 333
f 333 297 332
f 333 370 334
f 334 298 333
f 334 371 335
f 335 299 334
f 335 372 336
f 336 300 335
f 336 373 3
f 374 337 3
f 375 338 301
f 301 337 375
f 376 339 302
f 302 338 376
f 377 340 303
f 303 339 377
f 378 341 304
f 304 340 378
f 379 342 305
f 305 341 379
f 380 343 306
f 306 342 380
f 381 344 307
f 307 343 381
f 382 345 308
f 308 344 382
f 345 383 346
f 346 309 345
f 346 384 347
f 347 310 346
f 385 348 311
f 311 347 385
f 386 349 312
f 312 348 386
f 387 350 313
f 313 349 387
f 388 351 314
f 314 350 388
f 389 352 315
f 315 351 389
f 390 353 316
f 316 352 390
f 391 354 317
f 317 353 391
f 392 393 355
f 355 354 392
f 393 394 356
f 356 355 393
f 356 395 357
f 357 319 356
f 357 396 358
f 358 320 357
f 358 397 359
f 359 321 358
f 359 398 360
f 360 322 359
f 360 399 361
f 361 323 360
f 399 400 362
f 362 361 399
f 362 401 363
f 363 325 362
f 363 402 364
f 364 326 363
f 292 327 403
f 403 328 292
f 329 365 404
f 404 366 329
f 366 405 367
f 367 330 366
f 367 406 368
f 368 331 367
f 368 407 369
f 369 332 368
f 369 408 370
f 370 333 369
f 370 409 371
f 371 334 370
f 371 410 372
f 372 335 371
f 372 411 373
f 373 336 372
f 373 412 3
f 413 374 3
f 414 375 337
f 337 374 414
f 415 376 338
f 338 375 415
f 416 377 339
f 339 376 416
f 417 378 340
f 340 377 417
f 418 379 341
f 341 378 418
f 419 380 342
f 342 379 419
f 420 381 343
f 343 380 420
f 421 382 344
f 344 381 421
f 422 383 345
f 345 382 422
f 383 423 384
f 384 346 383
f 424 385 347
f 347 384 424
f 425 386 348
f 348 385 425
f 426 387 349
f 349 386 426
f 427 388 350
f 350 387 427
f 428 389 351
f 351 388 428
f 429 390 352
f 352 389 429
f 430 391 353
f 353 390 430
f 431 392 354
f 354 391 431
f 432 433 393
f 393 392 432
f 433 434 394
f 394 393 433
f 394 435 395
f 395 356 394
f 395 436 396
f 396 357 395
f 396 437 397
f 397 358 396
f 397 438 398
f 398 359 397
f 398 439 399
f 399 360 398
f 439 440 400
f 400 399 439
f 400 441 401
f 401 362 400
f 401 442 402
f 402 363 401
f 402 443 444
f 444 364 402
f 327 364 444
f 444 403 327
f 328 403 445
f 445 365 328
f 404 446 405
f 405 366 404
f 405 447 406
f 406 367 405
f 406 448 407
f 407 368 406
f 407 449 408
f 408 369 407
f 408 450 409
f 409 370 408
f 409 451 410
f 410 371 409
f 410 452 411
f 411 372 410
f 411 453 412
f 412 373 411
f 412 454 3
f 455 413 3
f 456 414 374
f 374 413 456
f 457 415 375
f 375 414 457
f 458 416 376
f 376 415 458
f 459 417 377
f 377 416 459
f 460 418 378
f 378 417 460
f 461 419 379
f 379 418 461
f 462 420 380
f 380 419 462
f 420 463 421
f 421 381 420
f 464 422 382
f 382 421 464
f 422 465 423
f 423 383 422
f 466 424 384
f 384 423 466
f 467 425 385
f 385 424 467
f 468 426 386
f 386 425 468
f 469 427 387
f 387 426 469
f 470 428 388
f 388 427 470
f 471 429 389
f 389 428 471
f 472 430 390
f 390 429 472
f 473 431 391
f 391 430 473
f 474 432 392
f 392 431 474
f 475 476 433
f 433 432 475
f 476 477 434
f 434 433 476
f 434 478 435
f 435 394 434
f 435 479 436
f 436 395 435
f 436 480 437
f 437 396 436
f 437 481 438
f 438 397 437
f 438 482 439
f 439 398 438
f 482 483 440
f 440 439 482
f 440 484 441
f 441 400 440
f 441 485 442
f 442 401 441
f 442 486 443
f 443 402 442
f 443 487 488
f 488 444 443
f 365 445 489
f 489 404 365
f 404 489 490
f 490 446 404
f 446 491 447
f 447 405 446
f 447 492 448
f 448 406 447
f 448 493 449
f 449 407 448
f 449 494 450
f 450 408 449
f 450 495 451
f 451 409 450
f 451 496 452
f 452 410 451
f 452 497 453
f 453 411 452
f 453 498 454
f 454 412 453
f 454 499 3
f 500 455 3
f 501 456 413
f 413 455 501
f 502 457 414
f 414 456 502
f 503 458 415
f 415 457 503
f 504 459 416
f 416 458 504
f 505 460 417
f 417 459 505
f 506 461 418
f 418 460 506
f 507 462 419
f 419 461 507
f 462 508 463
f 463 420 462
f 463 509 464
f 464 421 463
f 464 510 465
f 465 422 464
f 511 466 423
f 423 465 511
f 512 467 424
f 424 466 512
f 513 468 425
f 425 467 513
f 514 469 426
f 426 468 514
f 515 470 427
f 427 469 515
f 516 471 428
f 428 470 516
f 517 472 429
f 429 471 517
f 518 473 430
f 430 472 518
f 519 474 431
f 431 473 519
f 520 475 432
f 432 474 520
f 521 522 476
f 476 475 521
f 522 523 477
f 477 476 522
f 477 524 478
f 478 434 477
f 478 525 479
f 479 435 478
f 479 526 480
f 480 436 479
f 480 527 481
f 481 437 480
f 481 528 482
f 482 438 481
f 528 529 483
f 483 482 528
f 483 530 484
f 484 440 483
f 484 531 485
f 485 441 484
f 485 532 486
f 486 442 485
f 486 533 487
f 487 443 486
f 487 534 535
f 535 488 487
f 488 445 403
f 403 444 488
f 492 536 493
f 493 448 492
f 493 537 494
f 494 449 493
f 494 538 495
f 495 450 494
f 495 539 496
f 496 451 495
f 496 540 497
f 497 452 496
f 497 541 498
f 498 453 497
f 498 542 499
f 499 454 498
f 499 543 3
f 544 500 3
f 545 501 455
f 455 500 545
f 546 502 456
f 456 501 546
f 547 503 457
f 457 502 547
f 548 504 458
f 458 503 548
f 549 505 459
f 459 504 549
f 550 506 460
f 460 505 550
f 551 507 461
f 461 506 551
f 507 552 508
f 508 462 507
f 508 553 509
f 509 463 508
f 509 554 510
f 510 464 509
f 555 511 465
f 465 510 555
f 556 512 466
f 466 511 556
f 557 513 467
f 467 512 557
f 558 514 468
f 468 513 558
f 559 515 469
f 469 514 559
f 560 516 470
f 470 515 560
f 561 517 471
f 471 516 561
f 562 518 472
f 472 517 562
f 563 519 473
f 473 518 563
f 564 520 474
f 474 519 564
f 565 521 475
f 475 520 565
f 566 567 522
f 522 521 566
f 567 568 523
f 523 522 567
f 523 569 524
f 524 477 523
f 524 570 525
f 525 478 524
f 525 571 526
f 526 479 525
f 526 572 527
f 527 480 526
f 527 573 528
f 528 481 527
f 573 574 529
f 529 528 573
f 529 575 530
f 530 483 529
f 530 576 531
f 531 484 530
f 531 577 532
f 532 485 531
f 532 578 533
f 533 486 532
f 533 579 534
f 534 487 533
f 534 580 581
f 581 535 534
f 535 489 445
f 445 488 535
f 489 535 581
f 581 490 489
f 582 491 446
f 446 490 582
f 583 492 447
f 447 491 583
f 492 583 584
f 584 536 492
f 536 585 537
f 537 493 536
f 537 586 538
f 538 494 537
f 538 587 539
f 539 495 538
f 539 588 540
f 540 496 539
f 540 589 541
f 541 497 540
f 541 590 542
f 542 498 541
f 542 591 543
f 543 499 542
f 543 592 3
f 592 544 3
f 593 545 500
f 500 544 593
f 594 546 501
f 501 545 594
f 595 547 502
f 502 546 595
f 596 548 503
f 503 547 596
f 597 549 504
f 504 548 597
f 598 550 505
f 505 549 598
f 599 551 506
f 506 550 599
f 551 600 552
f 552 507 551
f 552 601 553
f 553 508 552
f 553 602 554
f 554 509 553
f 603 555 510
f 510 554 603
f 604 556 511
f 511 555 604
f 605 557 512
f 512 556 605
f 606 558 513
f 513 557 606
f 607 559 514
f 514 558 607
f 608 560 515
f 515 559 608
f 609 561 516
f 516 560 609
f 610 562 517
f 517 561 610
f 611 563 518
f 518 562 611
f 612 564 519
f 519 563 612
f 613 565 520
f 520 564 613
f 614 566 521
f 521 565 614
f 615 616 617
f 567 566 616
f 615 567 616
f 567 615 618
f 619 568 618
f 568 567 618
f 568 620 569
f 569 523 568
f 569 621 570
f 570 524 569
f 570 622 571
f 571 525 570
f 571 623 572
f 572 526 571
f 572 624 573
f 573 527 572
f 624 625 574
f 574 573 624
f 574 626 575
f 575 529 574
f 575 627 576
f 576 530 575
f 576 628 577
f 577 531 576
f 577 629 578
f 578 532 577
f 578 630 579
f 579 533 578
f 579 631 580
f 580 534 579
f 580 632 633
f 633 581 580
f 490 581 633
f 633 582 490
f 491 582 634
f 634 583 491
f 536 584 635
f 635 585 536
f 585 636 586
f 586 537 585
f 586 637 587
f 587 538 586
f 587 638 588
f 588 539 587
f 588 639 589
f 589 540 588
f 589 640 590
f 590 541 589
f 590 641 591
f 591 542 590
f 591 642 592
f 592 543 591
f 642 593 544
f 544 592 642
f 643 594 545
f 545 593 643
f 644 595 546
f 546 594 644
f 645 596 547
f 547 595 645
f 646 597 548
f 548 596 646
f 647 598 549
f 549 597 647
f 648 599 550
f 550 598 648
f 649 600 551
f 551 599 649
f 600 650 601
f 601 552 600
f 601 651 602
f 602 553 601
f 652 603 554
f 554 602 652
f 653 604 555
f 555 603 653
f 654 605 556
f 556 604 654
f 655 606 557
f 557 605 655
f 656 607 558
f 558 606 656
f 657 608 559
f 559 607 657
f 658 609 560
f 560 608 658
f 659 610 561
f 561 609 659
f 660 611 562
f 562 610 660
f 661 612 563
f 563 611 661
f 662 613 564
f 564 612 662
f 663 614 565
f 565 613 663
f 616 664 665
f 566 614 664
f 616 566 664
f 666 619 667
f 620 568 619
f 666 620 619
f 620 668 621
f 621 569 620
f 621 669 622
f 622 570 621
f 622 670 623
f 623 571 622
f 623 671 624
f 624 572 623
f 671 672 625
f 625 624 671
f 625 673 626
f 626 574 625
f 626 674 627
f 627 575 626
f 627 675 628
f 628 576 627
f 628 676 629
f 629 577 628
f 629 677 630
f 630 578 629
f 630 678 631
f 631 579 630
f 631 679 632
f 632 580 631
f 632 680 681
f 681 633 632
f 583 634 682
f 682 584 583
f 635 683 636
f 636 585 635
f 636 684 637
f 637 586 636
f 637 685 638
f 638 587 637
f 638 686 639
f 639 588 638
f 639 687 640
f 640 589 639
f 640 688 641
f 641 590 640
f 641 689 642
f 642 591 641
f 689 643 593
f 593 642 689
f 690 644 594
f 594 643 690
f 691 645 595
f 595 644 691
f 692 646 596
f 596 645 692
f 693 647 597
f 597 646 693
f 694 648 598
f 598 647 694
f 695 649 599
f 599 648 695
f 696 650 600
f 600 649 696
f 650 697 651
f 651 601 650
f 698 652 602
f 602 651 698
f 699 653 603
f 603 652 699
f 700 654 604
f 604 653 700
f 701 655 605
f 605 654 701
f 702 656 606
f 606 655 702
f 703 657 607
f 607 656 703
f 704 658 608
f 608 657 704
f 705 659 609
f 609 658 705
f 706 660 610
f 610 659 706
f 707 661 611
f 611 660 707
f 708 662 612
f 612 661 708
f 709 663 613
f 613 662 709
f 664 614 663
f 663 710 664
f 711 668 620
f 620 666 711
f 668 712 669
f 669 621 668
f 669 713 670
f 670 622 669
f 670 714 671
f 671 623 670
f 714 715 672
f 672 671 714
f 672 716 673
f 673 625 672
f 673 717 674
f 674 626 673
f 674 718 675
f 675 627 674
f 675 719 676
f 676 628 675
f 676 720 677
f 677 629 676
f 677 721 678
f 678 630 677
f 678 722 679
f 679 631 678
f 679 723 680
f 680 632 679
f 680 724 725
f 725 681 680
f 681 634 582
f 582 633 681
f 584 682 726
f 726 635 584
f 635 726 727
f 727 683 635
f 683 728 684
f 684 636 683
f 684 729 685
f 685 637 684
f 685 730 686
f 686 638 685
f 686 731 687
f 687 639 686
f 687 732 688
f 688 640 687
f 688 733 689
f 689 641 688
f 733 690 643
f 643 689 733
f 734 691 644
f 644 690 734
f 735 692 645
f 645 691 735
f 736 693 646
f 646 692 736
f 737 694 647
f 647 693 737
f 738 695 648
f 648 694 738
f 739 696 649
f 649 695 739
f 740 697 650
f 650 696 740
f 741 698 651
f 651 697 741
f 742 699 652
f 652 698 742
f 743 700 653
f 653 699 743
f 744 701 654
f 654 700 744
f 745 702 655
f 655 701 745
f 746 703 656
f 656 702 746
f 747 704 657
f 657 703 747
f 748 705 658
f 658 704 748
f 749 706 659
f 659 705 749
f 750 707 660
f 660 706 750
f 751 708 661
f 661 707 751
f 752 709 662
f 662 708 752
f 710 663 709
f 709 753 710
f 754 712 668
f 668 711 754
f 712 755 713
f 713 669 712
f 713 756 714
f 714 670 713
f 756 757 715
f 715 714 756
f 715 758 716
f 716 672 715
f 716 759 717
f 717 673 716
f 717 760 718
f 718 674 717
f 718 761 719
f 719 675 718
f 719 762 720
f 720 676 719
f 720 763 721
f 721 677 720
f 721 764 722
f 722 678 721
f 722 765 723
f 723 679 722
f 723 766 724
f 724 680 723
f 724 767 768
f 768 725 724
f 725 682 634
f 634 681 725
f 727 769 728
f 728 683 727
f 728 770 729
f 729 684 728
f 729 771 730
f 730 685 729
f 730 772 731
f 731 686 730
f 731 773 732
f 732 687 731
f 732 774 733
f 733 688 732
f 774 734 690
f 690 733 774
f 775 735 691
f 691 734 775
f 776 736 692
f 692 735 776
f 777 737 693
f 693 736 777
f 737 778 738
f 738 694 737
f 738 779 739
f 739 695 738
f 780 740 696
f 696 739 780
f 781 741 697
f 697 740 781
f 782 742 698
f 698 741 782
f 783 743 699
f 699 742 783
f 784 744 700
f 700 743 784
f 785 745 701
f 701 744 785
f 786 746 702
f 702 745 786
f 787 747 703
f 703 746 787
f 788 748 704
f 704 747 788
f 789 749 705
f 705 748 789
f 790 750 706
f 706 749 790
f 791 751 707
f 707 750 791
f 792 752 708
f 708 751 792
f 753 709 752
f 752 793 753
f 794 755 712
f 712 754 794
f 755 795 756
f 756 713 755
f 795 796 757
f 757 756 795
f 757 797 758
f 758 715 757
f 758 798 759
f 759 716 758
f 759 799 760
f 760 717 759
f 760 800 761
f 761 718 760
f 761 801 762
f 762 719 761
f 762 802 763
f 763 720 762
f 763 803 764
f 764 721 763
f 764 804 765
f 765 722 764
f 765 805 766
f 766 723 765
f 766 806 767
f 767 724 766
f 767 807 808
f 808 768 767
f 768 726 682
f 682 725 768
f 726 768 808
f 808 727 726
f 808 809 769
f 769 727 808
f 769 810 770
f 770 728 769
f 729 770 811
f 811 771 729
f 771 812 772
f 772 730 771
f 772 813 773
f 773 731 772
f 773 814 774
f 774 732 773
f 814 775 734
f 734 774 814
f 815 776 735
f 735 775 815
f 816 777 736
f 736 776 816
f 777 817 778
f 778 737 777
f 778 818 779
f 779 738 778
f 779 819 780
f 780 739 779
f 820 781 740
f 740 780 820
f 821 782 741
f 741 781 821
f 822 783 742
f 742 782 822
f 823 784 743
f 743 783 823
f 824 785 744
f 744 784 824
f 825 786 745
f 745 785 825
f 826 787 746
f 746 786 826
f 827 788 747
f 747 787 827
f 828 789 748
f 748 788 828
f 829 790 749
f 749 789 829
f 830 791 750
f 750 790 830
f 831 792 751
f 751 791 831
f 793 752 792
f 792 832 793
f 833 795 755
f 755 794 833
f 834 833 835
f 796 795 833
f 834 796 833
f 796 836 797
f 797 757 796
f 797 837 798
f 798 758 797
f 798 838 799
f 799 759 798
f 799 839 800
f 800 760 799
f 800 840 801
f 801 761 800
f 801 841 802
f 802 762 801
f 802 842 803
f 803 763 802
f 803 843 804
f 804 764 803
f 804 844 805
f 805 765 804
f 805 845 806
f 806 766 805
f 806 846 807
f 807 767 806
f 807 847 809
f 809 808 807
f 809 848 810
f 810 769 809
f 770 810 849
f 849 811 770
f 771 811 850
f 850 812 771
f 812 851 813
f 813 772 812
f 813 852 814
f 814 773 813
f 852 815 775
f 775 814 852
f 853 816 776
f 776 815 853
f 816 854 817
f 817 777 816
f 817 855 818
f 818 778 817
f 818 856 819
f 819 779 818
f 857 820 780
f 780 819 857
f 858 821 781
f 781 820 858
f 859 822 782
f 782 821 859
f 860 823 783
f 783 822 860
f 861 824 784
f 784 823 861
f 862 825 785
f 785 824 862
f 863 826 786
f 786 825 863
f 864 827 787
f 787 826 864
f 865 828 788
f 788 827 865
f 866 829 789
f 789 828 866
f 867 830 790
f 790 829 867
f 868 831 791
f 791 830 868
f 832 869 870
f 792 831 869
f 832 792 869
f 871 836 796
f 796 834 871
f 836 872 837
f 837 797 836
f 837 873 838
f 838 798 837
f 838 874 839
f 839 799 838
f 839 875 840
f 840 800 839
f 840 876 841
f 841 801 840
f 841 877 842
f 842 802 841
f 842 878 843
f 843 803 842
f 843 879 844
f 844 804 843
f 844 880 845
f 845 805 844
f 845 881 846
f 846 806 845
f 846 882 847
f 847 807 846
f 847 883 848
f 848 809 847
f 810 848 884
f 884 849 810
f 812 850 885
f 885 851 812
f 851 886 852
f 852 813 851
f 886 853 815
f 815 852 886
f 887 854 816
f 816 853 887
f 854 888 855
f 855 817 854
f 855 889 856
f 856 818 855
f 890 857 819
f 819 856 890
f 891 858 820
f 820 857 891
f 892 859 821
f 821 858 892
f 893 860 822
f 822 859 893
f 894 861 823
f 823 860 894
f 895 862 824
f 824 861 895
f 896 863 825
f 825 862 896
f 897 864 826
f 826 863 897
f 898 865 827
f 827 864 898
f 899 866 828
f 828 865 899
f 900 867 829
f 829 866 900
f 901 868 830
f 830 867 901
f 869 831 868
f 868 902 869
f 903 872 836
f 836 871 903
f 872 904 873
f 873 837 872
f 873 905 874
f 874 838 873
f 874 906 875
f 875 839 874
f 875 907 876
f 876 840 875
f 876 908 877
f 877 841 876
f 877 909 878
f 878 842 877
f 878 910 879
f 879 843 878
f 879 911 880
f 880 844 879
f 880 912 881
f 881 845 880
f 881 913 882
f 882 846 881
f 882 914 883
f 883 847 882
f 883 915 884
f 884 848 883
f 811 849 916
f 916 850 811
f 851 885 917
f 917 886 851
f 917 887 853
f 853 886 917
f 918 888 854
f 854 887 918
f 888 919 889
f 889 855 888
f 920 890 856
f 856 889 920
f 921 891 857
f 857 890 921
f 922 892 858
f 858 891 922
f 923 893 859
f 859 892 923
f 924 894 860
f 860 893 924
f 925 895 861
f 861 894 925
f 926 896 862
f 862 895 926
f 927 897 863
f 863 896 927
f 928 898 864
f 864 897 928
f 929 899 865
f 865 898 929
f 930 900 866
f 866 899 930
f 931 901 867
f 867 900 931
f 902 868 901
f 901 932 902
f 933 904 872
f 872 903 933
f 904 934 905
f 905 873 904
f 905 935 906
f 906 874 905
f 906 936 907
f 907 875 906
f 907 937 908
f 908 876 907
f 908 938 909
f 909 877 908
f 909 939 910
f 910 878 909
f 910 940 911
f 911 879 910
f 911 941 912
f 912 880 911
f 912 942 913
f 913 881 912
f 913 943 914
f 914 882 913
f 914 944 915
f 915 883 914
f 915 945 946
f 946 884 915
f 849 884 946
f 946 916 849
f 850 916 947
f 947 885 850
f 917 948 918
f 918 887 917
f 918 949 919
f 919 888 918
f 950 920 889
f 889 919 950
f 951 921 890
f 890 920 951
f 952 922 891
f 891 921 952
f 953 923 892
f 892 922 953
f 954 924 893
f 893 923 954
f 955 925 894
f 894 924 955
f 956 926 895
f 895 925 956
f 957 927 896
f 896 926 957
f 958 928 897
f 897 927 958
f 959 929 898
f 898 928 959
f 960 930 899
f 899 929 960
f 961 931 900
f 900 930 961
f 932 901 931
f 931 962 932
f 963 934 904
f 904 933 963
f 934 964 935
f 935 905 934
f 935 965 936
f 936 906 935
f 936 966 937
f 937 907 936
f 937 967 938
f 938 908 937
f 938 968 939
f 939 909 938
f 939 969 940
f 940 910 939
f 940 970 941
f 941 911 940
f 941 971 942
f 942 912 941
f 942 972 943
f 943 913 942
f 943 973 944
f 944 914 943
f 944 974 945
f 945 915 944
f 945 975 976
f 976 946 945
f 885 947 948
f 948 917 885
f 948 977 949
f 949 918 948
f 978 950 919
f 919 949 978
f 979 951 920
f 920 950 979
f 980 952 921
f 921 951 980
f 981 953 922
f 922 952 981
f 982 954 923
f 923 953 982
f 983 955 924
f 924 954 983
f 984 956 925
f 925 955 984
f 985 957 926
f 926 956 985
f 986 958 927
f 927 957 986
f 987 959 928
f 928 958 987
f 988 960 929
f 929 959 988
f 989 961 930
f 930 960 989
f 962 931 961
f 961 990 962
f 991 964 934
f 934 963 991
f 964 992 965
f 965 935 964
f 965 993 966
f 966 936 965
f 966 994 967
f 967 937 966
f 967 995 968
f 968 938 967
f 968 996 969
f 969 939 968
f 969 997 970
f 970 940 969
f 970 998 971
f 971 941 970
f 971 999 972
f 972 942 971
f 972 1000 973
f 973 943 972
f 973 1001 974
f 974 944 973
f 974 1002 975
f 975 945 974
f 975 1003 977
f 977 976 975
f 976 947 916
f 916 946 976
f 947 976 977
f 977 948 947
f 1003 978 949
f 949 977 1003
f 1004 979 950
f 950 978 1004
f 1005 980 951
f 951 979 1005
f 1006 981 952
f 952 980 1006
f 1007 982 953
f 953 981 1007
f 1008 983 954
f 954 982 1008
f 1009 984 955
f 955 983 1009
f 1010 985 956
f 956 984 1010
f 1011 986 957
f 957 985 1011
f 1012 987 958
f 958 986 1012
f 1013 988 959
f 959 987 1013
f 1014 989 960
f 960 988 1014
f 990 961 989
f 989 1015 990
f 1016 992 964
f 964 991 1016
f 992 1017 993
f 993 965 992
f 993 1018 994
f 994 966 993
f 994 1019 995
f 995 967 994
f 995 1020 996
f 996 968 995
f 996 1021 997
f 997 969 996
f 997 1022 998
f 998 970 997
f 998 1023 999
f 999 971 998
f 999 1024 1000
f 1000 972 999
f 1000 1025 1001
f 1001 973 1000
f 1001 1026 1002
f 1002 974 1001
f 1002 1027 1003
f 1003 975 1002
f 1027 1004 978
f 978 1003 1027
f 1028 1005 979
f 979 1004 1028
f 1029 1006 980
f 980 1005 1029
f 1030 1007 981
f 981 1006 1030
f 1031 1008 982
f 982 1007 1031
f 1032 1009 983
f 983 1008 1032
f 1033 1010 984
f 984 1009 1033
f 1034 1011 985
f 985 1010 1034
f 1035 1012 986
f 986 1011 1035
f 1036 1013 987
f 987 1012 1036
f 1037 1014 988
f 988 1013 1037
f 1015 989 1014
f 1014 1038 1015
f 1039 1017 992
f 992 1016 1039
f 1017 1040 1018
f 1018 993 1017
f 1018 1041 1019
f 1019 994 1018
f 1019 1042 1020
f 1020 995 1019
f 1020 1043 1021
f 1021 996 1020
f 1021 1044 1022
f 1022 997 1021
f 1022 1045 1023
f 1023 998 1022
f 1023 1046 1024
f 1024 999 1023
f 1024 1047 1025
f 1025 1000 1024
f 1025 1048 1026
f 1026 1001 1025
f 1026 1049 1027
f 1027 1002 1026
f 1049 1028 1004
f 1004 1027 1049
f 1050 1029 1005
f 1005 1028 1050
f 1051 1030 1006
f 1006 1029 1051
f 1052 1031 1007
f 1007 1030 1052
f 1053 1032 1008
f 1008 1031 1053
f 1054 1033 1009
f 1009 1032 1054
f 1055 1034 1010
f 1010 1033 1055
f 1056 1035 1011
f 1011 1034 1056
f 1057 1036 1012
f 1012 1035 1057
f 1058 1037 1013
f 1013 1036 1058
f 1038 1014 1037
f 1037 1059 1038
f 1060 1040 1017
f 1017 1039 1060
f 1040 1061 1041
f 1041 1018 1040
f 1041 1062 1042
f 1042 1019 1041
f 1042 1063 1043
f 1043 1020 1042
f 1043 1064 1044
f 1044 1021 1043
f 1044 1065 1045
f 1045 1022 1044
f 1045 1066 1046
f 1046 1023 1045
f 1046 1067 1047
f 1047 1024 1046
f 1047 1068 1048
f 1048 1025 1047
f 1048 1069 1049
f 1049 1026 1048
f 1069 1050 1028
f 1028 1049 1069
f 1070 1051 1029
f 1029 1050 1070
f 1071 1052 1030
f 1030 1051 1071
f 1072 1053 1031
f 1031 1052 1072
f 1073 1054 1032
f 1032 1053 1073
f 1074 1055 1033
f 1033 1054 1074
f 1075 1056 1034
f 1034 1055 1075
f 1076 1057 1035
f 1035 1056 1076
f 1077 1058 1036
f 1036 1057 1077
f 1059 1037 1058
f 1058 1078 1059
f 1079 1060 1080
f 1061 1040 1060
f 1079 1061 1060
f 1061 1081 1062
f 1062 1041 1061
f 1062 1082 1063
f 1063 1042 1062
f 1063 1083 1064
f 1064 1043 1063
f 1064 1084 1065
f 1065 1044 1064
f 1065 1085 1066
f 1066 1045 1065
f 1066 1086 1067
f 1067 1046 1066
f 1067 1087 1068
f 1068 1047 1067
f 1068 1088 1069
f 1069 1048 1068
f 1088 1070 1050
f 1050 1069 1088
f 1089 1071 1051
f 1051 1070 1089
f 1090 1072 1052
f 1052 1071 1090
f 1091 1073 1053
f 1053 1072 1091
f 1092 1074 1054
f 1054 1073 1092
f 1093 1075 1055
f 1055 1074 1093
f 1094 1076 1056
f 1056 1075 1094
f 1095 1077 1057
f 1057 1076 1095
f 1077 1096 1097
f 1078 1058 1097
f 1058 1077 1097
f 1098 1079 1099
f 1081 1061 1079
f 1098 1081 1079
f 1081 1100 1082
f 1082 1062 1081
f 1082 1101 1083
f 1083 1063 1082
f 1083 1102 1084
f 1084 1064 1083
f 1084 1103 1085
f 1085 1065 1084
f 1085 1104 1086
f 1086 1066 1085
f 1086 1105 1087
f 1087 1067 1086
f 1087 1106 1088
f 1088 1068 1087
f 1106 1089 1070
f 1070 1088 1106
f 1107 1090 1071
f 1071 1089 1107
f 1108 1091 1072
f 1072 1090 1108
f 1109 1092 1073
f 1073 1091 1109
f 1110 1093 1074
f 1074 1092 1110
f 1111 1094 1075
f 1075 1093 1111
f 1112 1095 1076
f 1076 1094 1112
f 1096 1113 1114
f 1077 1095 1113
f 1096 1077 1113
f 1115 1100 1081
f 1081 1098 1115
f 1100 1116 1101
f 1101 1082 1100
f 1101 1117 1102
f 1102 1083 1101
f 1102 1118 1103
f 1103 1084 1102
f 1103 1119 1104
f 1104 1085 1103
f 1104 1120 1105
f 1105 1086 1104
f 1105 1121 1106
f 1106 1087 1105
f 1121 1107 1089
f 1089 1106 1121
f 1122 1108 1090
f 1090 1107 1122
f 1123 1109 1091
f 1091 1108 1123
f 1124 1110 1092
f 1092 1109 1124
f 1125 1111 1093
f 1093 1110 1125
f 1126 1112 1094
f 1094 1111 1126
f 1112 1127 1128
f 1113 1095 1128
f 1095 1112 1128
f 1129 1116 1100
f 1100 1115 1129
f 1116 1130 1117
f 1117 1101 1116
f 1117 1131 1118
f 1118 1102 1117
f 1118 1132 1119
f 1119 1103 1118
f 1119 1133 1120
f 1120 1104 1119
f 1120 1134 1121
f 1121 1105 1120
f 1134 1122 1107
f 1107 1121 1134
f 1135 1123 1108
f 1108 1122 1135
f 1136 1124 1109
f 1109 1123 1136
f 1137 1125 1110
f 1110 1124 1137
f 1138 1126 1111
f 1111 1125 1138
f 1127 1112 1126
f 1126 1139 1127
f 1140 1130 1116
f 1116 1129 1140
f 1130 1141 1131
f 1131 1117 1130
f 1131 1142 1132
f 1132 1118 1131
f 1132 1143 1133
f 1133 1119 1132
f 1133 1144 1134
f 1134 1120 1133
f 1144 1135 1122
f 1122 1134 1144
f 1145 1136 1123
f 1123 1135 1145
f 1146 1137 1124
f 1124 1136 1146
f 1147 1138 1125
f 1125 1137 1147
f 1139 1126 1138
f 1138 1148 1139
f 1149 1141 1130
f 1130 1140 1149
f 1141 1150 1142
f 1142 1131 1141
f 1142 1151 1143
f 1143 1132 1142
f 1143 1152 1144
f 1144 1133 1143
f 1152 1145 1135
f 1135 1144 1152
f 1153 1146 1136
f 1136 1145 1153
f 1154 1147 1137
f 1137 1146 1154
f 1148 1138 1147
f 1147 1155 1148
f 1156 1150 1141
f 1141 1149 1156
f 1150 1157 1151
f 1151 1142 1150
f 1151 1158 1152
f 1152 1143 1151
f 1158 1153 1145
f 1145 1152 1158
f 1159 1154 1146
f 1146 1153 1159
f 1155 1147 1154
f 1154 1160 1155
f 1161 1157 1150
f 1150 1156 1161
f 1157 1162 1158
f 1158 1151 1157
f 1162 1159 1153
f 1153 1158 1162
f 1159 1163 1164
f 1160 1154 1164
f 1154 1159 1164
f 1165 1162 1157
f 1157 1161 1165
f 1163 1159 1162
f 1162 1165 1163
f 1166 1167 1168
f 1169 1170 1171
f 1166 1168 1172
f 1170 1173 1171
f 1166 1172 1174
f 1170 1166 1173
f 1166 1174 1173
f 1173 1175 1176
f 1176 1171 1173
f 1177 1178 1179
f 1179 1176 1177
f 1174 1180 1175
f 1175 1173 1174
f 1176 1175 1181
f 1181 1177 1176
f 1178 1177 1182
f 1182 1183 1178
f 1178 1184 1185
f 1185 1179 1178
f 1172 1186 1180
f 1180 1174 1172
f 1175 1180 1187
f 1187 1181 1175
f 1188 1185 1189
f 1189 1190 1188
f 1183 1191 1184
f 1184 1178 1183
f 1184 1192 1189
f 1189 1185 1184
f 1193 1194 1166
f 1166 1170 1193
f 1168 1195 1186
f 1186 1172 1168
f 1180 1186 1196
f 1196 1187 1180
f 1177 1181 1197
f 1197 1182 1177
f 1190 1189 1198
f 1198 1199 1190
f 1183 1182 1200
f 1200 1201 1183
f 1191 1183 1201
f 1201 1202 1191
f 1191 1203 1192
f 1192 1184 1191
f 1204 1193 1170
f 1170 1205 1204
f 1206 1207 1194
f 1194 1193 1206
f 1194 1208 1209
f 1209 1166 1194
f 1195 1210 1211
f 1195 1168 1167
f 1195 1167 1210
f 1186 1195 1212
f 1212 1196 1186
f 1181 1187 1213
f 1213 1197 1181
f 1192 1214 1198
f 1198 1189 1192
f 1199 1198 1215
f 1215 1216 1199
f 1202 1217 1203
f 1203 1191 1202
f 1203 1218 1214
f 1214 1192 1203
f 1219 1204 1205
f 1205 1220 1219
f 1221 1206 1193
f 1193 1204 1221
f 1222 1223 1207
f 1207 1206 1222
f 1207 1224 1208
f 1208 1194 1207
f 1208 1225 1226
f 1226 1209 1208
f 1227 1209 1228
f 1167 1166 1209
f 1227 1210 1209
f 1210 1167 1209
f 1229 1212 1195
f 1195 1211 1229
f 1187 1196 1230
f 1230 1213 1187
f 1182 1197 1231
f 1231 1200 1182
f 1214 1232 1215
f 1215 1198 1214
f 1216 1215 1233
f 1233 1234 1216
f 1201 1200 1235
f 1235 1236 1201
f 1202 1201 1236
f 1236 1237 1202
f 1217 1202 1237
f 1237 1238 1217
f 1217 1239 1218
f 1218 1203 1217
f 1240 1219 1220
f 1220 1241 1240
f 1242 1221 1204
f 1204 1219 1242
f 1243 1220 1205
f 1244 1245 1220
f 1243 1246 1220
f 1246 1244 1220
f 1247 1222 1206
f 1206 1221 1247
f 1248 1249 1223
f 1223 1222 1248
f 1223 1250 1224
f 1224 1207 1223
f 1224 1251 1225
f 1225 1208 1224
f 1225 1252 1253
f 1253 1226 1225
f 1209 1226 1254
f 1254 1228 1209
f 1255 1229 1211
f 1211 1256 1255
f 1212 1229 1257
f 1257 1258 1212
f 1196 1212 1258
f 1258 1230 1196
f 1197 1213 1259
f 1259 1231 1197
f 1218 1260 1232
f 1232 1214 1218
f 1232 1261 1233
f 1233 1215 1232
f 1233 1243 1234
f 1262 1246 1243
f 1233 1262 1243
f 1238 1263 1239
f 1239 1217 1238
f 1239 1264 1260
f 1260 1218 1239
f 1265 1240 1241
f 1241 1266 1265
f 1267 1242 1219
f 1219 1240 1267
f 1241 1220 1245
f 1245 1268 1241
f 1269 1247 1221
f 1221 1242 1269
f 1270 1248 1222
f 1222 1247 1270
f 1271 1272 1249
f 1249 1248 1271
f 1249 1273 1250
f 1250 1223 1249
f 1250 1274 1251
f 1251 1224 1250
f 1251 1275 1252
f 1252 1225 1251
f 1252 1276 1277
f 1277 1253 1252
f 1226 1253 1278
f 1278 1254 1226
f 1228 1254 1279
f 1279 1280 1228
f 1211 1281 1256
f 1211 1210 1227
f 1211 1282 1281
f 1211 1227 1282
f 1256 1283 1284
f 1284 1255 1256
f 1229 1255 1285
f 1285 1257 1229
f 1213 1230 1286
f 1286 1259 1213
f 1200 1231 1287
f 1287 1235 1200
f 1260 1288 1261
f 1261 1232 1260
f 1261 1289 1262
f 1262 1233 1261
f 1236 1235 1290
f 1290 1291 1236
f 1237 1236 1291
f 1291 1292 1237
f 1238 1237 1292
f 1292 1293 1238
f 1263 1238 1293
f 1293 1294 1263
f 1263 1295 1264
f 1264 1239 1263
f 1296 1265 1266
f 1266 1297 1296
f 1298 1267 1240
f 1240 1265 1298
f 1266 1241 1268
f 1268 1299 1266
f 1300 1269 1242
f 1242 1267 1300
f 1268 1245 1301
f 1301 1302 1268
f 1303 1270 1247
f 1247 1269 1303
f 1304 1271 1248
f 1248 1270 1304
f 1305 1306 1272
f 1272 1271 1305
f 1272 1307 1273
f 1273 1249 1272
f 1273 1308 1274
f 1274 1250 1273
f 1274 1309 1275
f 1275 1251 1274
f 1275 1310 1276
f 1276 1252 1275
f 1276 1311 1312
f 1312 1277 1276
f 1253 1277 1313
f 1313 1278 1253
f 1254 1278 1314
f 1314 1279 1254
f 1228 1282 1227
f 1280 1315 1282
f 1228 1280 1282
f 1280 1279 1316
f 1316 1317 1280
f 1318 1283 1256
f 1256 1281 1318
f 1258 1257 1319
f 1319 1320 1258
f 1230 1258 1320
f 1320 1286 1230
f 1231 1259 1321
f 1321 1287 1231
f 1264 1322 1288
f 1288 1260 1264
f 1288 1323 1289
f 1289 1261 1288
f 1289 1324 1325
f 1325 1262 1289
f 1294 1326 1295
f 1295 1263 1294
f 1295 1327 1322
f 1322 1264 1295
f 1328 1296 1297
f 1297 1329 1328
f 1330 1298 1265
f 1265 1296 1330
f 1297 1266 1299
f 1299 1331 1297
f 1332 1300 1267
f 1267 1298 1332
f 1299 1268 1302
f 1302 1333 1299
f 1334 1303 1269
f 1269 1300 1334
f 1245 1335 1301
f 1244 1336 1335
f 1245 1244 1335
f 1302 1301 1337
f 1337 1338 1302
f 1339 1304 1270
f 1270 1303 1339
f 1262 1244 1246
f 1325 1340 1336
f 1262 1336 1244
f 1262 1325 1336
f 1341 1305 1271
f 1271 1304 1341
f 1342 1343 1306
f 1306 1305 1342
f 1306 1344 1307
f 1307 1272 1306
f 1307 1345 1308
f 1308 1273 1307
f 1308 1346 1309
f 1309 1274 1308
f 1309 1347 1310
f 1310 1275 1309
f 1310 1348 1311
f 1311 1276 1310
f 1311 1349 1350
f 1350 1312 1311
f 1277 1312 1351
f 1351 1313 1277
f 1278 1313 1352
f 1352 1314 1278
f 1279 1314 1353
f 1353 1316 1279
f 1315 1280 1317
f 1317 1354 1315
f 1317 1316 1355
f 1355 1356 1317
f 1357 1358 1283
f 1283 1318 1357
f 1283 1358 1359
f 1359 1284 1283
f 1255 1284 1360
f 1360 1285 1255
f 1257 1285 1361
f 1361 1319 1257
f 1259 1286 1362
f 1362 1321 1259
f 1235 1287 1363
f 1363 1290 1235
f 1322 1364 1323
f 1323 1288 1322
f 1323 1365 1324
f 1324 1289 1323
f 1324 1366 1367
f 1367 1325 1324
f 1291 1290 1368
f 1368 1369 1291
f 1292 1291 1369
f 1369 1370 1292
f 1293 1292 1370
f 1370 1371 1293
f 1294 1293 1371
f 1371 1372 1294
f 1326 1294 1372
f 1372 1373 1326
f 1326 1374 1327
f 1327 1295 1326
f 1375 1328 1329
f 1329 1376 1375
f 1377 1330 1296
f 1296 1328 1377
f 1329 1297 1331
f 1331 1378 1329
f 1379 1332 1298
f 1298 1330 1379
f 1331 1299 1333
f 1333 1380 1331
f 1381 1334 1300
f 1300 1332 1381
f 1333 1302 1338
f 1338 1382 1333
f 1383 1339 1303
f 1303 1334 1383
f 1301 1335 1384
f 1384 1337 1301
f 1338 1337 1385
f 1385 1386 1338
f 1387 1341 1304
f 1304 1339 1387
f 1388 1342 1305
f 1305 1341 1388
f 1389 1390 1343
f 1343 1342 1389
f 1343 1391 1344
f 1344 1306 1343
f 1344 1392 1345
f 1345 1307 1344
f 1345 1393 1346
f 1346 1308 1345
f 1346 1394 1347
f 1347 1309 1346
f 1347 1395 1348
f 1348 1310 1347
f 1348 1396 1349
f 1349 1311 1348
f 1349 1397 1398
f 1398 1350 1349
f 1312 1350 1399
f 1399 1351 1312
f 1313 1351 1400
f 1400 1352 1313
f 1314 1352 1401
f 1401 1353 1314
f 1316 1353 1402
f 1402 1355 1316
f 1403 1315 1354
f 1354 1404 1403
f 1354 1317 1356
f 1356 1405 1354
f 1355 1406 1407
f 1407 1356 1355
f 1408 1409 1358
f 1358 1357 1408
f 1320 1319 1410
f 1410 1411 1320
f 1286 1320 1411
f 1411 1362 1286
f 1287 1321 1412
f 1412 1363 1287
f 1327 1413 1364
f 1364 1322 1327
f 1364 1414 1365
f 1365 1323 1364
f 1365 1415 1366
f 1366 1324 1365
f 1373 1416 1374
f 1374 1326 1373
f 1374 1417 1413
f 1413 1327 1374
f 1418 1375 1376
f 1376 1419 1418
f 1420 1377 1328
f 1328 1375 1420
f 1376 1329 1378
f 1378 1421 1376
f 1422 1379 1330
f 1330 1377 1422
f 1378 1331 1380
f 1380 1423 1378
f 1424 1381 1332
f 1332 1379 1424
f 1380 1333 1382
f 1382 1425 1380
f 1426 1383 1334
f 1334 1381 1426
f 1382 1338 1386
f 1386 1427 1382
f 1428 1387 1339
f 1339 1383 1428
f 1335 1403 1404
f 1404 1384 1335
f 1337 1384 1429
f 1429 1385 1337
f 1386 1385 1430
f 1430 1431 1386
f 1432 1388 1341
f 1341 1387 1432
f 1433 1389 1342
f 1342 1388 1433
f 1390 1434 1391
f 1391 1343 1390
f 1391 1435 1392
f 1392 1344 1391
f 1392 1436 1393
f 1393 1345 1392
f 1393 1437 1394
f 1394 1346 1393
f 1394 1438 1395
f 1395 1347 1394
f 1395 1439 1396
f 1396 1348 1395
f 1396 1440 1397
f 1397 1349 1396
f 1397 1441 1442
f 1442 1398 1397
f 1350 1398 1443
f 1443 1399 1350
f 1351 1399 1444
f 1444 1400 1351
f 1352 1400 1445
f 1445 1401 1352
f 1353 1401 1446
f 1446 1402 1353
f 1402 1447 1406
f 1406 1355 1402
f 1448 1403 1449
f 1281 1282 1315
f 1448 1315 1403
f 1318 1281 1315
f 1448 1408 1315
f 1357 1318 1315
f 1408 1357 1315
f 1404 1354 1405
f 1405 1450 1404
f 1405 1356 1407
f 1407 1451 1405
f 1448 1452 1409
f 1409 1408 1448
f 1358 1409 1453
f 1453 1359 1358
f 1284 1359 1454
f 1454 1360 1284
f 1285 1360 1455
f 1455 1361 1285
f 1319 1361 1456
f 1456 1410 1319
f 1321 1362 1457
f 1457 1412 1321
f 1290 1363 1458
f 1458 1368 1290
f 1413 1459 1414
f 1414 1364 1413
f 1414 1460 1415
f 1415 1365 1414
f 1340 1325 1367
f 1367 1461 1340
f 1366 1462 1463
f 1463 1367 1366
f 1415 1464 1462
f 1462 1366 1415
f 1369 1368 1465
f 1465 1466 1369
f 1370 1369 1466
f 1466 1467 1370
f 1371 1370 1467
f 1467 1468 1371
f 1372 1371 1468
f 1468 1469 1372
f 1373 1372 1469
f 1469 1470 1373
f 1416 1373 1470
f 1470 1471 1416
f 1416 1472 1417
f 1417 1374 1416
f 1473 1418 1419
f 1419 1474 1473
f 1475 1420 1375
f 1375 1418 1475
f 1419 1376 1421
f 1421 1476 1419
f 1477 1422 1377
f 1377 1420 1477
f 1421 1378 1423
f 1423 1478 1421
f 1479 1424 1379
f 1379 1422 1479
f 1423 1380 1425
f 1425 1480 1423
f 1481 1426 1381
f 1381 1424 1481
f 1425 1382 1427
f 1427 1482 1425
f 1483 1428 1383
f 1383 1426 1483
f 1427 1386 1431
f 1431 1484 1427
f 1485 1432 1387
f 1387 1428 1485
f 1384 1404 1450
f 1450 1429 1384
f 1385 1429 1486
f 1486 1430 1385
f 1431 1430 1487
f 1487 1488 1431
f 1489 1433 1388
f 1388 1432 1489
f 1490 1491 1434
f 1434 1390 1490
f 1434 1492 1435
f 1435 1391 1434
f 1435 1493 1436
f 1436 1392 1435
f 1436 1494 1437
f 1437 1393 1436
f 1437 1495 1438
f 1438 1394 1437
f 1438 1496 1439
f 1439 1395 1438
f 1439 1497 1440
f 1440 1396 1439
f 1440 1498 1441
f 1441 1397 1440
f 1441 1499 1500
f 1500 1442 1441
f 1398 1442 1501
f 1501 1443 1398
f 1399 1443 1502
f 1502 1444 1399
f 1400 1444 1503
f 1503 1445 1400
f 1401 1445 1504
f 1504 1446 1401
f 1446 1505 1447
f 1447 1402 1446
f 1450 1405 1451
f 1451 1506 1450
f 1407 1507 1508
f 1508 1451 1407
f 1447 1509 1510
f 1510 1406 1447
f 1406 1510 1507
f 1507 1407 1406
f 1511 1453 1409
f 1409 1452 1511
f 1411 1410 1512
f 1512 1513 1411
f 1362 1411 1513
f 1513 1457 1362
f 1363 1412 1514
f 1514 1458 1363
f 1417 1515 1459
f 1459 1413 1417
f 1459 1516 1460
f 1460 1414 1459
f 1460 1517 1464
f 1464 1415 1460
f 1461 1367 1463
f 1463 1518 1461
f 1471 1519 1472
f 1472 1416 1471
f 1472 1520 1515
f 1515 1417 1472
f 1521 1473 1474
f 1474 1522 1521
f 1523 1475 1418
f 1418 1473 1523
f 1474 1419 1476
f 1476 1524 1474
f 1525 1477 1420
f 1420 1475 1525
f 1476 1421 1478
f 1478 1526 1476
f 1527 1479 1422
f 1422 1477 1527
f 1478 1423 1480
f 1480 1528 1478
f 1529 1481 1424
f 1424 1479 1529
f 1480 1425 1482
f 1482 1530 1480
f 1531 1483 1426
f 1426 1481 1531
f 1482 1427 1484
f 1484 1532 1482
f 1533 1485 1428
f 1428 1483 1533
f 1484 1431 1488
f 1488 1534 1484
f 1535 1489 1432
f 1432 1485 1535
f 1429 1450 1506
f 1506 1486 1429
f 1430 1486 1536
f 1536 1487 1430
f 1488 1487 1537
f 1537 1538 1488
f 1539 1540 1433
f 1433 1489 1539
f 1541 1542 1491
f 1491 1490 1541
f 1491 1543 1492
f 1492 1434 1491
f 1492 1544 1493
f 1493 1435 1492
f 1493 1545 1494
f 1494 1436 1493
f 1494 1546 1495
f 1495 1437 1494
f 1495 1547 1496
f 1496 1438 1495
f 1496 1548 1497
f 1497 1439 1496
f 1497 1549 1498
f 1498 1440 1497
f 1498 1550 1499
f 1499 1441 1498
f 1499 1551 1552
f 1552 1500 1499
f 1442 1500 1553
f 1553 1501 1442
f 1443 1501 1554
f 1554 1502 1443
f 1444 1502 1555
f 1555 1503 1444
f 1445 1503 1556
f 1556 1504 1445
f 1505 1446 1504
f 1504 1557 1505
f 1505 1558 1509
f 1509 1447 1505
f 1506 1451 1508
f 1508 1559 1506
f 1560 1511 1452
f 1452 1561 1560
f 1453 1511 1562
f 1562 1563 1453
f 1359 1453 1563
f 1563 1454 1359
f 1360 1454 1564
f 1564 1455 1360
f 1361 1455 1565
f 1565 1456 1361
f 1410 1456 1566
f 1566 1512 1410
f 1412 1457 1567
f 1567 1514 1412
f 1368 1458 1568
f 1568 1465 1368
f 1515 1569 1516
f 1516 1459 1515
f 1516 1570 1517
f 1517 1460 1516
f 1518 1463 1571
f 1571 1572 1518
f 1462 1573 1571
f 1571 1463 1462
f 1464 1574 1573
f 1573 1462 1464
f 1517 1575 1574
f 1574 1464 1517
f 1466 1465 1576
f 1576 1577 1466
f 1467 1466 1577
f 1577 1578 1467
f 1468 1467 1578
f 1578 1579 1468
f 1469 1468 1579
f 1579 1580 1469
f 1470 1469 1580
f 1580 1581 1470
f 1471 1470 1581
f 1581 1582 1471
f 1519 1471 1582
f 1582 1583 1519
f 1519 1584 1520
f 1520 1472 1519
f 1585 1521 1522
f 1522 1586 1585
f 1587 1523 1473
f 1473 1521 1587
f 1522 1474 1524
f 1524 1588 1522
f 1589 1525 1475
f 1475 1523 1589
f 1524 1476 1526
f 1526 1590 1524
f 1591 1527 1477
f 1477 1525 1591
f 1526 1478 1528
f 1528 1592 1526
f 1593 1529 1479
f 1479 1527 1593
f 1528 1480 1530
f 1530 1594 1528
f 1595 1531 1481
f 1481 1529 1595
f 1530 1482 1532
f 1532 1596 1530
f 1597 1533 1483
f 1483 1531 1597
f 1532 1484 1534
f 1534 1598 1532
f 1599 1535 1485
f 1485 1533 1599
f 1534 1488 1538
f 1538 1600 1534
f 1601 1539 1489
f 1489 1535 1601
f 1572 1571 1602
f 1602 1603 1572
f 1486 1506 1559
f 1559 1536 1486
f 1487 1536 1604
f 1604 1537 1487
f 1538 1537 1605
f 1605 1606 1538
f 1607 1608 1540
f 1540 1539 1607
f 1609 1610 1542
f 1542 1541 1609
f 1542 1611 1543
f 1543 1491 1542
f 1543 1612 1544
f 1544 1492 1543
f 1544 1613 1545
f 1545 1493 1544
f 1545 1614 1546
f 1546 1494 1545
f 1546 1615 1547
f 1547 1495 1546
f 1547 1616 1548
f 1548 1496 1547
f 1548 1617 1549
f 1549 1497 1548
f 1549 1618 1550
f 1550 1498 1549
f 1550 1619 1551
f 1551 1499 1550
f 1551 1620 1621
f 1621 1552 1551
f 1500 1552 1622
f 1622 1553 1500
f 1501 1553 1623
f 1623 1554 1501
f 1502 1554 1624
f 1624 1555 1502
f 1503 1555 1625
f 1625 1556 1503
f 1504 1556 1626
f 1626 1557 1504
f 1557 1627 1558
f 1558 1505 1557
f 1508 1628 1629
f 1629 1559 1508
f 1507 1630 1628
f 1628 1508 1507
f 1510 1631 1630
f 1630 1507 1510
f 1509 1632 1631
f 1631 1510 1509
f 1558 1633 1632
f 1632 1509 1558
f 1634 1560 1561
f 1561 1602 1634
f 1635 1562 1511
f 1511 1560 1635
f 1513 1512 1636
f 1636 1637 1513
f 1457 1513 1637
f 1637 1567 1457
f 1458 1514 1638
f 1638 1568 1458
f 1520 1639 1569
f 1569 1515 1520
f 1569 1640 1570
f 1570 1516 1569
f 1570 1641 1575
f 1575 1517 1570
f 1583 1642 1584
f 1584 1519 1583
f 1584 1643 1639
f 1639 1520 1584
f 1644 1585 1586
f 1586 1645 1644
f 1646 1587 1521
f 1521 1585 1646
f 1586 1522 1588
f 1588 1647 1586
f 1648 1589 1523
f 1523 1587 1648
f 1588 1524 1590
f 1590 1649 1588
f 1650 1591 1525
f 1525 1589 1650
f 1590 1526 1592
f 1592 1651 1590
f 1652 1593 1527
f 1527 1591 1652
f 1592 1528 1594
f 1594 1653 1592
f 1654 1595 1529
f 1529 1593 1654
f 1594 1530 1596
f 1596 1655 1594
f 1656 1597 1531
f 1531 1595 1656
f 1596 1532 1598
f 1598 1657 1596
f 1658 1599 1533
f 1533 1597 1658
f 1598 1534 1600
f 1600 1659 1598
f 1660 1601 1535
f 1535 1599 1660
f 1600 1538 1606
f 1606 1661 1600
f 1662 1607 1539
f 1539 1601 1662
f 1573 1634 1602
f 1602 1571 1573
f 1536 1559 1629
f 1629 1604 1536
f 1537 1604 1663
f 1663 1605 1537
f 1606 1605 1664
f 1664 1665 1606
f 1666 1667 1608
f 1608 1607 1666
f 1668 1669 1670
f 1670 1671 1668
f 1668 1671 1672
f 1672 1673 1668
f 1674 1541 1675
f 1676 1609 1541
f 1677 1678 1676
f 1679 1680 1677
f 1674 1679 1541
f 1677 1676 1541
f 1679 1677 1541
f 1681 1682 1610
f 1610 1609 1681
f 1610 1683 1611
f 1611 1542 1610
f 1611 1684 1612
f 1612 1543 1611
f 1612 1685 1613
f 1613 1544 1612
f 1613 1686 1614
f 1614 1545 1613
f 1614 1687 1615
f 1615 1546 1614
f 1615 1688 1616
f 1616 1547 1615
f 1616 1689 1617
f 1617 1548 1616
f 1617 1690 1618
f 1618 1549 1617
f 1618 1691 1619
f 1619 1550 1618
f 1619 1692 1620
f 1620 1551 1619
f 1620 1693 1694
f 1694 1621 1620
f 1552 1621 1695
f 1695 1622 1552
f 1553 1622 1696
f 1696 1623 1553
f 1554 1623 1697
f 1697 1624 1554
f 1555 1624 1698
f 1698 1625 1555
f 1556 1625 1699
f 1699 1626 1556
f 1627 1557 1626
f 1626 1700 1627
f 1627 1701 1633
f 1633 1558 1627
f 1702 1635 1560
f 1560 1634 1702
f 1562 1635 1703
f 1703 1704 1562
f 1563 1562 1704
f 1704 1705 1563
f 1454 1563 1705
f 1705 1564 1454
f 1455 1564 1706
f 1706 1565 1455
f 1456 1565 1707
f 1707 1566 1456
f 1512 1566 1708
f 1708 1636 1512
f 1514 1567 1709
f 1709 1638 1514
f 1465 1568 1710
f 1710 1576 1465
f 1639 1711 1640
f 1640 1569 1639
f 1640 1712 1641
f 1641 1570 1640
f 1574 1702 1634
f 1634 1573 1574
f 1575 1713 1702
f 1702 1574 1575
f 1641 1714 1713
f 1713 1575 1641
f 1577 1576 1715
f 1715 1716 1577
f 1578 1577 1716
f 1716 1717 1578
f 1579 1578 1717
f 1717 1718 1579
f 1580 1579 1718
f 1718 1719 1580
f 1581 1580 1719
f 1719 1720 1581
f 1582 1581 1720
f 1720 1721 1582
f 1583 1582 1721
f 1721 1722 1583
f 1642 1583 1722
f 1722 1723 1642
f 1642 1724 1643
f 1643 1584 1642
f 1725 1644 1645
f 1645 1726 1725
f 1727 1646 1585
f 1585 1644 1727
f 1645 1586 1647
f 1647 1728 1645
f 1729 1648 1587
f 1587 1646 1729
f 1647 1588 1649
f 1649 1730 1647
f 1731 1650 1589
f 1589 1648 1731
f 1649 1590 1651
f 1651 1732 1649
f 1733 1652 1591
f 1591 1650 1733
f 1651 1592 1653
f 1653 1734 1651
f 1735 1654 1593
f 1593 1652 1735
f 1653 1594 1655
f 1655 1736 1653
f 1737 1656 1595
f 1595 1654 1737
f 1655 1596 1657
f 1657 1738 1655
f 1739 1658 1597
f 1597 1656 1739
f 1657 1598 1659
f 1659 1740 1657
f 1741 1660 1599
f 1599 1658 1741
f 1659 1600 1661
f 1661 1742 1659
f 1743 1662 1601
f 1601 1660 1743
f 1661 1606 1665
f 1665 1744 1661
f 1745 1666 1607
f 1607 1662 1745
f 1604 1629 1746
f 1746 1663 1604
f 1605 1663 1747
f 1747 1664 1605
f 1665 1664 1748
f 1748 1749 1665
f 1750 1751 1667
f 1667 1666 1750
f 1608 1752 1753
f 1667 1754 1755
f 1608 1756 1752
f 1667 1755 1757
f 1608 1758 1756
f 1667 1757 1758
f 1608 1667 1758
f 1759 1760 1761
f 1762 1763 1760
f 1759 1762 1760
f 1670 1764 1765
f 1765 1766 1670
f 1671 1767 1768
f 1768 1672 1671
f 1768 1767 1769
f 1770 1769 1767
f 1767 1771 1770
f 1772 1773 1774
f 1775 1776 1774
f 1776 1777 1778
f 1778 1779 1780
f 1780 1781 1681
f 1681 1609 1676
f 1778 1780 1681
f 1681 1676 1772
f 1776 1778 1681
f 1681 1772 1774
f 1776 1681 1774
f 1782 1783 1682
f 1682 1681 1782
f 1682 1784 1683
f 1683 1610 1682
f 1683 1785 1684
f 1684 1611 1683
f 1684 1786 1685
f 1685 1612 1684
f 1685 1787 1686
f 1686 1613 1685
f 1686 1788 1687
f 1687 1614 1686
f 1687 1789 1688
f 1688 1615 1687
f 1688 1790 1689
f 1689 1616 1688
f 1689 1791 1690
f 1690 1617 1689
f 1690 1792 1691
f 1691 1618 1690
f 1691 1793 1692
f 1692 1619 1691
f 1692 1794 1693
f 1693 1620 1692
f 1693 1795 1796
f 1796 1694 1693
f 1621 1694 1797
f 1797 1695 1621
f 1622 1695 1798
f 1798 1696 1622
f 1623 1696 1799
f 1799 1697 1623
f 1624 1697 1800
f 1800 1698 1624
f 1625 1698 1801
f 1801 1699 1625
f 1626 1699 1802
f 1802 1700 1626
f 1700 1803 1701
f 1701 1627 1700
f 1628 1804 1746
f 1746 1629 1628
f 1630 1805 1804
f 1804 1628 1630
f 1631 1806 1805
f 1805 1630 1631
f 1632 1807 1806
f 1806 1631 1632
f 1633 1808 1807
f 1807 1632 1633
f 1701 1809 1808
f 1808 1633 1701
f 1635 1702 1713
f 1713 1703 1635
f 1637 1636 1810
f 1810 1811 1637
f 1567 1637 1811
f 1811 1709 1567
f 1568 1638 1812
f 1812 1710 1568
f 1643 1813 1711
f 1711 1639 1643
f 1711 1814 1712
f 1712 1640 1711
f 1712 1815 1714
f 1714 1641 1712
f 1723 1816 1724
f 1724 1642 1723
f 1724 1817 1813
f 1813 1643 1724
f 1818 1725 1726
f 1726 1819 1818
f 1820 1727 1644
f 1644 1725 1820
f 1726 1645 1728
f 1728 1821 1726
f 1822 1729 1646
f 1646 1727 1822
f 1728 1647 1730
f 1730 1823 1728
f 1824 1731 1648
f 1648 1729 1824
f 1730 1649 1732
f 1732 1825 1730
f 1826 1733 1650
f 1650 1731 1826
f 1732 1651 1734
f 1734 1827 1732
f 1828 1735 1652
f 1652 1733 1828
f 1734 1653 1736
f 1736 1829 1734
f 1830 1737 1654
f 1654 1735 1830
f 1736 1655 1738
f 1738 1831 1736
f 1832 1739 1656
f 1656 1737 1832
f 1738 1657 1740
f 1740 1833 1738
f 1834 1741 1658
f 1658 1739 1834
f 1740 1659 1742
f 1742 1835 1740
f 1836 1743 1660
f 1660 1741 1836
f 1742 1661 1744
f 1744 1837 1742
f 1838 1745 1662
f 1662 1743 1838
f 1744 1665 1749
f 1749 1839 1744
f 1840 1750 1666
f 1666 1745 1840
f 1663 1746 1841
f 1841 1747 1663
f 1664 1747 1842
f 1842 1748 1664
f 1749 1748 1843
f 1843 1844 1749
f 1845 1846 1751
f 1751 1750 1845
f 1847 1760 1763
f 1763 1848 1847
f 1671 1670 1766
f 1766 1849 1671
f 1767 1671 1849
f 1849 1850 1767
f 1770 1771 1851
f 1674 1852 1853
f 1853 1679 1674
f 1854 1782 1681
f 1681 1781 1854
f 1855 1856 1783
f 1783 1782 1855
f 1783 1857 1784
f 1784 1682 1783
f 1784 1858 1785
f 1785 1683 1784
f 1785 1859 1786
f 1786 1684 1785
f 1786 1860 1787
f 1787 1685 1786
f 1787 1861 1788
f 1788 1686 1787
f 1788 1862 1789
f 1789 1687 1788
f 1789 1863 1790
f 1790 1688 1789
f 1790 1864 1791
f 1791 1689 1790
f 1791 1865 1792
f 1792 1690 1791
f 1792 1866 1793
f 1793 1691 1792
f 1793 1867 1794
f 1794 1692 1793
f 1794 1868 1795
f 1795 1693 1794
f 1795 1869 1870
f 1870 1796 1795
f 1694 1796 1871
f 1871 1797 1694
f 1695 1797 1872
f 1872 1798 1695
f 1696 1798 1873
f 1873 1799 1696
f 1697 1799 1874
f 1874 1800 1697
f 1698 1800 1875
f 1875 1801 1698
f 1699 1801 1876
f 1876 1802 1699
f 1803 1700 1802
f 1802 1877 1803
f 1803 1878 1809
f 1809 1701 1803
f 1704 1703 1879
f 1879 1880 1704
f 1705 1704 1880
f 1880 1881 1705
f 1564 1705 1881
f 1881 1706 1564
f 1565 1706 1882
f 1882 1707 1565
f 1566 1707 1883
f 1883 1708 1566
f 1636 1708 1884
f 1884 1810 1636
f 1638 1709 1885
f 1885 1812 1638
f 1576 1710 1886
f 1886 1715 1576
f 1813 1887 1814
f 1814 1711 1813
f 1814 1888 1815
f 1815 1712 1814
f 1714 1879 1703
f 1703 1713 1714
f 1815 1889 1879
f 1879 1714 1815
f 1716 1715 1890
f 1890 1891 1716
f 1717 1716 1891
f 1891 1892 1717
f 1718 1717 1892
f 1892 1893 1718
f 1719 1718 1893
f 1893 1894 1719
f 1720 1719 1894
f 1894 1895 1720
f 1721 1720 1895
f 1895 1896 1721
f 1722 1721 1896
f 1896 1897 1722
f 1723 1722 1897
f 1897 1898 1723
f 1816 1723 1898
f 1898 1899 1816
f 1816 1900 1817
f 1817 1724 1816
f 1901 1818 1819
f 1819 1902 1901
f 1903 1820 1725
f 1725 1818 1903
f 1819 1726 1821
f 1821 1904 1819
f 1905 1822 1727
f 1727 1820 1905
f 1821 1728 1823
f 1823 1906 1821
f 1907 1824 1729
f 1729 1822 1907
f 1823 1730 1825
f 1825 1908 1823
f 1909 1826 1731
f 1731 1824 1909
f 1825 1732 1827
f 1827 1910 1825
f 1911 1828 1733
f 1733 1826 1911
f 1827 1734 1829
f 1829 1912 1827
f 1913 1830 1735
f 1735 1828 1913
f 1829 1736 1831
f 1831 1914 1829
f 1915 1832 1737
f 1737 1830 1915
f 1831 1738 1833
f 1833 1916 1831
f 1917 1834 1739
f 1739 1832 1917
f 1833 1740 1835
f 1835 1918 1833
f 1919 1836 1741
f 1741 1834 1919
f 1835 1742 1837
f 1837 1920 1835
f 1921 1838 1743
f 1743 1836 1921
f 1837 1744 1839
f 1839 1922 1837
f 1923 1840 1745
f 1745 1838 1923
f 1839 1749 1844
f 1844 1924 1839
f 1925 1845 1750
f 1750 1840 1925
f 1804 1926 1841
f 1841 1746 1804
f 1747 1841 1927
f 1927 1842 1747
f 1748 1842 1928
f 1928 1843 1748
f 1844 1843 1929
f 1929 1930 1844
f 1931 1932 1846
f 1846 1845 1931
f 1846 1854 1781
f 1781 1751 1846
f 1757 1933 1758
f 1758 1933 1934
f 1934 1756 1758
f 1935 1936 1937
f 1759 1937 1936
f 1936 1762 1759
f 1935 1938 1939
f 1939 1936 1935
f 1940 1939 1938
f 1939 1940 1753
f 1752 1934 1753
f 1934 1939 1753
f 1764 1848 1941
f 1941 1765 1764
f 1766 1765 1942
f 1942 1943 1766
f 1849 1766 1943
f 1943 1944 1849
f 1850 1945 1771
f 1771 1767 1850
f 1851 1771 1852
f 1852 1946 1851
f 1679 1853 1680
f 1680 1853 1947
f 1947 1677 1680
f 1946 1852 1674
f 1674 1675 1946
f 1853 1852 1948
f 1948 1949 1853
f 1950 1855 1782
f 1782 1854 1950
f 1951 1952 1856
f 1856 1855 1951
f 1856 1953 1857
f 1857 1783 1856
f 1857 1954 1858
f 1858 1784 1857
f 1858 1955 1859
f 1859 1785 1858
f 1859 1956 1860
f 1860 1786 1859
f 1860 1957 1861
f 1861 1787 1860
f 1861 1958 1862
f 1862 1788 1861
f 1862 1959 1863
f 1863 1789 1862
f 1863 1960 1864
f 1864 1790 1863
f 1864 1961 1865
f 1865 1791 1864
f 1865 1962 1866
f 1866 1792 1865
f 1866 1963 1867
f 1867 1793 1866
f 1867 1964 1868
f 1868 1794 1867
f 1868 1965 1869
f 1869 1795 1868
f 1869 1966 1967
f 1967 1870 1869
f 1796 1870 1968
f 1968 1871 1796
f 1797 1871 1969
f 1969 1872 1797
f 1798 1872 1970
f 1970 1873 1798
f 1799 1873 1971
f 1971 1874 1799
f 1800 1874 1972
f 1972 1875 1800
f 1876 1801 1875
f 1875 1973 1876
f 1876 1974 1877
f 1877 1802 1876
f 1877 1975 1878
f 1878 1803 1877
f 1805 1976 1926
f 1926 1804 1805
f 1806 1977 1976
f 1976 1805 1806
f 1807 1978 1977
f 1977 1806 1807
f 1808 1979 1978
f 1978 1807 1808
f 1809 1980 1979
f 1979 1808 1809
f 1878 1981 1980
f 1980 1809 1878
f 1811 1810 1982
f 1982 1983 1811
f 1709 1811 1983
f 1983 1885 1709
f 1710 1812 1984
f 1984 1886 1710
f 1817 1985 1887
f 1887 1813 1817
f 1887 1986 1888
f 1888 1814 1887
f 1888 1987 1889
f 1889 1815 1888
f 1899 1988 1900
f 1900 1816 1899
f 1900 1989 1985
f 1985 1817 1900
f 1990 1901 1902
f 1902 1991 1990
f 1992 1903 1818
f 1818 1901 1992
f 1902 1819 1904
f 1904 1993 1902
f 1994 1905 1820
f 1820 1903 1994
f 1904 1821 1906
f 1906 1995 1904
f 1996 1907 1822
f 1822 1905 1996
f 1906 1823 1908
f 1908 1997 1906
f 1998 1909 1824
f 1824 1907 1998
f 1908 1825 1910
f 1910 1999 1908
f 2000 1911 1826
f 1826 1909 2000
f 1910 1827 1912
f 1912 2001 1910
f 2002 1913 1828
f 1828 1911 2002
f 1912 1829 1914
f 1914 2003 1912
f 2004 1915 1830
f 1830 1913 2004
f 1914 1831 1916
f 1916 2005 1914
f 2006 1917 1832
f 1832 1915 2006
f 1916 1833 1918
f 1918 2007 1916
f 2008 1919 1834
f 1834 1917 2008
f 1918 1835 1920
f 1920 2009 1918
f 2010 1921 1836
f 1836 1919 2010
f 1920 1837 1922
f 1922 2011 1920
f 2012 1923 1838
f 1838 1921 2012
f 1922 1839 1924
f 1924 2013 1922
f 2014 1925 1840
f 1840 1923 2014
f 1924 1844 1930
f 1930 2015 1924
f 2016 1931 1845
f 1845 1925 2016
f 1926 2017 1927
f 1927 1841 1926
f 1842 1927 2018
f 2018 1928 1842
f 1843 1928 2019
f 2019 1929 1843
f 1930 1929 2020
f 2020 2021 1930
f 2022 2023 1932
f 1932 1931 2022
f 1932 1950 1854
f 1854 1846 1932
f 2024 2025 2026
f 2026 2027 2024
f 2027 2026 2028
f 1755 2029 1933
f 1933 1757 1755
f 1934 1933 2030
f 2030 2031 1934
f 1756 1934 1752
f 1848 1763 2032
f 2032 1941 1848
f 1763 1762 2033
f 2033 2032 1763
f 1850 1849 1944
f 1944 2034 1850
f 1945 1850 2034
f 2034 2035 1945
f 1945 1948 1852
f 1852 1771 1945
f 1947 1853 1949
f 1949 2036 1947
f 1677 1947 1678
f 1676 2037 1772
f 1678 1947 2037
f 1676 1678 2037
f 1774 2038 1775
f 1775 2038 2039
f 2039 1776 1775
f 1773 2037 2038
f 2038 1774 1773
f 1772 2037 1773
f 2040 1951 1855
f 1855 1950 2040
f 2041 2042 1952
f 1952 1951 2041
f 1952 2043 1953
f 1953 1856 1952
f 1953 2044 1954
f 1954 1857 1953
f 1954 2045 1955
f 1955 1858 1954
f 1955 2046 1956
f 1956 1859 1955
f 1956 2047 1957
f 1957 1860 1956
f 1957 2048 1958
f 1958 1861 1957
f 1958 2049 1959
f 1959 1862 1958
f 1959 2050 1960
f 1960 1863 1959
f 1960 2051 1961
f 1961 1864 1960
f 1961 2052 1962
f 1962 1865 1961
f 1962 2053 1963
f 1963 1866 1962
f 1963 2054 1964
f 1964 1867 1963
f 1964 2055 1965
f 1965 1868 1964
f 1965 2056 1966
f 1966 1869 1965
f 1966 2057 2058
f 2058 1967 1966
f 1870 1967 2059
f 2059 1968 1870
f 1871 1968 2060
f 2060 1969 1871
f 1872 1969 2061
f 2061 1970 1872
f 1873 1970 2062
f 2062 1971 1873
f 1874 1971 2063
f 2063 1972 1874
f 1972 2064 1973
f 1973 1875 1972
f 1973 2065 1974
f 1974 1876 1973
f 1974 2066 1975
f 1975 1877 1974
f 1975 2067 1981
f 1981 1878 1975
f 1880 1879 1889
f 1889 2068 1880
f 1881 1880 2068
f 2068 2069 1881
f 1706 1881 2069
f 2069 1882 1706
f 1707 1882 2070
f 2070 1883 1707
f 1708 1883 2071
f 2071 1884 1708
f 1810 1884 2072
f 2072 1982 1810
f 1812 1885 2073
f 2073 1984 1812
f 1715 1886 2074
f 2074 1890 1715
f 1985 2075 1986
f 1986 1887 1985
f 1986 2076 1987
f 1987 1888 1986
f 1987 2077 2068
f 2068 1889 1987
f 1891 1890 2078
f 2078 2079 1891
f 1892 1891 2079
f 2079 2080 1892
f 1893 1892 2080
f 2080 2081 1893
f 1894 1893 2081
f 2081 2082 1894
f 1895 1894 2082
f 2082 2083 1895
f 1896 1895 2083
f 2083 2084 1896
f 1897 1896 2084
f 2084 2085 1897
f 1898 1897 2085
f 2085 2086 1898
f 1899 1898 2086
f 2086 2087 1899
f 1988 1899 2087
f 2087 2088 1988
f 1988 2089 1989
f 1989 1900 1988
f 2090 1990 1991
f 1991 2091 2090
f 2092 1992 1901
f 1901 1990 2092
f 1991 1902 1993
f 1993 2093 1991
f 2094 1994 1903
f 1903 1992 2094
f 1993 1904 1995
f 1995 2095 1993
f 2096 1996 1905
f 1905 1994 2096
f 1995 1906 1997
f 1997 2097 1995
f 2098 1998 1907
f 1907 1996 2098
f 1997 1908 1999
f 1999 2099 1997
f 2100 2000 1909
f 1909 1998 2100
f 1999 1910 2001
f 2001 2101 1999
f 2102 2002 1911
f 1911 2000 2102
f 2001 1912 2003
f 2003 2103 2001
f 2104 2004 1913
f 1913 2002 2104
f 2003 1914 2005
f 2005 2105 2003
f 2106 2006 1915
f 1915 2004 2106
f 2005 1916 2007
f 2007 2107 2005
f 2108 2008 1917
f 1917 2006 2108
f 2007 1918 2009
f 2009 2109 2007
f 2110 2010 1919
f 1919 2008 2110
f 2009 1920 2011
f 2011 2111 2009
f 2112 2012 1921
f 1921 2010 2112
f 2011 1922 2013
f 2013 2113 2011
f 2114 2014 1923
f 1923 2012 2114
f 2013 1924 2015
f 2015 2115 2013
f 2116 2016 1925
f 1925 2014 2116
f 2015 1930 2021
f 2021 2117 2015
f 2118 2022 1931
f 1931 2016 2118
f 1976 2119 2017
f 2017 1926 1976
f 2017 2120 2018
f 2018 1927 2017
f 1928 2018 2121
f 2121 2019 1928
f 1929 2019 2122
f 2122 2020 1929
f 2021 2020 2123
f 2123 2124 2021
f 2125 2126 2023
f 2023 2022 2125
f 2023 2040 1950
f 1950 1932 2023
f 2127 2025 2024
f 2026 2025 2128
f 2128 2129 2026
f 2028 2026 2029
f 2029 2130 2028
f 2130 2029 1755
f 1755 1754 2130
f 1933 2029 2131
f 2131 2030 1933
f 2031 2132 1939
f 1939 1934 2031
f 1762 1936 2133
f 2133 2033 1762
f 1936 1939 2132
f 2132 2133 1936
f 1765 1941 2134
f 2134 1942 1765
f 1943 1942 2135
f 2135 2136 1943
f 1944 1943 2136
f 2136 2137 1944
f 2034 1944 2137
f 2137 2138 2034
f 2035 2139 1948
f 1948 1945 2035
f 2036 2140 2037
f 2037 1947 2036
f 1949 1948 2139
f 2139 2141 1949
f 2036 1949 2141
f 2141 2142 2036
f 1776 2039 1777
f 1777 2039 2143
f 2143 1778 1777
f 2039 2038 2144
f 2144 2145 2039
f 2038 2037 2140
f 2140 2144 2038
f 2146 2041 1951
f 1951 2040 2146
f 1778 2143 1779
f 2147 2148 2042
f 2042 2041 2147
f 2042 2149 2043
f 2043 1952 2042
f 2043 2150 2044
f 2044 1953 2043
f 2044 2151 2045
f 2045 1954 2044
f 2045 2152 2046
f 2046 1955 2045
f 2046 2153 2047
f 2047 1956 2046
f 2047 2154 2048
f 2048 1957 2047
f 2048 2155 2049
f 2049 1958 2048
f 2049 2156 2050
f 2050 1959 2049
f 2050 2157 2051
f 2051 1960 2050
f 2051 2158 2052
f 2052 1961 2051
f 2052 2159 2053
f 2053 1962 2052
f 2053 2160 2054
f 2054 1963 2053
f 2054 2161 2055
f 2055 1964 2054
f 2055 2162 2056
f 2056 1965 2055
f 2056 2163 2057
f 2057 1966 2056
f 2057 2164 2165
f 2165 2058 2057
f 1967 2058 2166
f 2166 2059 1967
f 1968 2059 2167
f 2167 2060 1968
f 1969 2060 2168
f 2168 2061 1969
f 1970 2061 2169
f 2169 2062 1970
f 1971 2062 2170
f 2170 2063 1971
f 1972 2063 2171
f 2171 2064 1972
f 2064 2172 2065
f 2065 1973 2064
f 2065 2173 2066
f 2066 1974 2065
f 2066 2174 2067
f 2067 1975 2066
f 1977 2175 2119
f 2119 1976 1977
f 1978 2176 2175
f 2175 1977 1978
f 1979 2177 2176
f 2176 1978 1979
f 1980 2178 2177
f 2177 1979 1980
f 1981 2179 2178
f 2178 1980 1981
f 2067 2180 2179
f 2179 1981 2067
f 1983 1982 2181
f 2181 2182 1983
f 1885 1983 2182
f 2182 2073 1885
f 1886 1984 2183
f 2183 2074 1886
f 1989 2184 2075
f 2075 1985 1989
f 2075 2185 2076
f 2076 1986 2075
f 2076 2186 2077
f 2077 1987 2076
f 2088 2187 2089
f 2089 1988 2088
f 2089 2188 2184
f 2184 1989 2089
f 2189 2090 2091
f 2091 2190 2189
f 2191 2092 1990
f 1990 2090 2191
f 2091 1991 2093
f 2093 2192 2091
f 2193 2094 1992
f 1992 2092 2193
f 2093 1993 2095
f 2095 2194 2093
f 2195 2096 1994
f 1994 2094 2195
f 2095 1995 2097
f 2097 2196 2095
f 2197 2098 1996
f 1996 2096 2197
f 2097 1997 2099
f 2099 2198 2097
f 2199 2100 1998
f 1998 2098 2199
f 2099 1999 2101
f 2101 2200 2099
f 2201 2102 2000
f 2000 2100 2201
f 2101 2001 2103
f 2103 2202 2101
f 2203 2104 2002
f 2002 2102 2203
f 2103 2003 2105
f 2105 2204 2103
f 2205 2106 2004
f 2004 2104 2205
f 2105 2005 2107
f 2107 2206 2105
f 2207 2108 2006
f 2006 2106 2207
f 2107 2007 2109
f 2109 2208 2107
f 2209 2110 2008
f 2008 2108 2209
f 2109 2009 2111
f 2111 2210 2109
f 2211 2112 2010
f 2010 2110 2211
f 2111 2011 2113
f 2113 2212 2111
f 2213 2114 2012
f 2012 2112 2213
f 2113 2013 2115
f 2115 2214 2113
f 2215 2116 2014
f 2014 2114 2215
f 2115 2015 2117
f 2117 2216 2115
f 2217 2118 2016
f 2016 2116 2217
f 2117 2021 2124
f 2124 2218 2117
f 2219 2125 2022
f 2022 2118 2219
f 2119 2220 2120
f 2120 2017 2119
f 2120 2221 2121
f 2121 2018 2120
f 2019 2121 2222
f 2222 2122 2019
f 2020 2122 2223
f 2223 2123 2020
f 2124 2123 2224
f 2224 2225 2124
f 2226 2227 2126
f 2126 2125 2226
f 2126 2146 2040
f 2040 2023 2126
f 2228 2229 2230
f 2231 2232 2229
f 2229 2228 2231
f 2230 2229 2025
f 2025 2127 2230
f 2129 2131 2029
f 2029 2026 2129
f 2031 2030 2233
f 2233 2234 2031
f 2132 2031 2234
f 2234 2235 2132
f 1941 2032 2236
f 2236 2134 1941
f 2032 2033 2237
f 2237 2236 2032
f 2035 2034 2138
f 2138 2238 2035
f 2139 2035 2238
f 2238 2239 2139
f 2140 2036 2142
f 2142 2240 2140
f 2143 2039 2145
f 2145 2241 2143
f 2242 2147 2041
f 2041 2146 2242
f 2243 2244 2148
f 2148 2147 2243
f 2148 2245 2149
f 2149 2042 2148
f 2149 2246 2150
f 2150 2043 2149
f 2150 2247 2151
f 2151 2044 2150
f 2151 2248 2152
f 2152 2045 2151
f 2152 2249 2153
f 2153 2046 2152
f 2153 2250 2154
f 2154 2047 2153
f 2154 2251 2155
f 2155 2048 2154
f 2155 2252 2156
f 2156 2049 2155
f 2156 2253 2157
f 2157 2050 2156
f 2157 2254 2158
f 2158 2051 2157
f 2158 2255 2159
f 2159 2052 2158
f 2159 2256 2160
f 2160 2053 2159
f 2160 2257 2161
f 2161 2054 2160
f 2161 2258 2162
f 2162 2055 2161
f 2162 2259 2163
f 2163 2056 2162
f 2163 2260 2164
f 2164 2057 2163
f 2164 2261 2262
f 2262 2165 2164
f 2058 2165 2263
f 2263 2166 2058
f 2059 2166 2264
f 2264 2167 2059
f 2060 2167 2265
f 2265 2168 2060
f 2061 2168 2266
f 2266 2169 2061
f 2062 2169 2267
f 2267 2170 2062
f 2063 2170 2268
f 2268 2171 2063
f 2172 2064 2171
f 2171 2269 2172
f 2172 2270 2173
f 2173 2065 2172
f 2173 2271 2174
f 2174 2066 2173
f 2174 2272 2180
f 2180 2067 2174
f 2069 2068 2077
f 2077 2273 2069
f 1882 2069 2273
f 2273 2070 1882
f 1883 2070 2274
f 2274 2071 1883
f 1884 2071 2275
f 2275 2072 1884
f 1982 2072 2276
f 2276 2181 1982
f 1984 2073 2277
f 2277 2183 1984
f 1890 2074 2278
f 2278 2078 1890
f 2184 2279 2185
f 2185 2075 2184
f 2185 2280 2186
f 2186 2076 2185
f 2186 2281 2273
f 2273 2077 2186
f 2282 2283 2079
f 2079 2078 2282
f 2283 2284 2080
f 2080 2079 2283
f 2081 2080 2284
f 2284 2285 2081
f 2082 2081 2285
f 2285 2286 2082
f 2083 2082 2286
f 2286 2287 2083
f 2084 2083 2287
f 2287 2288 2084
f 2288 2289 2085
f 2085 2084 2288
f 2289 2290 2086
f 2086 2085 2289
f 2087 2086 2290
f 2290 2291 2087
f 2088 2087 2291
f 2291 2292 2088
f 2187 2088 2292
f 2292 2293 2187
f 2187 2294 2188
f 2188 2089 2187
f 2295 2189 2190
f 2190 2296 2295
f 2297 2191 2090
f 2090 2189 2297
f 2190 2091 2192
f 2192 2298 2190
f 2299 2193 2092
f 2092 2191 2299
f 2192 2093 2194
f 2194 2300 2192
f 2301 2195 2094
f 2094 2193 2301
f 2194 2095 2196
f 2196 2302 2194
f 2303 2197 2096
f 2096 2195 2303
f 2196 2097 2198
f 2198 2304 2196
f 2305 2199 2098
f 2098 2197 2305
f 2198 2099 2200
f 2200 2306 2198
f 2307 2201 2100
f 2100 2199 2307
f 2200 2101 2202
f 2202 2308 2200
f 2309 2203 2102
f 2102 2201 2309
f 2202 2103 2204
f 2204 2310 2202
f 2311 2205 2104
f 2104 2203 2311
f 2204 2105 2206
f 2206 2312 2204
f 2313 2207 2106
f 2106 2205 2313
f 2206 2107 2208
f 2208 2314 2206
f 2315 2209 2108
f 2108 2207 2315
f 2208 2109 2210
f 2210 2316 2208
f 2317 2211 2110
f 2110 2209 2317
f 2210 2111 2212
f 2212 2318 2210
f 2319 2213 2112
f 2112 2211 2319
f 2212 2113 2214
f 2214 2320 2212
f 2321 2215 2114
f 2114 2213 2321
f 2214 2115 2216
f 2216 2322 2214
f 2323 2217 2116
f 2116 2215 2323
f 2216 2117 2218
f 2218 2324 2216
f 2325 2219 2118
f 2118 2217 2325
f 2218 2124 2225
f 2225 2326 2218
f 2327 2226 2125
f 2125 2219 2327
f 2220 2119 2175
f 2175 2328 2220
f 2220 2329 2221
f 2221 2120 2220
f 2221 2330 2222
f 2222 2121 2221
f 2122 2222 2331
f 2331 2223 2122
f 2123 2223 2332
f 2332 2224 2123
f 2225 2224 2332
f 2333 2334 2227
f 2227 2226 2333
f 2227 2242 2146
f 2146 2126 2227
f 2235 2335 2133
f 2133 2132 2235
f 2239 2336 2141
f 2141 2139 2239
f 2240 2337 2144
f 2144 2140 2240
f 2241 2338 2232
f 2232 2143 2241
f 2339 2243 2147
f 2147 2242 2339
f 2340 2341 2244
f 2244 2243 2340
f 2244 2342 2245
f 2245 2148 2244
f 2245 2343 2246
f 2246 2149 2245
f 2246 2344 2247
f 2247 2150 2246
f 2247 2345 2248
f 2248 2151 2247
f 2248 2346 2249
f 2249 2152 2248
f 2249 2347 2250
f 2250 2153 2249
f 2250 2348 2251
f 2251 2154 2250
f 2251 2349 2252
f 2252 2155 2251
f 2252 2350 2253
f 2253 2156 2252
f 2253 2351 2254
f 2254 2157 2253
f 2254 2352 2255
f 2255 2158 2254
f 2255 2353 2256
f 2256 2159 2255
f 2256 2354 2257
f 2257 2160 2256
f 2257 2355 2258
f 2258 2161 2257
f 2258 2356 2259
f 2259 2162 2258
f 2259 2357 2260
f 2260 2163 2259
f 2260 2358 2261
f 2261 2164 2260
f 2261 2359 2360
f 2360 2262 2261
f 2165 2262 2361
f 2361 2263 2165
f 2166 2263 2362
f 2362 2264 2166
f 2167 2264 2363
f 2363 2265 2167
f 2168 2265 2364
f 2364 2266 2168
f 2169 2266 2365
f 2365 2267 2169
f 2170 2267 2366
f 2366 2268 2170
f 2171 2268 2367
f 2367 2269 2171
f 2269 2368 2270
f 2270 2172 2269
f 2270 2369 2271
f 2271 2173 2270
f 2271 2370 2272
f 2272 2174 2271
f 2188 2371 2279
f 2279 2184 2188
f 2279 2372 2280
f 2280 2185 2279
f 2280 2373 2281
f 2281 2186 2280
f 2293 2374 2294
f 2294 2187 2293
f 2375 2295 2296
f 2296 2376 2375
f 2377 2297 2189
f 2189 2295 2377
f 2296 2190 2298
f 2298 2378 2296
f 2379 2299 2191
f 2191 2297 2379
f 2298 2192 2300
f 2300 2380 2298
f 2381 2301 2193
f 2193 2299 2381
f 2300 2194 2302
f 2302 2382 2300
f 2383 2303 2195
f 2195 2301 2383
f 2302 2196 2304
f 2304 2384 2302
f 2385 2305 2197
f 2197 2303 2385
f 2304 2198 2306
f 2306 2386 2304
f 2387 2307 2199
f 2199 2305 2387
f 2306 2200 2308
f 2308 2388 2306
f 2389 2309 2201
f 2201 2307 2389
f 2308 2202 2310
f 2310 2390 2308
f 2391 2311 2203
f 2203 2309 2391
f 2310 2204 2312
f 2312 2392 2310
f 2393 2313 2205
f 2205 2311 2393
f 2312 2206 2314
f 2314 2394 2312
f 2395 2315 2207
f 2207 2313 2395
f 2314 2208 2316
f 2316 2396 2314
f 2397 2317 2209
f 2209 2315 2397
f 2316 2210 2318
f 2318 2398 2316
f 2399 2319 2211
f 2211 2317 2399
f 2318 2212 2320
f 2320 2400 2318
f 2401 2321 2213
f 2213 2319 2401
f 2320 2214 2322
f 2322 2402 2320
f 2403 2323 2215
f 2215 2321 2403
f 2322 2216 2324
f 2324 2404 2322
f 2405 2325 2217
f 2217 2323 2405
f 2324 2218 2326
f 2326 2406 2324
f 2407 2327 2219
f 2219 2325 2407
f 2406 2326 2225
f 2225 2332 2406
f 2408 2333 2226
f 2226 2327 2408
f 2328 2175 2176
f 2176 2409 2328
f 2328 2410 2329
f 2329 2220 2328
f 2329 2411 2330
f 2330 2221 2329
f 2330 2412 2331
f 2331 2222 2330
f 2223 2331 2413
f 2413 2332 2223
f 2414 2415 2334
f 2334 2333 2414
f 2334 2339 2242
f 2242 2227 2334
f 2338 2416 2229
f 2229 2232 2338
f 2416 2128 2025
f 2025 2229 2416
f 2417 2418 2129
f 2129 2128 2417
f 2418 2419 2131
f 2131 2129 2418
f 2419 2233 2030
f 2030 2131 2419
f 2234 2233 2420
f 2420 2421 2234
f 2235 2234 2421
f 2421 2422 2235
f 2335 2235 2422
f 2422 2423 2335
f 2335 2237 2033
f 2033 2133 2335
f 2134 2236 2424
f 2424 2425 2134
f 2236 2237 2426
f 2426 2424 2236
f 2239 2238 2427
f 2427 2428 2239
f 2425 2135 1942
f 1942 2134 2425
f 2429 2430 2136
f 2136 2135 2429
f 2430 2431 2137
f 2137 2136 2430
f 2431 2432 2138
f 2138 2137 2431
f 2432 2427 2238
f 2238 2138 2432
f 2336 2239 2428
f 2428 2433 2336
f 2336 2434 2142
f 2142 2141 2336
f 2337 2240 2435
f 2435 2436 2337
f 2434 2435 2240
f 2240 2142 2434
f 2338 2241 2437
f 2437 2438 2338
f 2337 2439 2145
f 2145 2144 2337
f 2439 2437 2241
f 2241 2145 2439
f 2440 2340 2243
f 2243 2339 2440
f 2441 2442 2341
f 2341 2340 2441
f 2341 2443 2342
f 2342 2244 2341
f 2342 2444 2343
f 2343 2245 2342
f 2343 2445 2344
f 2344 2246 2343
f 2344 2446 2345
f 2345 2247 2344
f 2345 2447 2346
f 2346 2248 2345
f 2346 2448 2347
f 2347 2249 2346
f 2347 2449 2348
f 2348 2250 2347
f 2348 2450 2349
f 2349 2251 2348
f 2349 2451 2350
f 2350 2252 2349
f 2350 2452 2351
f 2351 2253 2350
f 2351 2453 2352
f 2352 2254 2351
f 2352 2454 2353
f 2353 2255 2352
f 2353 2455 2354
f 2354 2256 2353
f 2354 2456 2355
f 2355 2257 2354
f 2355 2457 2356
f 2356 2258 2355
f 2356 2458 2357
f 2357 2259 2356
f 2357 2459 2358
f 2358 2260 2357
f 2358 2460 2359
f 2359 2261 2358
f 2359 2461 2462
f 2462 2360 2359
f 2262 2360 2463
f 2463 2361 2262
f 2263 2361 2464
f 2464 2362 2263
f 2264 2362 2465
f 2465 2363 2264
f 2265 2363 2466
f 2466 2364 2265
f 2266 2364 2467
f 2467 2365 2266
f 2267 2365 2468
f 2468 2366 2267
f 2268 2366 2469
f 2469 2367 2268
f 2269 2367 2470
f 2470 2368 2269
f 2368 2471 2369
f 2369 2270 2368
f 2369 2472 2370
f 2370 2271 2369
f 2370 2473 2474
f 2474 2272 2370
f 2409 2176 2177
f 2177 2475 2409
f 2475 2177 2178
f 2178 2476 2475
f 2476 2178 2179
f 2179 2477 2476
f 2477 2179 2180
f 2180 2478 2477
f 2478 2180 2272
f 2272 2474 2478
f 2070 2273 2281
f 2281 2274 2070
f 2071 2274 2479
f 2479 2275 2071
f 2072 2275 2480
f 2480 2276 2072
f 2181 2276 2481
f 2481 2482 2181
f 2482 2483 2182
f 2182 2181 2482
f 2483 2277 2073
f 2073 2182 2483
f 2183 2277 2484
f 2484 2485 2183
f 2485 2278 2074
f 2074 2183 2485
f 2371 2188 2294
f 2294 2486 2371
f 2371 2487 2372
f 2372 2279 2371
f 2372 2488 2373
f 2373 2280 2372
f 2373 2479 2274
f 2274 2281 2373
f 2489 2282 2078
f 2078 2278 2489
f 2490 2491 2283
f 2283 2282 2490
f 2491 2492 2284
f 2284 2283 2491
f 2492 2493 2285
f 2285 2284 2492
f 2286 2285 2493
f 2493 2494 2286
f 2287 2286 2494
f 2494 2495 2287
f 2288 2287 2495
f 2495 2496 2288
f 2496 2497 2289
f 2289 2288 2496
f 2497 2498 2290
f 2290 2289 2497
f 2498 2499 2291
f 2291 2290 2498
f 2292 2291 2499
f 2499 2500 2292
f 2293 2292 2500
f 2500 2501 2293
f 2374 2293 2501
f 2501 2502 2374
f 2374 2503 2486
f 2486 2294 2374
f 2504 2375 2376
f 2376 2505 2504
f 2506 2377 2295
f 2295 2375 2506
f 2376 2296 2378
f 2378 2507 2376
f 2508 2379 2297
f 2297 2377 2508
f 2378 2298 2380
f 2380 2509 2378
f 2510 2381 2299
f 2299 2379 2510
f 2380 2300 2382
f 2382 2511 2380
f 2512 2383 2301
f 2301 2381 2512
f 2382 2302 2384
f 2384 2513 2382
f 2514 2385 2303
f 2303 2383 2514
f 2384 2304 2386
f 2386 2515 2384
f 2516 2387 2305
f 2305 2385 2516
f 2386 2306 2388
f 2388 2517 2386
f 2518 2389 2307
f 2307 2387 2518
f 2388 2308 2390
f 2390 2519 2388
f 2520 2391 2309
f 2309 2389 2520
f 2390 2310 2392
f 2392 2521 2390
f 2522 2393 2311
f 2311 2391 2522
f 2392 2312 2394
f 2394 2523 2392
f 2524 2395 2313
f 2313 2393 2524
f 2394 2314 2396
f 2396 2525 2394
f 2526 2397 2315
f 2315 2395 2526
f 2396 2316 2398
f 2398 2527 2396
f 2528 2399 2317
f 2317 2397 2528
f 2398 2318 2400
f 2400 2529 2398
f 2530 2401 2319
f 2319 2399 2530
f 2400 2320 2402
f 2402 2531 2400
f 2532 2403 2321
f 2321 2401 2532
f 2402 2322 2404
f 2404 2533 2402
f 2534 2405 2323
f 2323 2403 2534
f 2404 2324 2406
f 2406 2535 2404
f 2536 2407 2325
f 2325 2405 2536
f 2537 2408 2327
f 2327 2407 2537
f 2538 1098 1099
f 2332 1164 1163
f 2538 1115 1098
f 2332 1163 1165
f 2538 1129 1115
f 2332 1165 1161
f 2538 2406 1129
f 2332 1161 1156
f 2406 1140 1129
f 2332 1156 1149
f 2406 1149 1140
f 2406 2332 1149
f 2539 2414 2333
f 2333 2408 2539
f 2409 2540 2410
f 2410 2328 2409
f 2410 2541 2411
f 2411 2329 2410
f 2411 2542 2412
f 2412 2330 2411
f 2412 2543 2413
f 2413 2331 2412
f 2332 2413 2543
f 2543 2544 2332
f 2545 2546 2415
f 2415 2414 2545
f 2415 2440 2339
f 2339 2334 2415
f 2416 2338 2438
f 2438 2547 2416
f 2128 2416 2547
f 2547 2417 2128
f 2418 2417 2548
f 2548 2549 2418
f 2419 2418 2549
f 2549 2550 2419
f 2233 2419 2550
f 2550 2420 2233
f 2423 2426 2237
f 2237 2335 2423
f 2135 2425 2551
f 2551 2429 2135
f 2430 2429 2552
f 2552 2553 2430
f 2431 2430 2553
f 2553 2554 2431
f 2432 2431 2554
f 2554 2555 2432
f 2427 2432 2555
f 2555 2556 2427
f 2428 2427 2556
f 2556 2557 2428
f 2433 2558 2434
f 2434 2336 2433
f 2436 2559 2439
f 2439 2337 2436
f 2435 2434 2558
f 2558 2560 2435
f 2436 2435 2560
f 2560 2561 2436
f 2437 2439 2559
f 2559 2562 2437
f 2438 2437 2562
f 2562 2563 2438
f 2564 2441 2340
f 2340 2440 2564
f 2565 2566 2442
f 2442 2441 2565
f 2442 2567 2443
f 2443 2341 2442
f 2443 2568 2444
f 2444 2342 2443
f 2444 2569 2445
f 2445 2343 2444
f 2445 2570 2446
f 2446 2344 2445
f 2446 2571 2447
f 2447 2345 2446
f 2447 2572 2448
f 2448 2346 2447
f 2448 2573 2449
f 2449 2347 2448
f 2449 2574 2450
f 2450 2348 2449
f 2450 2575 2451
f 2451 2349 2450
f 2451 2576 2452
f 2452 2350 2451
f 2452 2577 2453
f 2453 2351 2452
f 2453 2578 2454
f 2454 2352 2453
f 2454 2579 2455
f 2455 2353 2454
f 2455 2580 2456
f 2456 2354 2455
f 2456 2581 2457
f 2457 2355 2456
f 2457 2582 2458
f 2458 2356 2457
f 2458 2583 2459
f 2459 2357 2458
f 2459 2584 2460
f 2460 2358 2459
f 2460 2585 2461
f 2461 2359 2460
f 2461 2586 2587
f 2587 2462 2461
f 2360 2462 2588
f 2588 2463 2360
f 2361 2463 2589
f 2589 2464 2361
f 2362 2464 2590
f 2590 2465 2362
f 2363 2465 2591
f 2591 2466 2363
f 2364 2466 2592
f 2592 2467 2364
f 2365 2467 2593
f 2593 2468 2365
f 2366 2468 2594
f 2594 2469 2366
f 2367 2469 2595
f 2595 2470 2367
f 2368 2470 2596
f 2596 2471 2368
f 2471 2597 2472
f 2472 2369 2471
f 2472 2598 2473
f 2473 2370 2472
f 2475 2599 2540
f 2540 2409 2475
f 2476 2600 2599
f 2599 2475 2476
f 2477 2601 2600
f 2600 2476 2477
f 2478 2602 2601
f 2601 2477 2478
f 2474 2603 2602
f 2602 2478 2474
f 2473 2604 2603
f 2603 2474 2473
f 2483 2482 2605
f 2605 2606 2483
f 2277 2483 2606
f 2606 2484 2277
f 2278 2485 2607
f 2607 2489 2278
f 2486 2608 2487
f 2487 2371 2486
f 2487 2609 2488
f 2488 2372 2487
f 2488 2610 2479
f 2479 2373 2488
f 2282 2489 2611
f 2611 2490 2282
f 2491 2490 2612
f 2612 2613 2491
f 2492 2491 2613
f 2613 2614 2492
f 2493 2492 2614
f 2614 2615 2493
f 2497 2496 2616
f 2616 2617 2497
f 2498 2497 2617
f 2617 2618 2498
f 2499 2498 2618
f 2618 2619 2499
f 2502 2620 2503
f 2503 2374 2502
f 2503 2621 2608
f 2608 2486 2503
f 2622 2504 2505
f 2505 2623 2622
f 2624 2506 2375
f 2375 2504 2624
f 2505 2376 2507
f 2507 2625 2505
f 2626 2508 2377
f 2377 2506 2626
f 2507 2378 2509
f 2509 2627 2507
f 2628 2510 2379
f 2379 2508 2628
f 2509 2380 2511
f 2511 2629 2509
f 2630 2512 2381
f 2381 2510 2630
f 2511 2382 2513
f 2513 2631 2511
f 2632 2514 2383
f 2383 2512 2632
f 2513 2384 2515
f 2515 2633 2513
f 2634 2516 2385
f 2385 2514 2634
f 2515 2386 2517
f 2517 2635 2515
f 2636 2518 2387
f 2387 2516 2636
f 2517 2388 2519
f 2519 2637 2517
f 2638 2520 2389
f 2389 2518 2638
f 2519 2390 2521
f 2521 2639 2519
f 2640 2522 2391
f 2391 2520 2640
f 2521 2392 2523
f 2523 2641 2521
f 2642 2524 2393
f 2393 2522 2642
f 2523 2394 2525
f 2525 2643 2523
f 2644 2526 2395
f 2395 2524 2644
f 2525 2396 2527
f 2527 2645 2525
f 2646 2528 2397
f 2397 2526 2646
f 2527 2398 2529
f 2529 2647 2527
f 2648 2530 2399
f 2399 2528 2648
f 2529 2400 2531
f 2531 2649 2529
f 2650 2532 2401
f 2401 2530 2650
f 2531 2402 2533
f 2533 2651 2531
f 2652 2534 2403
f 2403 2532 2652
f 2533 2404 2535
f 2535 2653 2533
f 2654 2536 2405
f 2405 2534 2654
f 2653 2535 2406
f 2655 2537 2407
f 2407 2536 2655
f 2656 2539 2408
f 2408 2537 2656
f 2538 1099 1079
f 1079 1080 2538
f 2538 2657 2653
f 2653 2406 2538
f 2332 1160 1164
f 2658 1128 1127
f 2332 1155 1160
f 2658 1127 1139
f 2332 2544 1155
f 2658 1139 1148
f 2544 1148 1155
f 2544 2658 1148
f 2659 2545 2414
f 2414 2539 2659
f 2540 2660 2541
f 2541 2410 2540
f 2541 2661 2542
f 2542 2411 2541
f 2542 2662 2543
f 2543 2412 2542
f 2543 2662 2544
f 2663 2664 2546
f 2546 2545 2663
f 2546 2564 2440
f 2440 2415 2546
f 2421 2420 2665
f 2665 2666 2421
f 2422 2421 2666
f 2666 2667 2422
f 2423 2422 2667
f 2667 2668 2423
f 2426 2423 2668
f 2668 2669 2426
f 2425 2424 2670
f 2670 2551 2425
f 2424 2426 2669
f 2669 2670 2424
f 2433 2428 2557
f 2557 2671 2433
f 2558 2433 2671
f 2671 2672 2558
f 2559 2436 2561
f 2561 2673 2559
f 2547 2438 2563
f 2563 2674 2547
f 2675 2565 2441
f 2441 2564 2675
f 2676 2677 2566
f 2566 2565 2676
f 2566 2678 2567
f 2567 2442 2566
f 2567 2679 2568
f 2568 2443 2567
f 2568 2680 2569
f 2569 2444 2568
f 2569 2681 2570
f 2570 2445 2569
f 2570 2682 2571
f 2571 2446 2570
f 2571 2683 2572
f 2572 2447 2571
f 2572 2684 2573
f 2573 2448 2572
f 2573 2685 2574
f 2574 2449 2573
f 2574 2686 2575
f 2575 2450 2574
f 2575 2687 2576
f 2576 2451 2575
f 2576 2688 2577
f 2577 2452 2576
f 2577 2689 2578
f 2578 2453 2577
f 2578 2690 2579
f 2579 2454 2578
f 2579 2691 2580
f 2580 2455 2579
f 2580 2692 2581
f 2581 2456 2580
f 2581 2693 2582
f 2582 2457 2581
f 2582 2694 2583
f 2583 2458 2582
f 2583 2695 2584
f 2584 2459 2583
f 2584 2696 2585
f 2585 2460 2584
f 2585 2697 2586
f 2586 2461 2585
f 2586 2698 2699
f 2699 2587 2586
f 2462 2587 2700
f 2700 2588 2462
f 2463 2588 2701
f 2701 2589 2463
f 2464 2589 2702
f 2702 2590 2464
f 2465 2590 2703
f 2703 2591 2465
f 2466 2591 2704
f 2704 2592 2466
f 2467 2592 2705
f 2705 2593 2467
f 2468 2593 2706
f 2706 2594 2468
f 2469 2594 2707
f 2707 2595 2469
f 2470 2595 2708
f 2708 2596 2470
f 2471 2596 2709
f 2709 2597 2471
f 2598 2472 2597
f 2597 2710 2598
f 2598 2711 2604
f 2604 2473 2598
f 2275 2479 2610
f 2610 2480 2275
f 2276 2480 2712
f 2712 2481 2276
f 2482 2481 2713
f 2713 2605 2482
f 2485 2484 2714
f 2714 2607 2485
f 2608 2715 2609
f 2609 2487 2608
f 2609 2716 2610
f 2610 2488 2609
f 2615 2717 2494
f 2494 2493 2615
f 2495 2494 2717
f 2717 2718 2495
f 2496 2495 2718
f 2718 2616 2496
f 2619 2719 2500
f 2500 2499 2619
f 2501 2500 2719
f 2719 2720 2501
f 2502 2501 2720
f 2720 2721 2502
f 2620 2502 2721
f 2721 2722 2620
f 2620 2723 2621
f 2621 2503 2620
f 2621 2724 2715
f 2715 2608 2621
f 2725 2622 2623
f 2623 2726 2725
f 2727 2624 2504
f 2504 2622 2727
f 2623 2505 2625
f 2625 2728 2623
f 2729 2626 2506
f 2506 2624 2729
f 2625 2507 2627
f 2627 2730 2625
f 2731 2628 2508
f 2508 2626 2731
f 2627 2509 2629
f 2629 2732 2627
f 2733 2630 2510
f 2510 2628 2733
f 2629 2511 2631
f 2631 2734 2629
f 2735 2632 2512
f 2512 2630 2735
f 2631 2513 2633
f 2633 2736 2631
f 2737 2634 2514
f 2514 2632 2737
f 2633 2515 2635
f 2635 2738 2633
f 2739 2636 2516
f 2516 2634 2739
f 2635 2517 2637
f 2637 2740 2635
f 2741 2638 2518
f 2518 2636 2741
f 2637 2519 2639
f 2639 2742 2637
f 2743 2640 2520
f 2520 2638 2743
f 2639 2521 2641
f 2641 2744 2639
f 2745 2642 2522
f 2522 2640 2745
f 2641 2523 2643
f 2643 2746 2641
f 2747 2644 2524
f 2524 2642 2747
f 2643 2525 2645
f 2645 2748 2643
f 2749 2646 2526
f 2526 2644 2749
f 2645 2527 2647
f 2647 2750 2645
f 2751 2648 2528
f 2528 2646 2751
f 2647 2529 2649
f 2649 2752 2647
f 2753 2650 2530
f 2530 2648 2753
f 2649 2531 2651
f 2651 2754 2649
f 2755 2652 2532
f 2532 2650 2755
f 2651 2533 2653
f 2653 2657 2651
f 2756 2654 2534
f 2534 2652 2756
f 2757 2655 2536
f 2536 2654 2757
f 2758 2656 2537
f 2537 2655 2758
f 2759 2659 2539
f 2539 2656 2759
f 2760 834 835
f 2538 1080 1060
f 2760 871 834
f 2538 1060 1039
f 2760 903 871
f 2538 1039 1016
f 2760 933 903
f 2761 2538 1016
f 2760 963 933
f 2761 1016 991
f 2760 2761 963
f 2761 991 963
f 2754 2651 2657
f 2657 2538 2754
f 2544 2762 2763
f 2763 2658 2544
f 1128 2658 1114
f 1114 1113 1128
f 2764 2663 2545
f 2545 2659 2764
f 2599 2765 2660
f 2660 2540 2599
f 2660 2766 2661
f 2661 2541 2660
f 2661 2544 2662
f 2662 2542 2661
f 2767 2768 2664
f 2664 2663 2767
f 2664 2675 2564
f 2564 2546 2664
f 2417 2547 2674
f 2674 2548 2417
f 2549 2548 2769
f 2769 2770 2549
f 2550 2549 2770
f 2770 2771 2550
f 2420 2550 2771
f 2771 2665 2420
f 2429 2551 2772
f 2772 2552 2429
f 2553 2552 2773
f 2773 2774 2553
f 2554 2553 2774
f 2774 2775 2554
f 2555 2554 2775
f 2775 2776 2555
f 2556 2555 2776
f 2776 2777 2556
f 2557 2556 2777
f 2777 2778 2557
f 2671 2557 2778
f 2778 2779 2671
f 2672 2780 2560
f 2560 2558 2672
f 2673 2781 2562
f 2562 2559 2673
f 2561 2560 2780
f 2780 2782 2561
f 2673 2561 2782
f 2782 2783 2673
f 2563 2562 2781
f 2781 2784 2563
f 2674 2563 2784
f 2784 2785 2674
f 2786 2676 2565
f 2565 2675 2786
f 2787 2788 2677
f 2677 2676 2787
f 2677 2789 2678
f 2678 2566 2677
f 2678 2790 2679
f 2679 2567 2678
f 2679 2791 2680
f 2680 2568 2679
f 2680 2792 2681
f 2681 2569 2680
f 2681 2793 2682
f 2682 2570 2681
f 2682 2794 2683
f 2683 2571 2682
f 2683 2795 2684
f 2684 2572 2683
f 2684 2796 2685
f 2685 2573 2684
f 2685 2797 2686
f 2686 2574 2685
f 2686 2798 2687
f 2687 2575 2686
f 2687 2799 2688
f 2688 2576 2687
f 2688 2800 2689
f 2689 2577 2688
f 2689 2801 2690
f 2690 2578 2689
f 2690 2802 2691
f 2691 2579 2690
f 2691 2803 2692
f 2692 2580 2691
f 2692 2804 2693
f 2693 2581 2692
f 2693 2805 2694
f 2694 2582 2693
f 2694 2806 2695
f 2695 2583 2694
f 2695 2807 2696
f 2696 2584 2695
f 2696 2808 2697
f 2697 2585 2696
f 2697 2809 2698
f 2698 2586 2697
f 2698 2810 2811
f 2811 2699 2698
f 2587 2699 2812
f 2812 2700 2587
f 2588 2700 2813
f 2813 2701 2588
f 2589 2701 2814
f 2814 2702 2589
f 2590 2702 2815
f 2815 2703 2590
f 2591 2703 2816
f 2816 2704 2591
f 2592 2704 2817
f 2817 2705 2592
f 2593 2705 2818
f 2818 2706 2593
f 2594 2706 2819
f 2819 2707 2594
f 2595 2707 2820
f 2820 2708 2595
f 2596 2708 2821
f 2821 2709 2596
f 2597 2709 2822
f 2822 2710 2597
f 2710 2823 2711
f 2711 2598 2710
f 2600 2824 2765
f 2765 2599 2600
f 2601 2825 2824
f 2824 2600 2601
f 2602 2826 2825
f 2825 2601 2602
f 2603 2827 2826
f 2826 2602 2603
f 2604 2828 2827
f 2827 2603 2604
f 2711 2829 2828
f 2828 2604 2711
f 2830 2831 2606
f 2606 2605 2830
f 2484 2606 2831
f 2831 2714 2484
f 2489 2607 2832
f 2832 2611 2489
f 2715 2833 2716
f 2716 2609 2715
f 2716 2712 2480
f 2480 2610 2716
f 2490 2611 2834
f 2834 2612 2490
f 2613 2612 2835
f 2835 2836 2613
f 2614 2613 2836
f 2836 2837 2614
f 2615 2614 2837
f 2837 2838 2615
f 2717 2615 2838
f 2838 2839 2717
f 2617 2616 2840
f 2840 2841 2617
f 2618 2617 2841
f 2841 2842 2618
f 2619 2618 2842
f 2842 2843 2619
f 2719 2619 2843
f 2843 2844 2719
f 2722 2845 2723
f 2723 2620 2722
f 2723 2846 2724
f 2724 2621 2723
f 2724 2847 2833
f 2833 2715 2724
f 2810 2725 2726
f 2726 2811 2810
f 2848 2727 2622
f 2622 2725 2848
f 2726 2623 2728
f 2728 2849 2726
f 2850 2729 2624
f 2624 2727 2850
f 2728 2625 2730
f 2730 2851 2728
f 2852 2731 2626
f 2626 2729 2852
f 2730 2627 2732
f 2732 2853 2730
f 2854 2733 2628
f 2628 2731 2854
f 2732 2629 2734
f 2734 2855 2732
f 2856 2735 2630
f 2630 2733 2856
f 2734 2631 2736
f 2736 2857 2734
f 2858 2737 2632
f 2632 2735 2858
f 2736 2633 2738
f 2738 2859 2736
f 2860 2739 2634
f 2634 2737 2860
f 2738 2635 2740
f 2740 2861 2738
f 2862 2741 2636
f 2636 2739 2862
f 2740 2637 2742
f 2742 2863 2740
f 2864 2743 2638
f 2638 2741 2864
f 2742 2639 2744
f 2744 2865 2742
f 2866 2745 2640
f 2640 2743 2866
f 2744 2641 2746
f 2746 2867 2744
f 2868 2747 2642
f 2642 2745 2868
f 2746 2643 2748
f 2748 2869 2746
f 2870 2749 2644
f 2644 2747 2870
f 2748 2645 2750
f 2750 2871 2748
f 2872 2751 2646
f 2646 2749 2872
f 2750 2647 2752
f 2752 2873 2750
f 2874 2753 2648
f 2648 2751 2874
f 2752 2649 2754
f 2754 2875 2752
f 2876 2755 2650
f 2650 2753 2876
f 2877 2756 2652
f 2652 2755 2877
f 2878 2757 2654
f 2654 2756 2878
f 2879 2758 2655
f 2655 2757 2879
f 2880 2759 2656
f 2656 2758 2880
f 2881 2764 2659
f 2659 2759 2881
f 2882 667 2883
f 2760 835 833
f 2882 666 667
f 2760 833 794
f 2882 711 666
f 2882 2760 794
f 2882 754 711
f 2882 794 754
f 2760 2884 2885
f 2885 2761 2760
f 2761 2886 2887
f 2887 2538 2761
f 2875 2754 2538
f 2538 2888 2875
f 2544 2661 2766
f 2766 2762 2544
f 2762 2766 2889
f 2889 2763 2762
f 2763 2890 2658
f 1114 2658 1097
f 1097 1096 1114
f 2891 2767 2663
f 2663 2764 2891
f 2765 2889 2766
f 2766 2660 2765
f 2892 2893 2768
f 2768 2767 2892
f 2768 2786 2675
f 2675 2664 2768
f 2666 2665 2894
f 2894 2895 2666
f 2667 2666 2895
f 2895 2896 2667
f 2668 2667 2896
f 2896 2897 2668
f 2669 2668 2897
f 2897 2898 2669
f 2670 2669 2898
f 2898 2899 2670
f 2551 2670 2899
f 2899 2772 2551
f 2672 2671 2779
f 2779 2900 2672
f 2780 2672 2900
f 2900 2901 2780
f 2781 2673 2783
f 2783 2902 2781
f 2548 2674 2785
f 2785 2769 2548
f 2903 2787 2676
f 2676 2786 2903
f 2904 2905 2788
f 2788 2787 2904
f 2788 2906 2789
f 2789 2677 2788
f 2789 2907 2790
f 2790 2678 2789
f 2790 2908 2791
f 2791 2679 2790
f 2791 2909 2792
f 2792 2680 2791
f 2792 2910 2793
f 2793 2681 2792
f 2793 2911 2794
f 2794 2682 2793
f 2794 2912 2795
f 2795 2683 2794
f 2795 2913 2796
f 2796 2684 2795
f 2796 2914 2797
f 2797 2685 2796
f 2797 2915 2798
f 2798 2686 2797
f 2798 2916 2799
f 2799 2687 2798
f 2799 2917 2800
f 2800 2688 2799
f 2800 2918 2801
f 2801 2689 2800
f 2801 2919 2802
f 2802 2690 2801
f 2802 2920 2803
f 2803 2691 2802
f 2803 2921 2804
f 2804 2692 2803
f 2804 2922 2805
f 2805 2693 2804
f 2805 2923 2806
f 2806 2694 2805
f 2806 2924 2807
f 2807 2695 2806
f 2807 2925 2808
f 2808 2696 2807
f 2808 2926 2809
f 2809 2697 2808
f 2809 2927 2810
f 2810 2698 2809
f 2699 2811 2928
f 2928 2812 2699
f 2700 2812 2929
f 2929 2813 2700
f 2701 2813 2930
f 2930 2814 2701
f 2702 2814 2931
f 2931 2815 2702
f 2703 2815 2932
f 2932 2816 2703
f 2704 2816 2933
f 2933 2817 2704
f 2705 2817 2934
f 2934 2818 2705
f 2706 2818 2935
f 2935 2819 2706
f 2707 2819 2936
f 2936 2820 2707
f 2708 2820 2937
f 2937 2821 2708
f 2709 2821 2938
f 2938 2822 2709
f 2710 2822 2939
f 2939 2823 2710
f 2823 2940 2829
f 2829 2711 2823
f 2481 2712 2941
f 2941 2713 2481
f 2942 2830 2605
f 2605 2713 2942
f 2831 2830 2943
f 2943 2944 2831
f 2607 2714 2945
f 2945 2832 2607
f 2833 2941 2712
f 2712 2716 2833
f 2839 2946 2718
f 2718 2717 2839
f 2616 2718 2946
f 2946 2840 2616
f 2844 2947 2720
f 2720 2719 2844
f 2721 2720 2947
f 2947 2948 2721
f 2722 2721 2948
f 2948 2949 2722
f 2845 2722 2949
f 2949 2950 2845
f 2845 2951 2846
f 2846 2723 2845
f 2846 2952 2847
f 2847 2724 2846
f 2927 2848 2725
f 2725 2810 2927
f 2811 2726 2849
f 2849 2928 2811
f 2953 2850 2727
f 2727 2848 2953
f 2849 2728 2851
f 2851 2954 2849
f 2955 2852 2729
f 2729 2850 2955
f 2851 2730 2853
f 2853 2956 2851
f 2957 2854 2731
f 2731 2852 2957
f 2853 2732 2855
f 2855 2958 2853
f 2959 2856 2733
f 2733 2854 2959
f 2855 2734 2857
f 2857 2960 2855
f 2961 2858 2735
f 2735 2856 2961
f 2857 2736 2859
f 2859 2962 2857
f 2963 2860 2737
f 2737 2858 2963
f 2859 2738 2861
f 2861 2964 2859
f 2965 2862 2739
f 2739 2860 2965
f 2861 2740 2863
f 2863 2966 2861
f 2967 2864 2741
f 2741 2862 2967
f 2863 2742 2865
f 2865 2968 2863
f 2969 2866 2743
f 2743 2864 2969
f 2865 2744 2867
f 2867 2970 2865
f 2971 2868 2745
f 2745 2866 2971
f 2867 2746 2869
f 2869 2972 2867
f 2973 2870 2747
f 2747 2868 2973
f 2869 2748 2871
f 2871 2974 2869
f 2975 2872 2749
f 2749 2870 2975
f 2871 2750 2873
f 2873 2976 2871
f 2977 2874 2751
f 2751 2872 2977
f 2873 2752 2875
f 2875 2978 2873
f 2979 2876 2753
f 2753 2874 2979
f 2980 2877 2755
f 2755 2876 2980
f 2981 2878 2756
f 2756 2877 2981
f 2982 2879 2757
f 2757 2878 2982
f 2983 2880 2758
f 2758 2879 2983
f 2984 2881 2759
f 2759 2880 2984
f 2985 2891 2764
f 2764 2881 2985
f 2986 2987 2882
f 2882 2883 2986
f 2882 2988 2989
f 2989 2760 2882
f 618 2883 667
f 667 619 618
f 2990 2991 2884
f 2884 2760 2990
f 2991 2992 2885
f 2885 2884 2991
f 2885 2993 2761
f 2994 2995 2886
f 2886 2761 2994
f 2995 2978 2887
f 2887 2886 2995
f 2887 2888 2538
f 2978 2875 2888
f 2888 2887 2978
f 2763 2889 2996
f 2996 2890 2763
f 2890 2996 2997
f 2997 2658 2890
f 2658 1078 1097
f 2998 870 869
f 2658 1059 1078
f 2998 869 902
f 2658 1038 1059
f 2998 902 932
f 2658 2999 1038
f 2998 932 962
f 2999 1015 1038
f 2998 962 990
f 2999 990 1015
f 2999 2998 990
f 3000 2892 2767
f 2767 2891 3000
f 2889 2765 2824
f 2824 2996 2889
f 3001 3002 2893
f 2893 2892 3001
f 2893 2903 2786
f 2786 2768 2893
f 2770 2769 3003
f 3003 3004 2770
f 2771 2770 3004
f 3004 3005 2771
f 2665 2771 3005
f 3005 2894 2665
f 2552 2772 3006
f 3006 2773 2552
f 2774 2773 2836
f 2836 2835 2774
f 2775 2774 2835
f 2835 3007 2775
f 2776 2775 3007
f 3007 3008 2776
f 2777 2776 3008
f 3008 3009 2777
f 2778 2777 3009
f 3009 3010 2778
f 2779 2778 3010
f 3010 3011 2779
f 2900 2779 3011
f 3011 3012 2900
f 2901 3013 2782
f 2782 2780 2901
f 2902 3014 2784
f 2784 2781 2902
f 2783 2782 3013
f 3013 3015 2783
f 2902 2783 3015
f 3015 3016 2902
f 2785 2784 3014
f 3014 3017 2785
f 2769 2785 3017
f 3017 3003 2769
f 3018 2904 2787
f 2787 2903 3018
f 3019 3020 2905
f 2905 2904 3019
f 2905 3021 2906
f 2906 2788 2905
f 2906 3022 2907
f 2907 2789 2906
f 2907 3023 2908
f 2908 2790 2907
f 2908 3024 2909
f 2909 2791 2908
f 2909 3025 2910
f 2910 2792 2909
f 2910 3026 2911
f 2911 2793 2910
f 2911 3027 2912
f 2912 2794 2911
f 2912 3028 2913
f 2913 2795 2912
f 2913 3029 2914
f 2914 2796 2913
f 2914 3030 2915
f 2915 2797 2914
f 2915 3031 2916
f 2916 2798 2915
f 2916 3032 2917
f 2917 2799 2916
f 2917 3033 2918
f 2918 2800 2917
f 2918 3034 2919
f 2919 2801 2918
f 2919 3035 2920
f 2920 2802 2919
f 2920 3036 2921
f 2921 2803 2920
f 2921 3037 2922
f 2922 2804 2921
f 2922 3038 2923
f 2923 2805 2922
f 2923 3039 2924
f 2924 2806 2923
f 2924 3040 2925
f 2925 2807 2924
f 2925 3041 2926
f 2926 2808 2925
f 2926 3042 2927
f 2927 2809 2926
f 2812 2928 3043
f 3043 2929 2812
f 2813 2929 3044
f 3044 2930 2813
f 2814 2930 3045
f 3045 2931 2814
f 2815 2931 3046
f 3046 2932 2815
f 2816 2932 3047
f 3047 2933 2816
f 2817 2933 3048
f 3048 2934 2817
f 2818 2934 3049
f 3049 2935 2818
f 2819 2935 3050
f 3050 2936 2819
f 2820 2936 3051
f 3051 2937 2820
f 2821 2937 3052
f 3052 2938 2821
f 2822 2938 3053
f 3053 2939 2822
f 2823 2939 3054
f 3054 2940 2823
f 2825 2997 2996
f 2996 2824 2825
f 2826 3055 2997
f 2997 2825 2826
f 2827 3056 3055
f 3055 2826 2827
f 2828 3057 3056
f 3056 2827 2828
f 2829 3058 3057
f 3057 2828 2829
f 2940 3059 3058
f 3058 2829 2940
f 2713 2941 3060
f 3060 2942 2713
f 2830 2942 3061
f 3061 2943 2830
f 2944 2945 2714
f 2714 2831 2944
f 2611 2832 3062
f 3062 2834 2611
f 2847 3060 2941
f 2941 2833 2847
f 2612 2834 3007
f 3007 2835 2612
f 2837 2836 2773
f 2773 3006 2837
f 2838 2837 3006
f 3006 3063 2838
f 2839 2838 3063
f 3063 3064 2839
f 2946 2839 3064
f 3064 3065 2946
f 2841 2840 3066
f 3066 3067 2841
f 2842 2841 3067
f 3067 3068 2842
f 2843 2842 3068
f 3068 3069 2843
f 2844 2843 3069
f 3069 3070 2844
f 2947 2844 3070
f 3070 3071 2947
f 2950 3072 2951
f 2951 2845 2950
f 2951 3073 2952
f 2952 2846 2951
f 2952 3074 3060
f 3060 2847 2952
f 3042 2953 2848
f 2848 2927 3042
f 2928 2849 2954
f 2954 3043 2928
f 3075 2955 2850
f 2850 2953 3075
f 2954 2851 2956
f 2956 3076 2954
f 3077 2957 2852
f 2852 2955 3077
f 2956 2853 2958
f 2958 3078 2956
f 3079 2959 2854
f 2854 2957 3079
f 2958 2855 2960
f 2960 3080 2958
f 3081 2961 2856
f 2856 2959 3081
f 2960 2857 2962
f 2962 3082 2960
f 3083 2963 2858
f 2858 2961 3083
f 2962 2859 2964
f 2964 3084 2962
f 3085 2965 2860
f 2860 2963 3085
f 2964 2861 2966
f 2966 3086 2964
f 3087 2967 2862
f 2862 2965 3087
f 2966 2863 2968
f 2968 3088 2966
f 3089 2969 2864
f 2864 2967 3089
f 2968 2865 2970
f 2970 3090 2968
f 3091 2971 2866
f 2866 2969 3091
f 2970 2867 2972
f 2972 3092 2970
f 3093 2973 2868
f 2868 2971 3093
f 2972 2869 2974
f 2974 3094 2972
f 3095 2975 2870
f 2870 2973 3095
f 2974 2871 2976
f 2976 3096 2974
f 3097 2977 2872
f 2872 2975 3097
f 2976 2873 2978
f 2978 2995 2976
f 3098 2979 2874
f 2874 2977 3098
f 3099 2980 2876
f 2876 2979 3099
f 3100 2981 2877
f 2877 2980 3100
f 3101 2982 2878
f 2878 2981 3101
f 3102 2983 2879
f 2879 2982 3102
f 3103 2984 2880
f 2880 2983 3103
f 3104 2985 2881
f 2881 2984 3104
f 3105 3000 2891
f 2891 2985 3105
f 3106 2986 2883
f 3107 3108 2987
f 2987 2986 3107
f 3108 3109 2882
f 2882 2987 3108
f 3109 3110 2988
f 2988 2882 3109
f 3110 3111 2989
f 2989 2988 3110
f 2989 3112 2760
f 617 2883 618
f 618 615 617
f 3113 2990 2760
f 2760 3112 3113
f 3114 3115 2991
f 2991 2990 3114
f 3115 3116 2992
f 2992 2991 3115
f 2992 3117 2993
f 2993 2885 2992
f 3117 2994 2761
f 2761 2993 3117
f 3096 2976 2995
f 2995 2994 3096
f 2658 3118 3119
f 3119 2999 2658
f 2999 3120 3121
f 3121 2998 2999
f 2998 832 870
f 2883 665 664
f 2998 793 832
f 2883 664 710
f 2998 3122 793
f 3122 2883 710
f 3122 753 793
f 3122 710 753
f 3123 3001 2892
f 2892 3000 3123
f 3124 3125 3002
f 3002 3001 3124
f 3002 3018 2903
f 2903 2893 3002
f 2895 2894 3068
f 3068 3067 2895
f 2896 2895 3067
f 3067 3066 2896
f 2897 2896 3066
f 3066 3065 2897
f 2898 2897 3065
f 3065 3064 2898
f 2899 2898 3064
f 3064 3063 2899
f 2772 2899 3063
f 3063 3006 2772
f 2901 2900 3012
f 3012 3126 2901
f 3013 2901 3126
f 3126 3127 3013
f 3014 2902 3016
f 3016 3128 3014
f 3129 3019 2904
f 2904 3018 3129
f 3130 3131 3020
f 3020 3019 3130
f 3020 3132 3021
f 3021 2905 3020
f 3021 3133 3022
f 3022 2906 3021
f 3022 3134 3023
f 3023 2907 3022
f 3023 3135 3024
f 3024 2908 3023
f 3024 3136 3025
f 3025 2909 3024
f 3025 3137 3026
f 3026 2910 3025
f 3026 3138 3027
f 3027 2911 3026
f 3027 3139 3028
f 3028 2912 3027
f 3028 3140 3029
f 3029 2913 3028
f 3029 3141 3030
f 3030 2914 3029
f 3030 3142 3031
f 3031 2915 3030
f 3031 3143 3032
f 3032 2916 3031
f 3032 3144 3033
f 3033 2917 3032
f 3033 3145 3034
f 3034 2918 3033
f 3034 3146 3035
f 3035 2919 3034
f 3035 3147 3036
f 3036 2920 3035
f 3036 3148 3037
f 3037 2921 3036
f 3037 3149 3038
f 3038 2922 3037
f 3038 3150 3039
f 3039 2923 3038
f 3039 3151 3040
f 3040 2924 3039
f 3041 3152 3042
f 3042 2926 3041
f 2929 3043 3153
f 3153 3044 2929
f 2930 3044 3154
f 3154 3045 2930
f 2931 3045 3155
f 3155 3046 2931
f 2932 3046 3156
f 3156 3047 2932
f 2933 3047 3157
f 3157 3048 2933
f 2934 3048 3158
f 3158 3049 2934
f 2935 3049 3159
f 3159 3050 2935
f 2936 3050 3160
f 3160 3051 2936
f 2937 3051 3161
f 3161 3052 2937
f 2938 3052 3162
f 3162 3053 2938
f 2939 3053 3163
f 3163 3054 2939
f 2940 3054 3164
f 3164 3059 2940
f 2944 2943 3165
f 3165 3166 2944
f 2945 2944 3166
f 3166 3167 2945
f 2832 2945 3167
f 3167 3062 2832
f 3065 3066 2840
f 2840 2946 3065
f 3071 3168 2948
f 2948 2947 3071
f 2949 2948 3168
f 3168 3128 2949
f 2950 2949 3128
f 3128 3016 2950
f 3072 2950 3016
f 3016 3015 3072
f 3072 3127 3073
f 3073 2951 3072
f 3073 3169 3074
f 3074 2952 3073
f 3152 3075 2953
f 2953 3042 3152
f 3043 2954 3076
f 3076 3153 3043
f 3076 2956 3078
f 3078 3170 3076
f 3171 3079 2957
f 2957 3077 3171
f 3078 2958 3080
f 3080 3172 3078
f 3173 3081 2959
f 2959 3079 3173
f 3080 2960 3082
f 3082 3174 3080
f 3175 3083 2961
f 2961 3081 3175
f 3082 2962 3084
f 3084 3176 3082
f 3177 3085 2963
f 2963 3083 3177
f 3084 2964 3086
f 3086 3178 3084
f 3179 3087 2965
f 2965 3085 3179
f 3086 2966 3088
f 3088 3180 3086
f 3181 3089 2967
f 2967 3087 3181
f 3088 2968 3090
f 3090 3182 3088
f 3183 3091 2969
f 2969 3089 3183
f 3090 2970 3092
f 3092 3184 3090
f 3185 3093 2971
f 2971 3091 3185
f 3092 2972 3094
f 3094 3186 3092
f 3187 3095 2973
f 2973 3093 3187
f 3094 2974 3096
f 3096 3188 3094
f 3189 3097 2975
f 2975 3095 3189
f 3190 3098 2977
f 2977 3097 3190
f 3191 3099 2979
f 2979 3098 3191
f 3192 3100 2980
f 2980 3099 3192
f 3193 3101 2981
f 2981 3100 3193
f 3194 3102 2982
f 2982 3101 3194
f 3195 3103 2983
f 2983 3102 3195
f 3196 3104 2984
f 2984 3103 3196
f 3197 3105 2985
f 2985 3104 3197
f 3198 3123 3000
f 3000 3105 3198
f 3199 3200 3106
f 3106 2883 3199
f 3200 3107 2986
f 2986 3106 3200
f 3201 3202 3108
f 3108 3107 3201
f 3202 3203 3109
f 3109 3108 3202
f 3203 3204 3110
f 3110 3109 3203
f 3204 3205 3111
f 3111 3110 3204
f 3111 3113 3112
f 3112 2989 3111
f 665 2883 617
f 617 616 665
f 3206 3114 2990
f 2990 3113 3206
f 3207 3208 3115
f 3115 3114 3207
f 3208 3186 3116
f 3116 3115 3208
f 3116 3188 3117
f 3117 2992 3116
f 3188 3096 2994
f 2994 3117 3188
f 2658 2997 3055
f 3055 3118 2658
f 3118 3055 3056
f 3056 3119 3118
f 3119 3209 2999
f 2999 3058 3059
f 3059 3120 2999
f 3059 3164 3121
f 3121 3120 3059
f 3121 3210 2998
f 2998 3211 3212
f 3212 3122 2998
f 3122 3213 3214
f 3214 2883 3122
f 3215 3124 3001
f 3001 3123 3215
f 3216 3217 3125
f 3125 3124 3216
f 3125 3129 3018
f 3018 3002 3125
f 3004 3003 3071
f 3071 3070 3004
f 3005 3004 3070
f 3070 3069 3005
f 2894 3005 3069
f 3069 3068 2894
f 3008 3007 2834
f 2834 3062 3008
f 3127 3072 3015
f 3015 3013 3127
f 3128 3168 3017
f 3017 3014 3128
f 3003 3017 3168
f 3168 3071 3003
f 3218 3130 3019
f 3019 3129 3218
f 3219 3220 3131
f 3131 3130 3219
f 3131 3221 3132
f 3132 3020 3131
f 3132 3222 3133
f 3133 3021 3132
f 3133 3223 3134
f 3134 3022 3133
f 3134 3224 3135
f 3135 3023 3134
f 3135 3225 3136
f 3136 3024 3135
f 3136 3226 3137
f 3137 3025 3136
f 3137 3227 3138
f 3138 3026 3137
f 3138 3228 3139
f 3139 3027 3138
f 3139 3229 3140
f 3140 3028 3139
f 3140 3230 3141
f 3141 3029 3140
f 3141 3231 3142
f 3142 3030 3141
f 3142 3232 3143
f 3143 3031 3142
f 3143 3233 3144
f 3144 3032 3143
f 3144 3234 3145
f 3145 3033 3144
f 3145 3235 3146
f 3146 3034 3145
f 3146 3236 3147
f 3147 3035 3146
f 3147 3237 3148
f 3148 3036 3147
f 3148 3238 3149
f 3149 3037 3148
f 3149 3239 3150
f 3150 3038 3149
f 3150 3240 3151
f 3151 3039 3150
f 3044 3153 3241
f 3241 3154 3044
f 3045 3154 3242
f 3242 3155 3045
f 3046 3155 3243
f 3243 3156 3046
f 3047 3156 3244
f 3244 3157 3047
f 3048 3157 3245
f 3245 3158 3048
f 3049 3158 3246
f 3246 3159 3049
f 3050 3159 3247
f 3247 3160 3050
f 3051 3160 3248
f 3248 3161 3051
f 3052 3161 3249
f 3249 3162 3052
f 3053 3162 3250
f 3250 3163 3053
f 3054 3163 3251
f 3251 3164 3054
f 2942 3060 3074
f 3074 3061 2942
f 3127 3126 3169
f 3169 3073 3127
f 3153 3076 3170
f 3170 3241 3153
f 3170 3078 3172
f 3172 3252 3170
f 3253 3173 3079
f 3079 3171 3253
f 3172 3080 3174
f 3174 3254 3172
f 3255 3175 3081
f 3081 3173 3255
f 3174 3082 3176
f 3176 3256 3174
f 3257 3177 3083
f 3083 3175 3257
f 3176 3084 3178
f 3178 3258 3176
f 3259 3179 3085
f 3085 3177 3259
f 3178 3086 3180
f 3180 3260 3178
f 3261 3181 3087
f 3087 3179 3261
f 3180 3088 3182
f 3182 3262 3180
f 3263 3183 3089
f 3089 3181 3263
f 3182 3090 3184
f 3184 3264 3182
f 3265 3185 3091
f 3091 3183 3265
f 3184 3092 3186
f 3186 3208 3184
f 3266 3187 3093
f 3093 3185 3266
f 3186 3094 3188
f 3188 3116 3186
f 3267 3189 3095
f 3095 3187 3267
f 3268 3190 3097
f 3097 3189 3268
f 3269 3191 3098
f 3098 3190 3269
f 3270 3192 3099
f 3099 3191 3270
f 3271 3193 3100
f 3100 3192 3271
f 3272 3194 3101
f 3101 3193 3272
f 3273 3195 3102
f 3102 3194 3273
f 3274 3196 3103
f 3103 3195 3274
f 3275 3197 3104
f 3104 3196 3275
f 3276 3198 3105
f 3105 3197 3276
f 3277 3215 3123
f 3123 3198 3277
f 3278 3199 2883
f 2883 3279 3278
f 3280 3281 3200
f 3200 3199 3280
f 3281 3201 3107
f 3107 3200 3281
f 3282 3283 3202
f 3202 3201 3282
f 3283 3284 3203
f 3203 3202 3283
f 3284 3285 3204
f 3204 3203 3284
f 3285 3286 3205
f 3205 3204 3285
f 3205 3206 3113
f 3113 3111 3205
f 3287 3207 3114
f 3114 3206 3287
f 3264 3184 3208
f 3208 3207 3264
f 3119 3056 3057
f 3057 3209 3119
f 3209 3057 3058
f 3058 2999 3209
f 3164 3251 3210
f 3210 3121 3164
f 3251 3288 2998
f 2998 3210 3251
f 3288 3289 3211
f 3211 2998 3288
f 3289 3290 3212
f 3212 3211 3289
f 3212 3291 3122
f 3292 3293 3213
f 3213 3122 3292
f 3293 3294 3214
f 3214 3213 3293
f 3214 3279 2883
f 3295 3216 3124
f 3124 3215 3295
f 3296 3297 3217
f 3217 3216 3296
f 3217 3218 3129
f 3129 3125 3217
f 3062 3167 3009
f 3009 3008 3062
f 3167 3166 3010
f 3010 3009 3167
f 3166 3165 3011
f 3011 3010 3166
f 3165 3298 3012
f 3012 3011 3165
f 3298 3169 3126
f 3126 3012 3298
f 3299 3219 3130
f 3130 3218 3299
f 3300 3301 3220
f 3220 3219 3300
f 3220 3302 3221
f 3221 3131 3220
f 3221 3303 3222
f 3222 3132 3221
f 3222 3304 3223
f 3223 3133 3222
f 3223 3305 3224
f 3224 3134 3223
f 3224 3306 3225
f 3225 3135 3224
f 3225 3307 3226
f 3226 3136 3225
f 3226 3308 3227
f 3227 3137 3226
f 3227 3309 3228
f 3228 3138 3227
f 3228 3310 3229
f 3229 3139 3228
f 3229 3311 3230
f 3230 3140 3229
f 3230 3312 3231
f 3231 3141 3230
f 3231 3313 3232
f 3232 3142 3231
f 3232 3314 3233
f 3233 3143 3232
f 3233 3315 3234
f 3234 3144 3233
f 3234 3316 3235
f 3235 3145 3234
f 3235 3317 3236
f 3236 3146 3235
f 3236 3318 3237
f 3237 3147 3236
f 3237 3319 3238
f 3238 3148 3237
f 3238 3320 3239
f 3239 3149 3238
f 3239 3321 3240
f 3240 3150 3239
f 3322 3240 3323
f 3324 3151 3240
f 3322 3325 3240
f 3326 3324 3240
f 3325 3327 3240
f 3327 3326 3240
f 3151 3324 3328
f 3329 3040 3330
f 3151 3328 3330
f 3040 3151 3330
f 3331 3332 3329
f 3330 3333 3329
f 3333 3331 3329
f 3332 3040 3329
f 3041 2925 3040
f 3334 3335 3041
f 3332 3334 3040
f 3334 3041 3040
f 3336 3337 3338
f 3339 3152 3338
f 3152 3041 3335
f 3152 3336 3338
f 3152 3335 3340
f 3152 3340 3336
f 3154 3241 3341
f 3341 3242 3154
f 3155 3242 3342
f 3342 3243 3155
f 3156 3243 3343
f 3343 3244 3156
f 3157 3244 3344
f 3344 3245 3157
f 3158 3245 3345
f 3345 3246 3158
f 3159 3246 3346
f 3346 3247 3159
f 3160 3247 3347
f 3347 3248 3160
f 3161 3248 3348
f 3348 3249 3161
f 3162 3249 3349
f 3349 3250 3162
f 3163 3250 3288
f 3288 3251 3163
f 3298 3165 2943
f 2943 3061 3298
f 3061 3074 3169
f 3169 3298 3061
f 3075 3350 3351
f 3339 3352 3353
f 3075 3353 3350
f 3075 3152 3339
f 3075 3339 3353
f 3241 3170 3252
f 3252 3341 3241
f 3075 3351 3354
f 3355 3356 3354
f 3356 3077 2955
f 2955 3075 3354
f 3356 2955 3354
f 3252 3172 3254
f 3254 3357 3252
f 3356 3171 3077
f 3358 3359 3171
f 3356 3360 3171
f 3360 3358 3171
f 3253 3361 3362
f 3363 3364 3365
f 3253 3365 3361
f 3253 3171 3359
f 3253 3363 3365
f 3253 3359 3363
f 3366 3255 3173
f 3173 3253 3366
f 3254 3174 3256
f 3256 3367 3254
f 3368 3257 3175
f 3175 3255 3368
f 3256 3176 3258
f 3258 3369 3256
f 3370 3259 3177
f 3177 3257 3370
f 3258 3178 3260
f 3260 3371 3258
f 3372 3261 3179
f 3179 3259 3372
f 3260 3180 3262
f 3262 3373 3260
f 3374 3263 3181
f 3181 3261 3374
f 3262 3182 3264
f 3264 3375 3262
f 3376 3265 3183
f 3183 3263 3376
f 3377 3266 3185
f 3185 3265 3377
f 3378 3267 3187
f 3187 3266 3378
f 3379 3268 3189
f 3189 3267 3379
f 3380 3269 3190
f 3190 3268 3380
f 3381 3270 3191
f 3191 3269 3381
f 3382 3271 3192
f 3192 3270 3382
f 3383 3272 3193
f 3193 3271 3383
f 3384 3273 3194
f 3194 3272 3384
f 3385 3274 3195
f 3195 3273 3385
f 3386 3275 3196
f 3196 3274 3386
f 3387 3276 3197
f 3197 3275 3387
f 3388 3277 3198
f 3198 3276 3388
f 3389 3295 3215
f 3215 3277 3389
f 3294 3278 3279
f 3279 3214 3294
f 3390 3280 3199
f 3199 3278 3390
f 3391 3392 3281
f 3281 3280 3391
f 3392 3282 3201
f 3201 3281 3392
f 3393 3394 3283
f 3283 3282 3393
f 3394 3395 3284
f 3284 3283 3394
f 3395 3396 3285
f 3285 3284 3395
f 3396 3397 3286
f 3286 3285 3396
f 3286 3287 3206
f 3206 3205 3286
f 3375 3264 3207
f 3207 3287 3375
f 3250 3349 3289
f 3289 3288 3250
f 3349 3398 3290
f 3290 3289 3349
f 3290 3399 3291
f 3291 3212 3290
f 3399 3292 3122
f 3122 3291 3399
f 3400 3401 3293
f 3293 3292 3400
f 3401 3402 3294
f 3294 3293 3401
f 3403 3296 3216
f 3216 3295 3403
f 3404 3405 3297
f 3297 3296 3404
f 3297 3299 3218
f 3218 3217 3297
f 3406 3300 3219
f 3219 3299 3406
f 3407 3408 3301
f 3301 3300 3407
f 3301 3409 3302
f 3302 3220 3301
f 3302 3410 3303
f 3303 3221 3302
f 3303 3411 3304
f 3304 3222 3303
f 3304 3412 3305
f 3305 3223 3304
f 3305 3413 3306
f 3306 3224 3305
f 3306 3414 3307
f 3307 3225 3306
f 3307 3415 3308
f 3308 3226 3307
f 3308 3416 3309
f 3309 3227 3308
f 3309 3417 3310
f 3310 3228 3309
f 3310 3418 3311
f 3311 3229 3310
f 3311 3419 3312
f 3312 3230 3311
f 3312 3420 3313
f 3313 3231 3312
f 3313 3421 3314
f 3314 3232 3313
f 3314 3422 3315
f 3315 3233 3314
f 3315 3423 3316
f 3316 3234 3315
f 3316 3424 3317
f 3317 3235 3316
f 3317 3425 3318
f 3318 3236 3317
f 3318 3426 3319
f 3319 3237 3318
f 3319 3427 3320
f 3320 3238 3319
f 3320 3428 3321
f 3321 3239 3320
f 3240 3429 3323
f 3321 3430 3431
f 3240 3431 3429
f 3240 3321 3431
f 3333 3328 3324
f 3326 3432 3324
f 3432 3333 3324
f 3328 3333 3330
f 3332 3331 3334
f 3336 3433 3337
f 3340 3433 3336
f 3242 3341 3434
f 3434 3342 3242
f 3243 3342 3435
f 3435 3343 3243
f 3244 3343 3436
f 3436 3344 3244
f 3245 3344 3437
f 3437 3345 3245
f 3246 3345 3438
f 3438 3346 3246
f 3247 3346 3439
f 3439 3347 3247
f 3248 3347 3440
f 3440 3348 3248
f 3249 3348 3398
f 3398 3349 3249
f 3352 3441 3353
f 3341 3252 3357
f 3357 3434 3341
f 3354 3442 3355
f 3443 3360 3356
f 3355 3442 3356
f 3442 3443 3356
f 3350 3441 3442
f 3354 3351 3442
f 3351 3350 3442
f 3357 3254 3367
f 3367 3444 3357
f 3360 3443 3358
f 3445 3253 3362
f 3446 3366 3253
f 3445 3447 3253
f 3447 3446 3253
f 3448 3368 3255
f 3255 3366 3448
f 3367 3256 3369
f 3369 3449 3367
f 3450 3370 3257
f 3257 3368 3450
f 3369 3258 3371
f 3371 3451 3369
f 3452 3372 3259
f 3259 3370 3452
f 3371 3260 3373
f 3373 3453 3371
f 3454 3374 3261
f 3261 3372 3454
f 3373 3262 3375
f 3375 3397 3373
f 3455 3376 3263
f 3263 3374 3455
f 3456 3377 3265
f 3265 3376 3456
f 3457 3378 3266
f 3266 3377 3457
f 3458 3379 3267
f 3267 3378 3458
f 3459 3380 3268
f 3268 3379 3459
f 3460 3381 3269
f 3269 3380 3460
f 3461 3382 3270
f 3270 3381 3461
f 3462 3383 3271
f 3271 3382 3462
f 3463 3384 3272
f 3272 3383 3463
f 3464 3385 3273
f 3273 3384 3464
f 3465 3386 3274
f 3274 3385 3465
f 3466 3387 3275
f 3275 3386 3466
f 3467 3388 3276
f 3276 3387 3467
f 3468 3389 3277
f 3277 3388 3468
f 3469 3403 3295
f 3295 3389 3469
f 3402 3390 3278
f 3278 3294 3402
f 3470 3391 3280
f 3280 3390 3470
f 3471 3472 3392
f 3392 3391 3471
f 3472 3393 3282
f 3282 3392 3472
f 3473 3474 3394
f 3394 3393 3473
f 3474 3475 3395
f 3395 3394 3474
f 3475 3453 3396
f 3396 3395 3475
f 3453 3373 3397
f 3397 3396 3453
f 3397 3375 3287
f 3287 3286 3397
f 3398 3476 3399
f 3399 3290 3398
f 3476 3400 3292
f 3292 3399 3476
f 3477 3478 3401
f 3401 3400 3477
f 3478 3479 3402
f 3402 3401 3478
f 3480 3404 3296
f 3296 3403 3480
f 3481 3482 3405
f 3405 3404 3481
f 3405 3406 3299
f 3299 3297 3405
f 3483 3407 3300
f 3300 3406 3483
f 3484 3485 3408
f 3408 3407 3484
f 3408 3486 3409
f 3409 3301 3408
f 3409 3487 3410
f 3410 3302 3409
f 3410 3488 3411
f 3411 3303 3410
f 3411 3489 3412
f 3412 3304 3411
f 3412 3490 3413
f 3413 3305 3412
f 3413 3491 3414
f 3414 3306 3413
f 3414 3492 3415
f 3415 3307 3414
f 3415 3493 3416
f 3416 3308 3415
f 3416 3494 3417
f 3417 3309 3416
f 3417 3495 3418
f 3418 3310 3417
f 3418 3496 3419
f 3419 3311 3418
f 3419 3497 3420
f 3420 3312 3419
f 3420 3498 3421
f 3421 3313 3420
f 3421 3499 3422
f 3422 3314 3421
f 3422 3500 3423
f 3423 3315 3422
f 3423 3501 3424
f 3424 3316 3423
f 3424 3502 3425
f 3425 3317 3424
f 3425 3503 3426
f 3426 3318 3425
f 3426 3504 3427
f 3427 3319 3426
f 3427 3505 3428
f 3428 3320 3427
f 3506 3321 3428
f 3507 3430 3321
f 3506 3508 3321
f 3508 3507 3321
f 3325 3509 3432
f 3432 3327 3325
f 3322 3509 3325
f 3327 3432 3326
f 3333 3510 3511
f 3511 3331 3333
f 3433 3512 3338
f 3338 3337 3433
f 3340 3331 3433
f 3335 3334 3331
f 3340 3335 3331
f 3342 3434 3513
f 3513 3435 3342
f 3343 3435 3514
f 3514 3436 3343
f 3344 3436 3515
f 3515 3437 3344
f 3345 3437 3516
f 3516 3438 3345
f 3346 3438 3517
f 3517 3439 3346
f 3347 3439 3477
f 3477 3440 3347
f 3348 3440 3476
f 3476 3398 3348
f 3339 3441 3352
f 3518 3519 3441
f 3339 3518 3441
f 3353 3441 3350
f 3434 3357 3444
f 3444 3513 3434
f 3444 3367 3449
f 3449 3520 3444
f 3521 3363 3359
f 3358 3443 3359
f 3443 3521 3359
f 3442 3522 3523
f 3523 3443 3442
f 3363 3521 3364
f 3364 3521 3524
f 3524 3365 3364
f 3446 3448 3366
f 3525 3526 3448
f 3446 3527 3448
f 3527 3525 3448
f 3528 3450 3368
f 3368 3448 3528
f 3449 3369 3451
f 3451 3529 3449
f 3530 3452 3370
f 3370 3450 3530
f 3451 3371 3453
f 3453 3475 3451
f 3531 3454 3372
f 3372 3452 3531
f 3532 3455 3374
f 3374 3454 3532
f 3533 3456 3376
f 3376 3455 3533
f 3534 3457 3377
f 3377 3456 3534
f 3535 3458 3378
f 3378 3457 3535
f 3536 3459 3379
f 3379 3458 3536
f 3537 3460 3380
f 3380 3459 3537
f 3538 3461 3381
f 3381 3460 3538
f 3539 3462 3382
f 3382 3461 3539
f 3540 3463 3383
f 3383 3462 3540
f 3541 3464 3384
f 3384 3463 3541
f 3542 3465 3385
f 3385 3464 3542
f 3543 3466 3386
f 3386 3465 3543
f 3544 3467 3387
f 3387 3466 3544
f 3545 3468 3388
f 3388 3467 3545
f 3546 3469 3389
f 3389 3468 3546
f 3547 3480 3403
f 3403 3469 3547
f 3479 3470 3390
f 3390 3402 3479
f 3548 3471 3391
f 3391 3470 3548
f 3549 3550 3472
f 3472 3471 3549
f 3550 3473 3393
f 3393 3472 3550
f 3551 3529 3474
f 3474 3473 3551
f 3529 3451 3475
f 3475 3474 3529
f 3440 3477 3400
f 3400 3476 3440
f 3439 3517 3478
f 3478 3477 3439
f 3517 3552 3479
f 3479 3478 3517
f 3553 3481 3404
f 3404 3480 3553
f 3554 3555 3482
f 3482 3481 3554
f 3482 3483 3406
f 3406 3405 3482
f 3556 3484 3407
f 3407 3483 3556
f 3557 3558 3485
f 3485 3484 3557
f 3485 3559 3486
f 3486 3408 3485
f 3486 3560 3487
f 3487 3409 3486
f 3487 3561 3488
f 3488 3410 3487
f 3488 3562 3489
f 3489 3411 3488
f 3489 3563 3490
f 3490 3412 3489
f 3490 3564 3491
f 3491 3413 3490
f 3491 3565 3492
f 3492 3414 3491
f 3492 3566 3493
f 3493 3415 3492
f 3493 3567 3494
f 3494 3416 3493
f 3494 3568 3495
f 3495 3417 3494
f 3495 3569 3496
f 3496 3418 3495
f 3496 3570 3497
f 3497 3419 3496
f 3497 3571 3498
f 3498 3420 3497
f 3498 3572 3499
f 3499 3421 3498
f 3499 3573 3500
f 3500 3422 3499
f 3500 3574 3501
f 3501 3423 3500
f 3501 3575 3502
f 3502 3424 3501
f 3502 3576 3503
f 3503 3425 3502
f 3503 3577 3504
f 3504 3426 3503
f 3504 3578 3505
f 3505 3427 3504
f 3579 3505 3580
f 3506 3428 3505
f 3581 3582 3506
f 3579 3581 3505
f 3581 3506 3505
f 3431 3583 3429
f 3509 3584 3585
f 3585 3432 3509
f 3322 3583 3509
f 3323 3429 3583
f 3322 3323 3583
f 3432 3585 3510
f 3510 3333 3432
f 3512 3433 3331
f 3331 3511 3512
f 3512 3518 3339
f 3339 3338 3512
f 3435 3513 3586
f 3586 3514 3435
f 3436 3514 3587
f 3587 3515 3436
f 3437 3515 3588
f 3588 3516 3437
f 3438 3516 3552
f 3552 3517 3438
f 3441 3519 3522
f 3522 3442 3441
f 3513 3444 3520
f 3520 3586 3513
f 3520 3449 3529
f 3529 3551 3520
f 3443 3523 3589
f 3589 3521 3443
f 3521 3589 3590
f 3590 3524 3521
f 3365 3524 3361
f 3591 3445 3362
f 3361 3524 3362
f 3524 3591 3362
f 3445 3591 3447
f 3528 3592 3593
f 3448 3526 3594
f 3528 3594 3592
f 3528 3448 3594
f 3595 3530 3450
f 3450 3528 3595
f 3596 3531 3452
f 3452 3530 3596
f 3597 3532 3454
f 3454 3531 3597
f 3598 3533 3455
f 3455 3532 3598
f 3599 3534 3456
f 3456 3533 3599
f 3600 3535 3457
f 3457 3534 3600
f 3601 3536 3458
f 3458 3535 3601
f 3602 3537 3459
f 3459 3536 3602
f 3603 3538 3460
f 3460 3537 3603
f 3604 3539 3461
f 3461 3538 3604
f 3605 3540 3462
f 3462 3539 3605
f 3606 3541 3463
f 3463 3540 3606
f 3607 3542 3464
f 3464 3541 3607
f 3608 3543 3465
f 3465 3542 3608
f 3609 3544 3466
f 3466 3543 3609
f 3610 3545 3467
f 3467 3544 3610
f 3611 3546 3468
f 3468 3545 3611
f 3612 3547 3469
f 3469 3546 3612
f 3613 3553 3480
f 3480 3547 3613
f 3552 3548 3470
f 3470 3479 3552
f 3588 3549 3471
f 3471 3548 3588
f 3587 3614 3550
f 3550 3549 3587
f 3614 3551 3473
f 3473 3550 3614
f 3615 3554 3481
f 3481 3553 3615
f 3616 3617 3555
f 3555 3554 3616
f 3555 3556 3483
f 3483 3482 3555
f 3618 3557 3484
f 3484 3556 3618
f 3619 3620 3558
f 3558 3557 3619
f 3558 3621 3559
f 3559 3485 3558
f 3559 3622 3560
f 3560 3486 3559
f 3560 3623 3561
f 3561 3487 3560
f 3561 3624 3562
f 3562 3488 3561
f 3562 3625 3563
f 3563 3489 3562
f 3563 3626 3564
f 3564 3490 3563
f 3564 3627 3565
f 3565 3491 3564
f 3565 3628 3566
f 3566 3492 3565
f 3566 3629 3567
f 3567 3493 3566
f 3567 3630 3568
f 3568 3494 3567
f 3568 3631 3569
f 3569 3495 3568
f 3569 3632 3570
f 3570 3496 3569
f 3570 3633 3571
f 3571 3497 3570
f 3571 3634 3572
f 3572 3498 3571
f 3572 3635 3573
f 3573 3499 3572
f 3573 3636 3574
f 3574 3500 3573
f 3574 3637 3575
f 3575 3501 3574
f 3575 3638 3576
f 3576 3502 3575
f 3576 3639 3577
f 3577 3503 3576
f 3577 3640 3578
f 3578 3504 3577
f 3578 3580 3505
f 3641 3642 3643
f 3578 3643 3580
f 3578 3644 3645
f 3578 3641 3643
f 3578 3645 3641
f 3508 3646 3647
f 3506 3582 3646
f 3508 3506 3646
f 3584 3509 3583
f 3583 3648 3584
f 3510 3649 3650
f 3650 3511 3510
f 3585 3651 3649
f 3649 3510 3585
f 3511 3650 3652
f 3652 3512 3511
f 3512 3652 3653
f 3653 3518 3512
f 3514 3586 3614
f 3614 3587 3514
f 3515 3587 3549
f 3549 3588 3515
f 3516 3588 3548
f 3548 3552 3516
f 3518 3653 3654
f 3654 3519 3518
f 3586 3520 3551
f 3551 3614 3586
f 3519 3654 3655
f 3655 3522 3519
f 3522 3655 3656
f 3656 3523 3522
f 3527 3591 3657
f 3446 3447 3591
f 3527 3446 3591
f 3527 3657 3525
f 3595 3658 3659
f 3528 3593 3660
f 3595 3661 3658
f 3528 3660 3662
f 3595 3662 3661
f 3595 3528 3662
f 3663 3596 3530
f 3530 3595 3663
f 3664 3597 3531
f 3531 3596 3664
f 3665 3598 3532
f 3532 3597 3665
f 3666 3599 3533
f 3533 3598 3666
f 3667 3600 3534
f 3534 3599 3667
f 3668 3601 3535
f 3535 3600 3668
f 3669 3602 3536
f 3536 3601 3669
f 3670 3603 3537
f 3537 3602 3670
f 3671 3604 3538
f 3538 3603 3671
f 3672 3605 3539
f 3539 3604 3672
f 3673 3606 3540
f 3540 3605 3673
f 3674 3607 3541
f 3541 3606 3674
f 3675 3608 3542
f 3542 3607 3675
f 3676 3609 3543
f 3543 3608 3676
f 3677 3610 3544
f 3544 3609 3677
f 3678 3611 3545
f 3545 3610 3678
f 3679 3612 3546
f 3546 3611 3679
f 3680 3613 3547
f 3547 3612 3680
f 3681 3615 3553
f 3553 3613 3681
f 3682 3616 3554
f 3554 3615 3682
f 3683 3684 3617
f 3617 3616 3683
f 3617 3618 3556
f 3556 3555 3617
f 3685 3619 3557
f 3557 3618 3685
f 3620 3619 3686
f 3620 3687 3621
f 3621 3558 3620
f 3621 3688 3622
f 3622 3559 3621
f 3622 3689 3623
f 3623 3560 3622
f 3623 3690 3624
f 3624 3561 3623
f 3624 3691 3625
f 3625 3562 3624
f 3625 3692 3626
f 3626 3563 3625
f 3626 3693 3627
f 3627 3564 3626
f 3627 3694 3628
f 3628 3565 3627
f 3628 3695 3629
f 3629 3566 3628
f 3629 3696 3630
f 3630 3567 3629
f 3630 3697 3631
f 3631 3568 3630
f 3631 3698 3632
f 3632 3569 3631
f 3632 3699 3633
f 3633 3570 3632
f 3633 3700 3634
f 3634 3571 3633
f 3634 3701 3635
f 3635 3572 3634
f 3635 3702 3636
f 3636 3573 3635
f 3636 3703 3637
f 3637 3574 3636
f 3637 3704 3638
f 3638 3575 3637
f 3638 3705 3639
f 3639 3576 3638
f 3639 3706 3640
f 3640 3577 3639
f 3640 3707 3644
f 3644 3578 3640
f 3508 3647 3507
f 3583 3431 3430
f 3507 3647 3430
f 3647 3583 3430
f 3584 3708 3651
f 3651 3585 3584
f 3648 3709 3708
f 3708 3584 3648
f 3523 3656 3710
f 3710 3589 3523
f 3524 3590 3711
f 3711 3591 3524
f 3589 3710 3712
f 3712 3590 3589
f 3657 3526 3525
f 3713 3594 3526
f 3657 3713 3526
f 3593 3714 3660
f 3592 3713 3714
f 3593 3592 3714
f 3594 3713 3592
f 3715 3663 3595
f 3595 3659 3715
f 3716 3664 3596
f 3596 3663 3716
f 3717 3665 3597
f 3597 3664 3717
f 3718 3666 3598
f 3598 3665 3718
f 3719 3667 3599
f 3599 3666 3719
f 3720 3668 3600
f 3600 3667 3720
f 3721 3669 3601
f 3601 3668 3721
f 3722 3670 3602
f 3602 3669 3722
f 3723 3671 3603
f 3603 3670 3723
f 3724 3672 3604
f 3604 3671 3724
f 3725 3673 3605
f 3605 3672 3725
f 3726 3674 3606
f 3606 3673 3726
f 3727 3675 3607
f 3607 3674 3727
f 3728 3676 3608
f 3608 3675 3728
f 3729 3677 3609
f 3609 3676 3729
f 3730 3678 3610
f 3610 3677 3730
f 3731 3679 3611
f 3611 3678 3731
f 3732 3680 3612
f 3612 3679 3732
f 3733 3681 3613
f 3613 3680 3733
f 3734 3682 3615
f 3615 3681 3734
f 3735 3683 3616
f 3616 3682 3735
f 3684 3683 3686
f 3684 3685 3618
f 3618 3617 3684
f 3619 3685 3686
f 3687 3620 3686
f 3687 3736 3688
f 3688 3621 3687
f 3688 3737 3689
f 3689 3622 3688
f 3689 3738 3690
f 3690 3623 3689
f 3690 3739 3691
f 3691 3624 3690
f 3691 3740 3692
f 3692 3625 3691
f 3692 3741 3693
f 3693 3626 3692
f 3693 3742 3694
f 3694 3627 3693
f 3694 3743 3695
f 3695 3628 3694
f 3695 3744 3696
f 3696 3629 3695
f 3696 3745 3697
f 3697 3630 3696
f 3697 3746 3698
f 3698 3631 3697
f 3698 3747 3699
f 3699 3632 3698
f 3699 3748 3700
f 3700 3633 3699
f 3700 3749 3701
f 3701 3634 3700
f 3701 3750 3702
f 3702 3635 3701
f 3702 3751 3703
f 3703 3636 3702
f 3703 3752 3704
f 3704 3637 3703
f 3704 3753 3705
f 3705 3638 3704
f 3705 3754 3706
f 3706 3639 3705
f 3706 3755 3707
f 3707 3640 3706
f 3756 3757 3758
f 3644 3707 3757
f 3759 3760 3644
f 3756 3761 3757
f 3761 3759 3644
f 3761 3644 3757
f 3762 3579 3580
f 3580 3643 3762
f 3579 3762 3646
f 3646 3581 3579
f 3581 3646 3582
f 3763 3764 3647
f 3647 3646 3763
f 3648 3583 3647
f 3647 3764 3648
f 3709 3648 3764
f 3764 3765 3709
f 3649 3766 3767
f 3767 3650 3649
f 3651 3768 3766
f 3766 3649 3651
f 3708 3769 3768
f 3768 3651 3708
f 3650 3767 3770
f 3770 3652 3650
f 3770 3771 3653
f 3653 3652 3770
f 3771 3772 3654
f 3654 3653 3771
f 3654 3772 3773
f 3773 3655 3654
f 3655 3773 3774
f 3774 3656 3655
f 3591 3711 3775
f 3775 3657 3591
f 3776 3659 3777
f 3757 3715 3659
f 3778 3758 3757
f 3776 3757 3659
f 3776 3778 3757
f 3779 3716 3663
f 3663 3715 3779
f 3780 3717 3664
f 3664 3716 3780
f 3781 3718 3665
f 3665 3717 3781
f 3782 3719 3666
f 3666 3718 3782
f 3783 3720 3667
f 3667 3719 3783
f 3784 3721 3668
f 3668 3720 3784
f 3785 3722 3669
f 3669 3721 3785
f 3786 3723 3670
f 3670 3722 3786
f 3787 3724 3671
f 3671 3723 3787
f 3788 3725 3672
f 3672 3724 3788
f 3789 3726 3673
f 3673 3725 3789
f 3790 3727 3674
f 3674 3726 3790
f 3791 3728 3675
f 3675 3727 3791
f 3792 3729 3676
f 3676 3728 3792
f 3793 3730 3677
f 3677 3729 3793
f 3794 3731 3678
f 3678 3730 3794
f 3795 3732 3679
f 3679 3731 3795
f 3796 3733 3680
f 3680 3732 3796
f 3797 3734 3681
f 3681 3733 3797
f 3798 3735 3682
f 3682 3734 3798
f 3683 3735 3686
f 3685 3684 3686
f 3736 3687 3686
f 3736 3799 3737
f 3737 3688 3736
f 3737 3800 3738
f 3738 3689 3737
f 3738 3801 3739
f 3739 3690 3738
f 3739 3802 3740
f 3740 3691 3739
f 3740 3803 3741
f 3741 3692 3740
f 3741 3804 3742
f 3742 3693 3741
f 3742 3805 3743
f 3743 3694 3742
f 3743 3806 3744
f 3744 3695 3743
f 3744 3807 3745
f 3745 3696 3744
f 3745 3808 3746
f 3746 3697 3745
f 3746 3809 3747
f 3747 3698 3746
f 3747 3810 3748
f 3748 3699 3747
f 3748 3811 3749
f 3749 3700 3748
f 3749 3812 3750
f 3750 3701 3749
f 3750 3813 3751
f 3751 3702 3750
f 3751 3814 3752
f 3752 3703 3751
f 3752 3815 3753
f 3753 3704 3752
f 3753 3816 3754
f 3754 3705 3753
f 3754 3817 3755
f 3755 3706 3754
f 3755 3818 3757
f 3757 3707 3755
f 3642 3819 3762
f 3762 3643 3642
f 3763 3646 3762
f 3762 3820 3763
f 3763 3821 3765
f 3765 3764 3763
f 3709 3822 3769
f 3769 3708 3709
f 3765 3823 3822
f 3822 3709 3765
f 3770 3824 3825
f 3825 3771 3770
f 3771 3825 3826
f 3826 3772 3771
f 3656 3774 3827
f 3827 3710 3656
f 3590 3712 3828
f 3828 3711 3590
f 3710 3827 3829
f 3829 3712 3710
f 3657 3775 3830
f 3830 3713 3657
f 3660 3714 3662
f 3713 3830 3831
f 3831 3714 3713
f 3818 3779 3715
f 3715 3757 3818
f 3832 3780 3716
f 3716 3779 3832
f 3833 3781 3717
f 3717 3780 3833
f 3834 3782 3718
f 3718 3781 3834
f 3835 3783 3719
f 3719 3782 3835
f 3836 3784 3720
f 3720 3783 3836
f 3837 3785 3721
f 3721 3784 3837
f 3838 3786 3722
f 3722 3785 3838
f 3839 3787 3723
f 3723 3786 3839
f 3840 3788 3724
f 3724 3787 3840
f 3841 3789 3725
f 3725 3788 3841
f 3842 3790 3726
f 3726 3789 3842
f 3843 3791 3727
f 3727 3790 3843
f 3844 3792 3728
f 3728 3791 3844
f 3845 3793 3729
f 3729 3792 3845
f 3846 3794 3730
f 3730 3793 3846
f 3847 3795 3731
f 3731 3794 3847
f 3848 3796 3732
f 3732 3795 3848
f 3849 3797 3733
f 3733 3796 3849
f 3850 3798 3734
f 3734 3797 3850
f 3735 3798 3686
f 3799 3736 3686
f 3799 3851 3800
f 3800 3737 3799
f 3800 3852 3801
f 3801 3738 3800
f 3801 3853 3802
f 3802 3739 3801
f 3802 3854 3803
f 3803 3740 3802
f 3803 3855 3804
f 3804 3741 3803
f 3804 3856 3805
f 3805 3742 3804
f 3805 3857 3806
f 3806 3743 3805
f 3806 3858 3807
f 3807 3744 3806
f 3807 3859 3808
f 3808 3745 3807
f 3808 3860 3809
f 3809 3746 3808
f 3809 3861 3810
f 3810 3747 3809
f 3810 3862 3811
f 3811 3748 3810
f 3811 3863 3812
f 3812 3749 3811
f 3812 3864 3813
f 3813 3750 3812
f 3813 3865 3814
f 3814 3751 3813
f 3814 3866 3815
f 3815 3752 3814
f 3815 3867 3816
f 3816 3753 3815
f 3816 3868 3817
f 3817 3754 3816
f 3817 3869 3818
f 3818 3755 3817
f 3645 3644 3760
f 3641 3819 3642
f 3819 3870 3820
f 3820 3762 3819
f 3820 3871 3821
f 3821 3763 3820
f 3823 3765 3821
f 3821 3872 3823
f 3766 3873 3874
f 3874 3767 3766
f 3875 3873 3766
f 3766 3768 3875
f 3769 3876 3875
f 3875 3768 3769
f 3822 3877 3876
f 3876 3769 3822
f 3767 3874 3824
f 3824 3770 3767
f 3772 3826 3878
f 3878 3773 3772
f 3773 3878 3879
f 3879 3774 3773
f 3711 3828 3880
f 3880 3775 3711
f 3775 3880 3881
f 3881 3830 3775
f 3662 3714 3882
f 3882 3661 3662
f 3776 3882 3883
f 3777 3884 3882
f 3776 3777 3882
f 3777 3659 3658
f 3658 3884 3777
f 3776 3883 3778
f 3869 3832 3779
f 3779 3818 3869
f 3885 3833 3780
f 3780 3832 3885
f 3886 3834 3781
f 3781 3833 3886
f 3887 3835 3782
f 3782 3834 3887
f 3888 3836 3783
f 3783 3835 3888
f 3889 3837 3784
f 3784 3836 3889
f 3890 3838 3785
f 3785 3837 3890
f 3891 3839 3786
f 3786 3838 3891
f 3892 3840 3787
f 3787 3839 3892
f 3893 3841 3788
f 3788 3840 3893
f 3894 3842 3789
f 3789 3841 3894
f 3895 3843 3790
f 3790 3842 3895
f 3896 3844 3791
f 3791 3843 3896
f 3897 3845 3792
f 3792 3844 3897
f 3898 3846 3793
f 3793 3845 3898
f 3899 3847 3794
f 3794 3846 3899
f 3900 3848 3795
f 3795 3847 3900
f 3901 3849 3796
f 3796 3848 3901
f 3902 3850 3797
f 3797 3849 3902
f 3798 3850 3686
f 3851 3799 3686
f 3851 3903 3852
f 3852 3800 3851
f 3852 3904 3853
f 3853 3801 3852
f 3853 3905 3854
f 3854 3802 3853
f 3854 3906 3855
f 3855 3803 3854
f 3855 3907 3856
f 3856 3804 3855
f 3856 3908 3857
f 3857 3805 3856
f 3857 3909 3858
f 3858 3806 3857
f 3858 3910 3859
f 3859 3807 3858
f 3859 3911 3860
f 3860 3808 3859
f 3860 3912 3861
f 3861 3809 3860
f 3861 3913 3862
f 3862 3810 3861
f 3862 3914 3863
f 3863 3811 3862
f 3863 3915 3864
f 3864 3812 3863
f 3864 3916 3865
f 3865 3813 3864
f 3865 3917 3866
f 3866 3814 3865
f 3866 3918 3867
f 3867 3815 3866
f 3867 3919 3868
f 3868 3816 3867
f 3868 3920 3869
f 3869 3817 3868
f 3756 3921 3922
f 3922 3761 3756
f 3761 3922 3759
f 3922 3760 3759
f 3819 3641 3645
f 3922 3645 3760
f 3922 3819 3645
f 3870 3819 3922
f 3922 3923 3870
f 3870 3924 3871
f 3871 3820 3870
f 3871 3925 3872
f 3872 3821 3871
f 3823 3926 3877
f 3877 3822 3823
f 3872 3927 3926
f 3926 3823 3872
f 3875 3928 3929
f 3929 3873 3875
f 3824 3930 3931
f 3931 3825 3824
f 3874 3932 3930
f 3930 3824 3874
f 3825 3931 3933
f 3933 3826 3825
f 3879 3934 3827
f 3827 3774 3879
f 3712 3829 3935
f 3935 3828 3712
f 3827 3934 3936
f 3936 3829 3827
f 3714 3831 3937
f 3937 3882 3714
f 3882 3884 3658
f 3658 3661 3882
f 3830 3881 3938
f 3938 3831 3830
f 3778 3883 3921
f 3921 3758 3778
f 3920 3885 3832
f 3832 3869 3920
f 3939 3886 3833
f 3833 3885 3939
f 3940 3887 3834
f 3834 3886 3940
f 3941 3888 3835
f 3835 3887 3941
f 3942 3889 3836
f 3836 3888 3942
f 3943 3890 3837
f 3837 3889 3943
f 3944 3891 3838
f 3838 3890 3944
f 3945 3892 3839
f 3839 3891 3945
f 3946 3893 3840
f 3840 3892 3946
f 3947 3894 3841
f 3841 3893 3947
f 3948 3895 3842
f 3842 3894 3948
f 3949 3896 3843
f 3843 3895 3949
f 3950 3897 3844
f 3844 3896 3950
f 3951 3898 3845
f 3845 3897 3951
f 3952 3899 3846
f 3846 3898 3952
f 3953 3900 3847
f 3847 3899 3953
f 3954 3901 3848
f 3848 3900 3954
f 3955 3902 3849
f 3849 3901 3955
f 3850 3902 3686
f 3903 3851 3686
f 3903 3956 3904
f 3904 3852 3903
f 3904 3957 3905
f 3905 3853 3904
f 3905 3958 3906
f 3906 3854 3905
f 3906 3959 3907
f 3907 3855 3906
f 3907 3960 3908
f 3908 3856 3907
f 3908 3961 3909
f 3909 3857 3908
f 3909 3962 3910
f 3910 3858 3909
f 3910 3963 3911
f 3911 3859 3910
f 3911 3964 3912
f 3912 3860 3911
f 3912 3965 3913
f 3913 3861 3912
f 3913 3966 3914
f 3914 3862 3913
f 3914 3967 3915
f 3915 3863 3914
f 3915 3968 3916
f 3916 3864 3915
f 3916 3969 3917
f 3917 3865 3916
f 3917 3970 3918
f 3918 3866 3917
f 3918 3971 3919
f 3919 3867 3918
f 3919 3972 3920
f 3920 3868 3919
f 3758 3921 3756
f 3921 3973 3923
f 3923 3922 3921
f 3923 3974 3924
f 3924 3870 3923
f 3924 3975 3925
f 3925 3871 3924
f 3927 3872 3925
f 3925 3976 3927
f 3873 3929 3932
f 3932 3874 3873
f 3876 3977 3928
f 3928 3875 3876
f 3877 3978 3977
f 3977 3876 3877
f 3926 3979 3978
f 3978 3877 3926
f 3826 3933 3980
f 3980 3878 3826
f 3878 3980 3981
f 3981 3879 3878
f 3879 3981 3982
f 3982 3934 3879
f 3828 3935 3983
f 3983 3880 3828
f 3880 3983 3984
f 3984 3881 3880
f 3882 3937 3985
f 3985 3883 3882
f 3883 3985 3973
f 3973 3921 3883
f 3972 3939 3885
f 3885 3920 3972
f 3986 3940 3886
f 3886 3939 3986
f 3987 3941 3887
f 3887 3940 3987
f 3988 3942 3888
f 3888 3941 3988
f 3989 3943 3889
f 3889 3942 3989
f 3990 3944 3890
f 3890 3943 3990
f 3991 3945 3891
f 3891 3944 3991
f 3992 3946 3892
f 3892 3945 3992
f 3993 3947 3893
f 3893 3946 3993
f 3994 3948 3894
f 3894 3947 3994
f 3995 3949 3895
f 3895 3948 3995
f 3996 3950 3896
f 3896 3949 3996
f 3997 3951 3897
f 3897 3950 3997
f 3998 3952 3898
f 3898 3951 3998
f 3999 3953 3899
f 3899 3952 3999
f 4000 3954 3900
f 3900 3953 4000
f 4001 3955 3901
f 3901 3954 4001
f 3902 3955 3686
f 3956 3903 3686
f 3956 4002 3957
f 3957 3904 3956
f 3957 4003 3958
f 3958 3905 3957
f 3958 4004 3959
f 3959 3906 3958
f 3959 4005 3960
f 3960 3907 3959
f 3960 4006 3961
f 3961 3908 3960
f 3961 4007 3962
f 3962 3909 3961
f 3962 4008 3963
f 3963 3910 3962
f 3963 4009 3964
f 3964 3911 3963
f 3964 4010 3965
f 3965 3912 3964
f 3965 4011 3966
f 3966 3913 3965
f 3966 4012 3967
f 3967 3914 3966
f 3967 4013 3968
f 3968 3915 3967
f 3968 4014 3969
f 3969 3916 3968
f 3969 4015 3970
f 3970 3917 3969
f 3970 4016 3971
f 3971 3918 3970
f 3971 4017 3972
f 3972 3919 3971
f 3974 3923 3973
f 3973 4018 3974
f 3974 4019 3975
f 3975 3924 3974
f 3975 4020 3976
f 3976 3925 3975
f 3927 4021 3979
f 3979 3926 3927
f 3976 4022 4021
f 4021 3927 3976
f 3928 4023 4024
f 4024 3929 3928
f 4025 4023 3928
f 3928 3977 4025
f 3930 4026 4027
f 4027 3931 3930
f 3932 4028 4026
f 4026 3930 3932
f 3929 4024 4028
f 4028 3932 3929
f 3931 4027 4029
f 4029 3933 3931
f 3829 3936 4030
f 4030 3935 3829
f 3934 3982 4031
f 4031 3936 3934
f 3831 3938 4032
f 4032 3937 3831
f 3881 3984 4033
f 4033 3938 3881
f 4017 3986 3939
f 3939 3972 4017
f 4034 3987 3940
f 3940 3986 4034
f 4035 3988 3941
f 3941 3987 4035
f 4036 3989 3942
f 3942 3988 4036
f 4037 3990 3943
f 3943 3989 4037
f 4038 3991 3944
f 3944 3990 4038
f 4039 3992 3945
f 3945 3991 4039
f 4040 3993 3946
f 3946 3992 4040
f 4041 3994 3947
f 3947 3993 4041
f 4042 3995 3948
f 3948 3994 4042
f 4043 3996 3949
f 3949 3995 4043
f 4044 3997 3950
f 3950 3996 4044
f 4045 3998 3951
f 3951 3997 4045
f 4046 3999 3952
f 3952 3998 4046
f 4047 4000 3953
f 3953 3999 4047
f 4048 4001 3954
f 3954 4000 4048
f 3955 4001 3686
f 4002 3956 3686
f 4002 4049 4003
f 4003 3957 4002
f 4003 4050 4004
f 4004 3958 4003
f 4004 4051 4005
f 4005 3959 4004
f 4005 4052 4006
f 4006 3960 4005
f 4006 4053 4007
f 4007 3961 4006
f 4007 4054 4008
f 4008 3962 4007
f 4008 4055 4009
f 4009 3963 4008
f 4009 4056 4010
f 4010 3964 4009
f 4010 4057 4011
f 4011 3965 4010
f 4011 4058 4012
f 4012 3966 4011
f 4012 4059 4013
f 4013 3967 4012
f 4013 4060 4014
f 4014 3968 4013
f 4014 4061 4015
f 4015 3969 4014
f 4015 4062 4016
f 4016 3970 4015
f 4016 4063 4017
f 4017 3971 4016
f 3985 4064 4018
f 4018 3973 3985
f 4018 4065 4019
f 4019 3974 4018
f 4019 4066 4020
f 4020 3975 4019
f 4022 3976 4020
f 4020 4067 4022
f 3978 4068 4025
f 4025 3977 3978
f 4025 4069 4070
f 4070 4023 4025
f 3979 4071 4068
f 4068 3978 3979
f 4021 4072 4071
f 4071 3979 4021
f 3933 4029 4073
f 4073 3980 3933
f 3980 4073 4074
f 4074 3981 3980
f 3981 4074 4075
f 4075 3982 3981
f 3935 4030 4076
f 4076 3983 3935
f 3983 4076 4077
f 4077 3984 3983
f 3937 4032 4064
f 4064 3985 3937
f 4063 4034 3986
f 3986 4017 4063
f 4078 4035 3987
f 3987 4034 4078
f 4079 4036 3988
f 3988 4035 4079
f 4080 4037 3989
f 3989 4036 4080
f 4081 4038 3990
f 3990 4037 4081
f 4082 4039 3991
f 3991 4038 4082
f 4083 4040 3992
f 3992 4039 4083
f 4084 4041 3993
f 3993 4040 4084
f 4085 4042 3994
f 3994 4041 4085
f 4086 4043 3995
f 3995 4042 4086
f 4087 4044 3996
f 3996 4043 4087
f 4088 4045 3997
f 3997 4044 4088
f 4089 4046 3998
f 3998 4045 4089
f 4090 4047 3999
f 3999 4046 4090
f 4091 4048 4000
f 4000 4047 4091
f 4001 4048 3686
f 4049 4002 3686
f 4049 4092 4050
f 4050 4003 4049
f 4050 4093 4051
f 4051 4004 4050
f 4051 4094 4052
f 4052 4005 4051
f 4052 4095 4053
f 4053 4006 4052
f 4053 4096 4054
f 4054 4007 4053
f 4054 4097 4055
f 4055 4008 4054
f 4055 4098 4056
f 4056 4009 4055
f 4056 4099 4057
f 4057 4010 4056
f 4057 4100 4058
f 4058 4011 4057
f 4058 4101 4059
f 4059 4012 4058
f 4059 4102 4060
f 4060 4013 4059
f 4060 4103 4061
f 4061 4014 4060
f 4061 4104 4062
f 4062 4015 4061
f 4062 4105 4063
f 4063 4016 4062
f 4065 4018 4064
f 4064 4106 4065
f 4065 4107 4066
f 4066 4019 4065
f 4022 4108 4072
f 4072 4021 4022
f 4068 4109 4069
f 4069 4025 4068
f 4075 4110 4031
f 4031 3982 4075
f 4105 4078 4034
f 4034 4063 4105
f 4111 4079 4035
f 4035 4078 4111
f 4112 4080 4036
f 4036 4079 4112
f 4113 4081 4037
f 4037 4080 4113
f 4114 4082 4038
f 4038 4081 4114
f 4115 4083 4039
f 4039 4082 4115
f 4116 4084 4040
f 4040 4083 4116
f 4117 4085 4041
f 4041 4084 4117
f 4118 4086 4042
f 4042 4085 4118
f 4119 4087 4043
f 4043 4086 4119
f 4120 4088 4044
f 4044 4087 4120
f 4121 4089 4045
f 4045 4088 4121
f 4122 4090 4046
f 4046 4089 4122
f 4123 4091 4047
f 4047 4090 4123
f 4048 4091 3686
f 4092 4049 3686
f 4092 4124 4093
f 4093 4050 4092
f 4093 4125 4094
f 4094 4051 4093
f 4094 4126 4095
f 4095 4052 4094
f 4095 4127 4096
f 4096 4053 4095
f 4096 4128 4097
f 4097 4054 4096
f 4097 4129 4098
f 4098 4055 4097
f 4098 4130 4099
f 4099 4056 4098
f 4099 4131 4100
f 4100 4057 4099
f 4100 4132 4101
f 4101 4058 4100
f 4101 4133 4102
f 4102 4059 4101
f 4102 4134 4103
f 4103 4060 4102
f 4103 4135 4104
f 4104 4061 4103
f 4104 4136 4105
f 4105 4062 4104
f 4106 4137 4107
f 4107 4065 4106
f 4067 4020 4066
f 4066 4138 4067
f 4138 4066 4107
f 4107 4139 4138
f 4108 4022 4067
f 4067 4140 4108
f 4140 4067 4138
f 4138 4141 4140
f 4071 4142 4109
f 4109 4068 4071
f 4143 4024 4023
f 4023 4070 4143
f 4069 4144 4145
f 4145 4070 4069
f 4109 4146 4144
f 4144 4069 4109
f 4072 4147 4142
f 4142 4071 4072
f 4108 4148 4147
f 4147 4072 4108
f 4149 4027 4026
f 4026 4150 4149
f 4150 4026 4028
f 4028 4151 4150
f 4151 4028 4024
f 4024 4143 4151
f 4152 4029 4027
f 4027 4149 4152
f 4029 4152 4153
f 4153 4073 4029
f 4073 4153 4154
f 4154 4074 4073
f 4074 4154 4155
f 4155 4075 4074
f 4156 4030 3936
f 3936 4031 4156
f 4075 4155 4157
f 4157 4110 4075
f 4031 4110 4158
f 4158 4156 4031
f 4030 4156 4159
f 4159 4076 4030
f 4076 4159 4160
f 4160 4077 4076
f 4161 4032 3938
f 3938 4033 4161
f 4162 4033 3984
f 3984 4077 4162
f 4136 4111 4078
f 4078 4105 4136
f 4163 4112 4079
f 4079 4111 4163
f 4164 4113 4080
f 4080 4112 4164
f 4165 4114 4081
f 4081 4113 4165
f 4166 4115 4082
f 4082 4114 4166
f 4167 4116 4083
f 4083 4115 4167
f 4168 4117 4084
f 4084 4116 4168
f 4169 4118 4085
f 4085 4117 4169
f 4170 4119 4086
f 4086 4118 4170
f 4171 4120 4087
f 4087 4119 4171
f 4172 4121 4088
f 4088 4120 4172
f 4173 4122 4089
f 4089 4121 4173
f 4174 4123 4090
f 4090 4122 4174
f 4091 4123 3686
f 4124 4092 3686
f 4124 4175 4125
f 4125 4093 4124
f 4125 4176 4126
f 4126 4094 4125
f 4126 4177 4127
f 4127 4095 4126
f 4127 4178 4128
f 4128 4096 4127
f 4128 4179 4129
f 4129 4097 4128
f 4129 4180 4130
f 4130 4098 4129
f 4130 4181 4131
f 4131 4099 4130
f 4131 4182 4132
f 4132 4100 4131
f 4132 4183 4133
f 4133 4101 4132
f 4133 4184 4134
f 4134 4102 4133
f 4134 4185 4135
f 4135 4103 4134
f 4135 4186 4136
f 4136 4104 4135
f 4106 4064 4032
f 4032 4161 4106
f 4137 4106 4161
f 4161 4187 4137
f 4137 4188 4139
f 4139 4107 4137
f 4139 4189 4141
f 4141 4138 4139
f 4140 4190 4148
f 4148 4108 4140
f 4141 4191 4190
f 4190 4140 4141
f 4070 4145 4192
f 4192 4143 4070
f 4142 4193 4146
f 4146 4109 4142
f 4150 4194 4195
f 4195 4149 4150
f 4151 4196 4194
f 4194 4150 4151
f 4143 4192 4196
f 4196 4151 4143
f 4149 4195 4197
f 4197 4152 4149
f 4033 4162 4187
f 4187 4161 4033
f 4077 4160 4198
f 4198 4162 4077
f 4186 4163 4111
f 4111 4136 4186
f 4199 4164 4112
f 4112 4163 4199
f 4200 4165 4113
f 4113 4164 4200
f 4201 4166 4114
f 4114 4165 4201
f 4202 4167 4115
f 4115 4166 4202
f 4203 4168 4116
f 4116 4167 4203
f 4204 4169 4117
f 4117 4168 4204
f 4205 4170 4118
f 4118 4169 4205
f 4206 4171 4119
f 4119 4170 4206
f 4207 4172 4120
f 4120 4171 4207
f 4208 4173 4121
f 4121 4172 4208
f 4209 4174 4122
f 4122 4173 4209
f 4123 4174 3686
f 4175 4124 3686
f 4175 4210 4176
f 4176 4125 4175
f 4176 4211 4177
f 4177 4126 4176
f 4177 4212 4178
f 4178 4127 4177
f 4178 4213 4179
f 4179 4128 4178
f 4179 4214 4180
f 4180 4129 4179
f 4180 4215 4181
f 4181 4130 4180
f 4181 4216 4182
f 4182 4131 4181
f 4182 4217 4183
f 4183 4132 4182
f 4183 4218 4184
f 4184 4133 4183
f 4184 4219 4185
f 4185 4134 4184
f 4185 4220 4186
f 4186 4135 4185
f 4187 4221 4188
f 4188 4137 4187
f 4188 4222 4189
f 4189 4139 4188
f 4191 4141 4189
f 4189 4223 4191
f 4147 4224 4193
f 4193 4142 4147
f 4144 4225 4226
f 4226 4145 4144
f 4146 4227 4225
f 4225 4144 4146
f 4193 4228 4227
f 4227 4146 4193
f 4148 4229 4224
f 4224 4147 4148
f 4190 4230 4229
f 4229 4148 4190
f 4152 4197 4231
f 4231 4153 4152
f 4153 4231 4232
f 4232 4154 4153
f 4154 4232 4233
f 4233 4155 4154
f 4155 4233 4234
f 4234 4157 4155
f 4110 4157 4235
f 4235 4158 4110
f 4156 4158 4236
f 4236 4159 4156
f 4159 4236 4237
f 4237 4160 4159
f 4220 4199 4163
f 4163 4186 4220
f 4238 4200 4164
f 4164 4199 4238
f 4239 4201 4165
f 4165 4200 4239
f 4240 4202 4166
f 4166 4201 4240
f 4241 4203 4167
f 4167 4202 4241
f 4242 4204 4168
f 4168 4203 4242
f 4243 4205 4169
f 4169 4204 4243
f 4244 4206 4170
f 4170 4205 4244
f 4245 4207 4171
f 4171 4206 4245
f 4246 4208 4172
f 4172 4207 4246
f 4247 4209 4173
f 4173 4208 4247
f 4174 4209 3686
f 4210 4175 3686
f 4210 4248 4211
f 4211 4176 4210
f 4211 4249 4212
f 4212 4177 4211
f 4212 4250 4213
f 4213 4178 4212
f 4213 4251 4214
f 4214 4179 4213
f 4214 4252 4215
f 4215 4180 4214
f 4215 4253 4216
f 4216 4181 4215
f 4216 4254 4217
f 4217 4182 4216
f 4217 4255 4218
f 4218 4183 4217
f 4218 4256 4219
f 4219 4184 4218
f 4219 4257 4220
f 4220 4185 4219
f 4221 4187 4162
f 4162 4198 4221
f 4221 4258 4222
f 4222 4188 4221
f 4222 4259 4223
f 4223 4189 4222
f 4191 4260 4230
f 4230 4190 4191
f 4223 4261 4260
f 4260 4191 4223
f 4145 4226 4262
f 4262 4192 4145
f 4224 4263 4228
f 4228 4193 4224
f 4194 4264 4265
f 4265 4195 4194
f 4196 4266 4264
f 4264 4194 4196
f 4192 4262 4266
f 4266 4196 4192
f 4195 4265 4267
f 4267 4197 4195
f 4160 4237 4268
f 4268 4198 4160
f 4257 4238 4199
f 4199 4220 4257
f 4269 4239 4200
f 4200 4238 4269
f 4270 4240 4201
f 4201 4239 4270
f 4271 4241 4202
f 4202 4240 4271
f 4272 4242 4203
f 4203 4241 4272
f 4273 4243 4204
f 4204 4242 4273
f 4274 4244 4205
f 4205 4243 4274
f 4275 4245 4206
f 4206 4244 4275
f 4276 4246 4207
f 4207 4245 4276
f 4277 4247 4208
f 4208 4246 4277
f 4209 4247 3686
f 4248 4210 3686
f 4248 4278 4249
f 4249 4211 4248
f 4249 4279 4250
f 4250 4212 4249
f 4250 4280 4251
f 4251 4213 4250
f 4251 4281 4252
f 4252 4214 4251
f 4252 4282 4253
f 4253 4215 4252
f 4253 4283 4254
f 4254 4216 4253
f 4254 4284 4255
f 4255 4217 4254
f 4255 4285 4256
f 4256 4218 4255
f 4256 4286 4257
f 4257 4219 4256
f 4198 4268 4258
f 4258 4221 4198
f 4258 4287 4259
f 4259 4222 4258
f 4261 4223 4259
f 4259 4288 4261
f 4229 4289 4263
f 4263 4224 4229
f 4225 4290 4291
f 4291 4226 4225
f 4227 4292 4290
f 4290 4225 4227
f 4228 4293 4292
f 4292 4227 4228
f 4263 4294 4293
f 4293 4228 4263
f 4230 4295 4289
f 4289 4229 4230
f 4260 4296 4295
f 4295 4230 4260
f 4197 4267 4297
f 4297 4231 4197
f 4231 4297 4298
f 4298 4232 4231
f 4232 4298 4299
f 4299 4233 4232
f 4157 4234 4300
f 4300 4235 4157
f 4233 4299 4301
f 4301 4234 4233
f 4158 4235 4302
f 4302 4236 4158
f 4236 4302 4303
f 4303 4237 4236
f 4286 4269 4238
f 4238 4257 4286
f 4304 4270 4239
f 4239 4269 4304
f 4305 4271 4240
f 4240 4270 4305
f 4306 4272 4241
f 4241 4271 4306
f 4307 4273 4242
f 4242 4272 4307
f 4308 4274 4243
f 4243 4273 4308
f 4309 4275 4244
f 4244 4274 4309
f 4310 4276 4245
f 4245 4275 4310
f 4311 4277 4246
f 4246 4276 4311
f 4247 4277 3686
f 4278 4248 3686
f 4278 4312 4279
f 4279 4249 4278
f 4279 4313 4280
f 4280 4250 4279
f 4280 4314 4281
f 4281 4251 4280
f 4281 4315 4282
f 4282 4252 4281
f 4282 4316 4283
f 4283 4253 4282
f 4283 4317 4284
f 4284 4254 4283
f 4284 4318 4285
f 4285 4255 4284
f 4285 4319 4286
f 4286 4256 4285
f 4268 4320 4287
f 4287 4258 4268
f 4287 4321 4288
f 4288 4259 4287
f 4261 4322 4296
f 4296 4260 4261
f 4288 4323 4322
f 4322 4261 4288
f 4226 4291 4324
f 4324 4262 4226
f 4289 4325 4294
f 4294 4263 4289
f 4264 4326 4327
f 4327 4265 4264
f 4266 4328 4326
f 4326 4264 4266
f 4262 4324 4328
f 4328 4266 4262
f 4265 4327 4329
f 4329 4267 4265
f 4237 4303 4320
f 4320 4268 4237
f 4319 4304 4269
f 4269 4286 4319
f 4330 4305 4270
f 4270 4304 4330
f 4331 4306 4271
f 4271 4305 4331
f 4332 4307 4272
f 4272 4306 4332
f 4333 4308 4273
f 4273 4307 4333
f 4334 4309 4274
f 4274 4308 4334
f 4335 4310 4275
f 4275 4309 4335
f 4336 4311 4276
f 4276 4310 4336
f 4277 4311 3686
f 4312 4278 3686
f 4312 4337 4313
f 4313 4279 4312
f 4313 4338 4314
f 4314 4280 4313
f 4314 4339 4315
f 4315 4281 4314
f 4315 4340 4316
f 4316 4282 4315
f 4316 4341 4317
f 4317 4283 4316
f 4317 4342 4318
f 4318 4284 4317
f 4318 4343 4319
f 4319 4285 4318
f 4320 4344 4321
f 4321 4287 4320
f 4323 4288 4321
f 4321 4345 4323
f 4295 4346 4325
f 4325 4289 4295
f 4290 4347 4348
f 4348 4291 4290
f 4292 4349 4347
f 4347 4290 4292
f 4293 4350 4349
f 4349 4292 4293
f 4294 4351 4350
f 4350 4293 4294
f 4325 4352 4351
f 4351 4294 4325
f 4296 4353 4346
f 4346 4295 4296
f 4322 4354 4353
f 4353 4296 4322
f 4267 4329 4355
f 4355 4297 4267
f 4297 4355 4356
f 4356 4298 4297
f 4298 4356 4357
f 4357 4299 4298
f 4234 4301 4358
f 4358 4300 4234
f 4235 4300 4359
f 4359 4302 4235
f 4299 4357 4360
f 4360 4301 4299
f 4302 4359 4361
f 4361 4303 4302
f 4343 4330 4304
f 4304 4319 4343
f 4362 4331 4305
f 4305 4330 4362
f 4363 4332 4306
f 4306 4331 4363
f 4364 4333 4307
f 4307 4332 4364
f 4365 4334 4308
f 4308 4333 4365
f 4366 4335 4309
f 4309 4334 4366
f 4367 4336 4310
f 4310 4335 4367
f 4311 4336 3686
f 4337 4312 3686
f 4337 4368 4338
f 4338 4313 4337
f 4338 4369 4339
f 4339 4314 4338
f 4339 4370 4340
f 4340 4315 4339
f 4340 4371 4341
f 4341 4316 4340
f 4341 4372 4342
f 4342 4317 4341
f 4342 4373 4343
f 4343 4318 4342
f 4303 4361 4344
f 4344 4320 4303
f 4344 4374 4345
f 4345 4321 4344
f 4323 4375 4354
f 4354 4322 4323
f 4345 4376 4375
f 4375 4323 4345
f 4291 4348 4377
f 4377 4324 4291
f 4346 4378 4352
f 4352 4325 4346
f 4328 4379 4380
f 4380 4326 4328
f 4326 4380 4381
f 4381 4327 4326
f 4324 4377 4379
f 4379 4328 4324
f 4327 4381 4382
f 4382 4329 4327
f 4373 4362 4330
f 4330 4343 4373
f 4383 4363 4331
f 4331 4362 4383
f 4384 4364 4332
f 4332 4363 4384
f 4385 4365 4333
f 4333 4364 4385
f 4386 4366 4334
f 4334 4365 4386
f 4387 4367 4335
f 4335 4366 4387
f 4336 4367 3686
f 4368 4337 3686
f 4368 4388 4369
f 4369 4338 4368
f 4369 4389 4370
f 4370 4339 4369
f 4370 4390 4371
f 4371 4340 4370
f 4371 4391 4372
f 4372 4341 4371
f 4372 4392 4373
f 4373 4342 4372
f 4361 4393 4374
f 4374 4344 4361
f 4376 4345 4374
f 4374 4394 4376
f 4353 4395 4378
f 4378 4346 4353
f 4347 4396 4397
f 4397 4348 4347
f 4349 4398 4396
f 4396 4347 4349
f 4350 4399 4398
f 4398 4349 4350
f 4351 4400 4399
f 4399 4350 4351
f 4352 4401 4400
f 4400 4351 4352
f 4378 4402 4401
f 4401 4352 4378
f 4354 4403 4395
f 4395 4353 4354
f 4375 4404 4403
f 4403 4354 4375
f 4329 4382 4405
f 4405 4355 4329
f 4355 4405 4406
f 4406 4356 4355
f 4356 4406 4407
f 4407 4357 4356
f 4300 4358 4408
f 4408 4359 4300
f 4301 4360 4409
f 4409 4358 4301
f 4357 4407 4410
f 4410 4360 4357
f 4359 4408 4393
f 4393 4361 4359
f 4392 4383 4362
f 4362 4373 4392
f 4411 4384 4363
f 4363 4383 4411
f 4412 4385 4364
f 4364 4384 4412
f 4413 4386 4365
f 4365 4385 4413
f 4414 4387 4366
f 4366 4386 4414
f 4367 4387 3686
f 4388 4368 3686
f 4388 4415 4389
f 4389 4369 4388
f 4389 4416 4390
f 4390 4370 4389
f 4390 4417 4391
f 4391 4371 4390
f 4391 4418 4392
f 4392 4372 4391
f 4393 4419 4394
f 4394 4374 4393
f 4376 4420 4404
f 4404 4375 4376
f 4394 4421 4420
f 4420 4376 4394
f 4348 4397 4422
f 4422 4377 4348
f 4395 4423 4402
f 4402 4378 4395
f 4379 4424 4425
f 4425 4380 4379
f 4377 4422 4424
f 4424 4379 4377
f 4380 4425 4426
f 4426 4381 4380
f 4381 4426 4427
f 4427 4382 4381
f 4418 4411 4383
f 4383 4392 4418
f 4428 4412 4384
f 4384 4411 4428
f 4429 4413 4385
f 4385 4412 4429
f 4430 4414 4386
f 4386 4413 4430
f 4387 4414 3686
f 4415 4388 3686
f 4415 4431 4416
f 4416 4389 4415
f 4416 4432 4417
f 4417 4390 4416
f 4417 4433 4418
f 4418 4391 4417
f 4408 4434 4419
f 4419 4393 4408
f 4421 4394 4419
f 4419 4435 4421
f 4403 4436 4423
f 4423 4395 4403
f 4398 4437 4438
f 4438 4396 4398
f 4396 4438 4439
f 4439 4397 4396
f 4399 4440 4437
f 4437 4398 4399
f 4400 4441 4440
f 4440 4399 4400
f 4401 4442 4441
f 4441 4400 4401
f 4402 4443 4442
f 4442 4401 4402
f 4423 4444 4443
f 4443 4402 4423
f 4404 4445 4436
f 4436 4403 4404
f 4420 4446 4445
f 4445 4404 4420
f 4382 4427 4447
f 4447 4405 4382
f 4405 4447 4448
f 4448 4406 4405
f 4406 4448 4449
f 4449 4407 4406
f 4358 4409 4434
f 4434 4408 4358
f 4360 4410 4450
f 4450 4409 4360
f 4407 4449 4451
f 4451 4410 4407
f 4433 4428 4411
f 4411 4418 4433
f 4452 4429 4412
f 4412 4428 4452
f 4453 4430 4413
f 4413 4429 4453
f 4414 4430 3686
f 4431 4415 3686
f 4431 4454 4432
f 4432 4416 4431
f 4432 4455 4433
f 4433 4417 4432
f 4434 4456 4435
f 4435 4419 4434
f 4421 4457 4446
f 4446 4420 4421
f 4435 4458 4457
f 4457 4421 4435
f 4397 4439 4459
f 4459 4422 4397
f 4436 4460 4444
f 4444 4423 4436
f 4424 4461 4462
f 4462 4425 4424
f 4422 4459 4461
f 4461 4424 4422
f 4425 4462 4463
f 4463 4426 4425
f 4426 4463 4464
f 4464 4427 4426
f 4455 4452 4428
f 4428 4433 4455
f 4465 4453 4429
f 4429 4452 4465
f 4430 4453 3686
f 4454 4431 3686
f 4454 4466 4455
f 4455 4432 4454
f 4409 4450 4456
f 4456 4434 4409
f 4458 4435 4456
f 4456 4467 4458
f 4445 4468 4460
f 4460 4436 4445
f 4437 4469 4470
f 4470 4438 4437
f 4440 4471 4469
f 4469 4437 4440
f 4438 4470 4472
f 4472 4439 4438
f 4441 4473 4471
f 4471 4440 4441
f 4442 4474 4473
f 4473 4441 4442
f 4443 4475 4474
f 4474 4442 4443
f 4444 4476 4475
f 4475 4443 4444
f 4460 4477 4476
f 4476 4444 4460
f 4446 4478 4468
f 4468 4445 4446
f 4457 4479 4478
f 4478 4446 4457
f 4427 4464 4480
f 4480 4447 4427
f 4447 4480 4481
f 4481 4448 4447
f 4448 4481 4482
f 4482 4449 4448
f 4410 4451 4483
f 4483 4450 4410
f 4449 4482 4484
f 4484 4451 4449
f 4466 4465 4452
f 4452 4455 4466
f 4453 4465 3686
f 4466 4454 3686
f 4450 4483 4467
f 4467 4456 4450
f 4458 4485 4479
f 4479 4457 4458
f 4467 4486 4485
f 4485 4458 4467
f 4439 4472 4487
f 4487 4459 4439
f 4468 4488 4477
f 4477 4460 4468
f 4461 4489 4490
f 4490 4462 4461
f 4459 4487 4489
f 4489 4461 4459
f 4462 4490 4491
f 4491 4463 4462
f 4463 4491 4492
f 4492 4464 4463
f 4465 4466 3686
f 4486 4467 4483
f 4483 4493 4486
f 4478 4494 4488
f 4488 4468 4478
f 4469 4495 4496
f 4496 4470 4469
f 4471 4497 4495
f 4495 4469 4471
f 4473 4498 4497
f 4497 4471 4473
f 4470 4496 4499
f 4499 4472 4470
f 4474 4500 4498
f 4498 4473 4474
f 4475 4501 4500
f 4500 4474 4475
f 4476 4502 4501
f 4501 4475 4476
f 4477 4503 4502
f 4502 4476 4477
f 4488 4504 4503
f 4503 4477 4488
f 4479 4505 4494
f 4494 4478 4479
f 4485 4506 4505
f 4505 4479 4485
f 4464 4492 4507
f 4507 4480 4464
f 4480 4507 4508
f 4508 4481 4480
f 4481 4508 4509
f 4509 4482 4481
f 4451 4484 4493
f 4493 4483 4451
f 4482 4509 4510
f 4510 4484 4482
f 4486 4511 4506
f 4506 4485 4486
f 4493 4512 4511
f 4511 4486 4493
f 4472 4499 4513
f 4513 4487 4472
f 4494 4514 4504
f 4504 4488 4494
f 4487 4513 4515
f 4515 4489 4487
f 4489 4515 4516
f 4516 4490 4489
f 4490 4516 4517
f 4517 4491 4490
f 4491 4517 4518
f 4518 4492 4491
f 4512 4493 4484
f 4484 4510 4512
f 4505 4519 4514
f 4514 4494 4505
f 4495 4520 4521
f 4521 4496 4495
f 4497 4522 4520
f 4520 4495 4497
f 4498 4523 4522
f 4522 4497 4498
f 4500 4524 4523
f 4523 4498 4500
f 4496 4521 4525
f 4525 4499 4496
f 4501 4526 4524
f 4524 4500 4501
f 4502 4527 4526
f 4526 4501 4502
f 4503 4528 4527
f 4527 4502 4503
f 4504 4529 4528
f 4528 4503 4504
f 4514 4530 4529
f 4529 4504 4514
f 4506 4531 4519
f 4519 4505 4506
f 4511 4532 4531
f 4531 4506 4511
f 4492 4518 4533
f 4533 4507 4492
f 4507 4533 4534
f 4534 4508 4507
f 4508 4534 4535
f 4535 4509 4508
f 4509 4535 4536
f 4536 4510 4509
f 4512 4537 4532
f 4532 4511 4512
f 4510 4536 4537
f 4537 4512 4510
f 4499 4525 4538
f 4538 4513 4499
f 4519 4539 4530
f 4530 4514 4519
f 4513 4538 4540
f 4540 4515 4513
f 4515 4540 4541
f 4541 4516 4515
f 4516 4541 4542
f 4542 4517 4516
f 4517 4542 4543
f 4543 4518 4517
f 4531 4544 4539
f 4539 4519 4531
f 4520 4545 4546
f 4546 4521 4520
f 4522 4547 4545
f 4545 4520 4522
f 4523 4548 4547
f 4547 4522 4523
f 4524 4549 4548
f 4548 4523 4524
f 4526 4550 4549
f 4549 4524 4526
f 4521 4546 4551
f 4551 4525 4521
f 4527 4552 4550
f 4550 4526 4527
f 4528 4553 4552
f 4552 4527 4528
f 4529 4554 4553
f 4553 4528 4529
f 4530 4555 4554
f 4554 4529 4530
f 4539 4556 4555
f 4555 4530 4539
f 4532 4557 4544
f 4544 4531 4532
f 4537 4558 4557
f 4557 4532 4537
f 4518 4543 4559
f 4559 4533 4518
f 4533 4559 4560
f 4560 4534 4533
f 4534 4560 4561
f 4561 4535 4534
f 4535 4561 4562
f 4562 4536 4535
f 4536 4562 4558
f 4558 4537 4536
f 4525 4551 4563
f 4563 4538 4525
f 4544 4564 4556
f 4556 4539 4544
f 4538 4563 4565
f 4565 4540 4538
f 4540 4565 4566
f 4566 4541 4540
f 4541 4566 4567
f 4567 4542 4541
f 4542 4567 4568
f 4568 4543 4542
f 4557 4569 4564
f 4564 4544 4557
f 4547 4570 4571
f 4571 4545 4547
f 4545 4571 4572
f 4572 4546 4545
f 4548 4573 4570
f 4570 4547 4548
f 4549 4574 4573
f 4573 4548 4549
f 4550 4575 4574
f 4574 4549 4550
f 4552 4576 4575
f 4575 4550 4552
f 4546 4572 4577
f 4577 4551 4546
f 4553 4578 4576
f 4576 4552 4553
f 4554 4579 4578
f 4578 4553 4554
f 4555 4580 4579
f 4579 4554 4555
f 4556 4581 4580
f 4580 4555 4556
f 4564 4582 4581
f 4581 4556 4564
f 4558 4583 4569
f 4569 4557 4558
f 4562 4584 4583
f 4583 4558 4562
f 4543 4568 4585
f 4585 4559 4543
f 4559 4585 4586
f 4586 4560 4559
f 4560 4586 4587
f 4587 4561 4560
f 4561 4587 4584
f 4584 4562 4561
f 4551 4577 4588
f 4588 4563 4551
f 4569 4589 4582
f 4582 4564 4569
f 4563 4588 4590
f 4590 4565 4563
f 4565 4590 4591
f 4591 4566 4565
f 4566 4591 4592
f 4592 4567 4566
f 4567 4592 4593
f 4593 4568 4567
f 4583 4594 4589
f 4589 4569 4583
f 4573 4595 4596
f 4596 4570 4573
f 4570 4596 4597
f 4597 4571 4570
f 4571 4597 4598
f 4598 4572 4571
f 4574 4599 4595
f 4595 4573 4574
f 4575 4600 4599
f 4599 4574 4575
f 4576 4601 4600
f 4600 4575 4576
f 4578 4602 4601
f 4601 4576 4578
f 4572 4598 4603
f 4603 4577 4572
f 4579 4604 4602
f 4602 4578 4579
f 4580 4605 4604
f 4604 4579 4580
f 4581 4606 4605
f 4605 4580 4581
f 4582 4607 4606
f 4606 4581 4582
f 4589 4608 4607
f 4607 4582 4589
f 4584 4609 4594
f 4594 4583 4584
f 4587 4610 4609
f 4609 4584 4587
f 4568 4593 4611
f 4611 4585 4568
f 4585 4611 4612
f 4612 4586 4585
f 4586 4612 4610
f 4610 4587 4586
f 4577 4603 4613
f 4613 4588 4577
f 4594 4614 4608
f 4608 4589 4594
f 4588 4613 4615
f 4615 4590 4588
f 4590 4615 4616
f 4616 4591 4590
f 4591 4616 4617
f 4617 4592 4591
f 4592 4617 4618
f 4618 4593 4592
f 4609 4619 4614
f 4614 4594 4609
f 4599 4620 4621
f 4621 4595 4599
f 4595 4621 4622
f 4622 4596 4595
f 4596 4622 4623
f 4623 4597 4596
f 4597 4623 4624
f 4624 4598 4597
f 4600 4625 4620
f 4620 4599 4600
f 4601 4626 4625
f 4625 4600 4601
f 4602 4627 4626
f 4626 4601 4602
f 4604 4628 4627
f 4627 4602 4604
f 4598 4624 4629
f 4629 4603 4598
f 4605 4630 4628
f 4628 4604 4605
f 4606 4631 4630
f 4630 4605 4606
f 4607 4632 4631
f 4631 4606 4607
f 4608 4633 4632
f 4632 4607 4608
f 4614 4634 4633
f 4633 4608 4614
f 4610 4635 4619
f 4619 4609 4610
f 4612 4636 4635
f 4635 4610 4612
f 4593 4618 4637
f 4637 4611 4593
f 4611 4637 4636
f 4636 4612 4611
f 4603 4629 4638
f 4638 4613 4603
f 4619 4639 4634
f 4634 4614 4619
f 4613 4638 4640
f 4640 4615 4613
f 4615 4640 4641
f 4641 4616 4615
f 4616 4641 4642
f 4642 4617 4616
f 4617 4642 4643
f 4643 4618 4617
f 4635 4644 4639
f 4639 4619 4635
f 4645 4646 4621
f 4621 4620 4645
f 4625 4647 4645
f 4645 4620 4625
f 4621 4646 4648
f 4648 4622 4621
f 4622 4648 4649
f 4649 4623 4622
f 4623 4649 4650
f 4650 4624 4623
f 4626 4651 4647
f 4647 4625 4626
f 4627 4652 4651
f 4651 4626 4627
f 4628 4653 4652
f 4652 4627 4628
f 4630 4654 4653
f 4653 4628 4630
f 4624 4650 4655
f 4655 4629 4624
f 4631 4656 4654
f 4654 4630 4631
f 4657 4656 4631
f 4631 4632 4657
f 4633 4658 4657
f 4657 4632 4633
f 4634 4659 4658
f 4658 4633 4634
f 4639 4660 4659
f 4659 4634 4639
f 4636 4661 4644
f 4644 4635 4636
f 4637 4662 4661
f 4661 4636 4637
f 4618 4643 4662
f 4662 4637 4618
f 4629 4655 4663
f 4663 4638 4629
f 4644 4664 4660
f 4660 4639 4644
f 4645 4665 4666
f 4666 4646 4645
f 4657 4667 4668
f 4668 4656 4657
f 4638 4663 4669
f 4669 4640 4638
f 4640 4669 4670
f 4670 4641 4640
f 4641 4670 4671
f 4671 4642 4641
f 4642 4671 4672
f 4672 4643 4642
f 4661 4673 4664
f 4664 4644 4661
f 4647 4674 4665
f 4665 4645 4647
f 4651 4675 4674
f 4674 4647 4651
f 4646 4666 4676
f 4676 4648 4646
f 4648 4676 4677
f 4677 4649 4648
f 4649 4677 4678
f 4678 4650 4649
f 4652 4679 4675
f 4675 4651 4652
f 4653 4680 4679
f 4679 4652 4653
f 4654 4681 4680
f 4680 4653 4654
f 4656 4668 4681
f 4681 4654 4656
f 4650 4678 4682
f 4682 4655 4650
f 4658 4683 4667
f 4667 4657 4658
f 4659 4684 4683
f 4683 4658 4659
f 4660 4685 4684
f 4684 4659 4660
f 4664 4686 4685
f 4685 4660 4664
f 4662 4687 4673
f 4673 4661 4662
f 4643 4672 4687
f 4687 4662 4643
f 4655 4682 4688
f 4688 4663 4655
f 4673 4689 4686
f 4686 4664 4673
f 4665 4690 4691
f 4691 4666 4665
f 4674 4692 4690
f 4690 4665 4674
f 4667 4693 4694
f 4694 4668 4667
f 4683 4695 4693
f 4693 4667 4683
f 4663 4688 4696
f 4696 4669 4663
f 4669 4696 4697
f 4697 4670 4669
f 4670 4697 4698
f 4698 4671 4670
f 4671 4698 4699
f 4699 4672 4671
f 4687 4700 4689
f 4689 4673 4687
f 4675 4701 4692
f 4692 4674 4675
f 4679 4702 4701
f 4701 4675 4679
f 4666 4691 4703
f 4703 4676 4666
f 4676 4703 4704
f 4704 4677 4676
f 4677 4704 4705
f 4705 4678 4677
f 4680 4706 4702
f 4702 4679 4680
f 4681 4707 4706
f 4706 4680 4681
f 4668 4694 4707
f 4707 4681 4668
f 4678 4705 4708
f 4708 4682 4678
f 4684 4709 4695
f 4695 4683 4684
f 4685 4710 4709
f 4709 4684 4685
f 4686 4711 4710
f 4710 4685 4686
f 4689 4712 4711
f 4711 4686 4689
f 4672 4699 4700
f 4700 4687 4672
f 4682 4708 4713
f 4713 4688 4682
f 4700 4714 4712
f 4712 4689 4700
f 4691 4690 4692
f 4692 4702 4691
f 4692 4701 4702
f 4707 4694 4693
f 4693 4695 4709
f 4709 4711 4693
f 4688 4713 4715
f 4715 4696 4688
f 4696 4715 4716
f 4716 4697 4696
f 4697 4716 4717
f 4717 4698 4697
f 4698 4717 4718
f 4718 4699 4698
f 4699 4718 4714
f 4714 4700 4699
f 4691 4702 4693
f 4693 4711 4691
f 4702 4706 4707
f 4707 4693 4702
f 4704 4703 4691
f 4708 4705 4704
f 4704 4691 4708
f 4709 4710 4711
f 4711 4712 4714
f 4714 4717 4711
f 4715 4713 4708
f 4708 4717 4715
f 4714 4718 4717
f 4691 4711 4717
f 4717 4708 4691
f 4716 4715 4717
f 1176 1179 1169
f 1169 1171 1176
f 1169 1205 1170
f 1234 1243 1205
f 1169 1188 1205
f 1216 1234 1205
f 1188 1190 1205
f 1199 1216 1205
f 1190 1199 1205
f 1169 1179 1185
f 1185 1188 1169
f 4719 1490 1390
f 1390 1389 4719
f 1335 1336 1340
f 1603 1449 1403
f 1335 1340 1461
f 1603 1403 1572
f 1335 1461 1518
f 1403 1335 1572
f 1335 1518 1572
f 4719 1389 1433
f 1433 1540 4719
f 1448 1449 1561
f 1561 1452 1448
f 1490 4719 1673
f 1946 1675 1541
f 1490 1673 1672
f 1851 1946 1541
f 1490 1672 1768
f 1851 1541 1770
f 1490 1768 1769
f 1541 1769 1770
f 1541 1490 1769
f 1540 1761 4719
f 1935 1937 1759
f 1540 1759 1761
f 1540 1608 1753
f 1940 1938 1935
f 1540 1753 1940
f 1540 1935 1759
f 1540 1940 1935
f 1669 1668 4719
f 1668 1673 4719
f 1603 1602 1561
f 1561 1449 1603
f 1761 1760 4719
f 1669 4719 1764
f 1764 1670 1669
f 1760 1847 4719
f 4719 1847 1848
f 1848 1764 4719
f 1751 1754 1667
f 1781 1780 2231
f 1751 2130 1754
f 1781 2231 2228
f 1751 2028 2130
f 1751 1781 2228
f 1751 2027 2028
f 1751 2228 2230
f 1751 2024 2027
f 1751 2230 2127
f 1751 2127 2024
f 2143 2232 1780
f 1780 1779 2143
f 1780 2232 2231
